{"id":"AG","name":"Antigua and Barbuda","month":"2018-05","access_date":"2018-06-04","data":{"chrome":{"4":0,"5":0,"6":0,"7":0,"8":0,"9":0,"10":0,"11":0,"12":0,"13":0,"14":0,"15":0,"16":0,"17":0,"18":0,"19":0,"20":0,"21":0,"22":0.006441,"23":0,"24":0,"25":0.006441,"26":0.006441,"27":0.025764,"28":0.354255,"29":2.074002,"30":1.719747,"31":0.682746,"32":0.354255,"33":0.006441,"34":0.006441,"35":0.006441,"36":2.022474,"37":3.246264,"38":1.037001,"39":0,"40":0,"41":0.057969,"42":0.006441,"43":0.032205,"44":0.006441,"45":0,"46":0.019323,"47":0.019323,"48":0.019323,"49":0.115938,"50":0,"51":0.109497,"52":0.025764,"53":0.045087,"54":0.180348,"55":0.032205,"56":0.006441,"57":0.012882,"58":0.038646,"59":0.012882,"60":0.032205,"61":0.012882,"62":0.032205,"63":0.057969,"64":0.135261,"65":0.798684,"66":9.500475,"67":0.096615,"68":0.038646,"69":0},"firefox":{"2":0.006441,"3":0,"3.5":0.025764,"3.6":0.045087,"4":0,"5":0,"6":0,"7":0.025764,"8":0,"9":0,"10":0,"11":0,"12":0,"13":0,"14":0,"15":0,"16":0,"17":0.006441,"18":0,"19":0,"20":0,"21":0.038646,"22":0.019323,"23":0.012882,"24":0.006441,"25":0.012882,"26":0.019323,"27":0,"28":0,"29":0.656982,"30":0,"31":0.347814,"32":0,"33":0,"34":1.397697,"35":0,"36":0,"37":0.019323,"38":0,"39":0,"40":0,"41":0,"42":0,"43":0,"44":0.019323,"45":0.032205,"46":0,"47":0.199671,"48":0.006441,"49":0.006441,"50":0.006441,"51":0.006441,"52":0.045087,"53":0.006441,"54":0.006441,"55":0.025764,"56":0.012882,"57":0.019323,"58":0.012882,"59":0.760038,"60":0.702069,"61":0.032205,"62":0},"opera":{"9":0,"9.5-9.6":0,"10.0-10.1":0,"10.5":0,"10.6":0,"11":0,"11.1":0,"11.5":0,"11.6":0.006441,"12":0.006441,"12.1":0.012882,"15":0,"16":0,"17":0.006441,"18":0,"19":0,"20":0,"21":0,"22":0,"23":0,"24":0,"25":0,"26":0,"27":0,"28":0.032205,"29":0.006441,"30":0,"31":0,"32":0.012882,"33":0,"34":0,"35":0,"36":0,"37":0.006441,"38":0.238317,"39":0.012882,"40":0.077292,"41":0,"42":0,"43":0.006441,"44":0,"45":0.006441,"46":0.006441,"47":0,"48":0,"49":0,"50":0,"51":0,"52":0.096615,"53":0.019323},"safari":{"3.1":0,"3.2":0,"4":0,"5":0.045087,"5.1":0.006441,"6":0,"6.1":0.012882,"7":0.006441,"7.1":0,"8":0.019323,"9":0.006441,"9.1":0.077292,"10":0.032205,"10.1":0.25764,"11":0.141702,"11.1":0.798684,"0":null},"ios_saf":{"3.2":0.00142201449275,"4.0-4.1":0,"4.2-4.3":0.00284402898551,"5.0-5.1":0.0227522318841,"6.0-6.1":0.0142201449275,"7.0-7.1":0.0597246086957,"8":0.0142201449275,"8.1-8.4":0.100963028986,"9.0-9.2":0.0796328115942,"9.3":0.492017014493,"10.0-10.2":0.456466652174,"10.3":1.04375863768,"11.0-11.2":3.10567965217,"11.3":8.73543502899},"android":{"2.1":0,"2.2":0,"2.3":0,"3":0,"4":0,"4.1":0.139414091938,"4.2-4.3":0.319632308345,"4.4":1.20712201556,"4.4.3-4.4.4":0.737874584158,"66":null},"op_mob":{"10":null,"11":null,"11.1":null,"11.5":null,"12":null,"12.1":null,"0":null},"ie":{"5.5":0,"6":0.0193607034146,"7":0.141978491707,"8":1.61339195122,"9":0.354946229268,"10":0.52919256,"11":3.94312992878},"edge":{"12":0.057969,"13":0.057969,"14":0.264081,"15":0.090174,"16":1.320405,"17":0.354255,"18":null},"samsung":{"4":0.618511369628,"5":0.136282166189,"6.2":2.6103276447},"bb":{"7":0.0085416,"10":0.0341664},"ie_mob":{"10":0.078298,"11":0.156596},"and_uc":{"0":0.224217},"op_mini":{"0":0.360529146048},"and_chr":{"0":37.03687},"baidu":{"0":null},"and_ff":{"0":0.174391},"and_qq":{"1.2":null}},"total":96.218542191}