{"id":"AI","name":"Anguilla","month":"2018-05","access_date":"2018-06-04","data":{"chrome":{"4":0,"5":0,"6":0,"7":0,"8":0,"9":0,"10":0,"11":0,"12":0,"13":0,"14":0,"15":0,"16":0,"17":0,"18":0,"19":0,"20":0,"21":0,"22":0.02348,"23":0,"24":0,"25":0,"26":0.01174,"27":0,"28":0,"29":0,"30":0,"31":0,"32":0,"33":0,"34":0,"35":0,"36":0,"37":0,"38":0,"39":0.07044,"40":0.01174,"41":0,"42":0,"43":0.02348,"44":0,"45":0,"46":0,"47":0,"48":0,"49":0.59874,"50":0.00587,"51":0.00587,"52":0,"53":0,"54":0,"55":0,"56":0,"57":0,"58":0.05283,"59":0.00587,"60":0.01761,"61":0.00587,"62":0.05283,"63":0.07631,"64":0.09979,"65":1.37358,"66":15.05655,"67":0.29937,"68":0.01761,"69":0},"firefox":{"2":0,"3":0,"3.5":0,"3.6":0,"4":0,"5":0,"6":0,"7":0,"8":0,"9":0,"10":0,"11":0,"12":0,"13":0,"14":0,"15":0,"16":0,"17":0,"18":0,"19":0,"20":0,"21":0,"22":0,"23":0,"24":0,"25":0,"26":0,"27":0,"28":0,"29":0,"30":0,"31":0,"32":0,"33":0,"34":0,"35":0,"36":0,"37":0,"38":0,"39":0,"40":0,"41":0,"42":0,"43":0,"44":0,"45":0,"46":0,"47":0,"48":0.00587,"49":0.28763,"50":0,"51":0,"52":0.08218,"53":0,"54":0,"55":0,"56":0.00587,"57":0.11153,"58":0.01761,"59":1.81383,"60":0.78071,"61":0.00587,"62":0},"opera":{"9":0,"9.5-9.6":0,"10.0-10.1":0,"10.5":0,"10.6":0,"11":0,"11.1":0,"11.5":0,"11.6":0,"12":0,"12.1":0,"15":0,"16":0,"17":0,"18":0,"19":0,"20":0,"21":0,"22":0,"23":0,"24":0,"25":0,"26":0,"27":0,"28":0,"29":0,"30":0,"31":0,"32":0,"33":0,"34":0,"35":0,"36":0,"37":0,"38":0,"39":0,"40":0,"41":0,"42":0,"43":0.00587,"44":0,"45":0,"46":0,"47":0,"48":0,"49":0,"50":0,"51":0.00587,"52":0.13501,"53":0.03522},"safari":{"3.1":0,"3.2":0,"4":0,"5":0.0587,"5.1":0,"6":0,"6.1":0,"7":0,"7.1":0,"8":0.00587,"9":0.00587,"9.1":0.12914,"10":0.00587,"10.1":0.30524,"11":0.17023,"11.1":1.8784,"0":null},"ios_saf":{"3.2":0.00202295088567,"4.0-4.1":0,"4.2-4.3":0.00404590177134,"5.0-5.1":0.0323672141707,"6.0-6.1":0.0202295088567,"7.0-7.1":0.0849639371981,"8":0.0202295088567,"8.1-8.4":0.143629512882,"9.0-9.2":0.113285249597,"9.3":0.699941006441,"10.0-10.2":0.6493672343,"10.3":1.48484595008,"11.0-11.2":4.4181247343,"11.3":12.4269872907},"android":{"2.1":0,"2.2":0,"2.3":0,"3":0,"4":0,"4.1":0.0921699717115,"4.2-4.3":0.211316520509,"4.4":0.798057072136,"4.4.3-4.4.4":0.487826435644,"66":null},"op_mob":{"10":null,"11":null,"11.1":null,"11.5":null,"12":null,"12.1":null,"0":null},"ie":{"5.5":0,"6":0,"7":0,"8":0.01174,"9":0.09392,"10":0.02935,"11":2.42431},"edge":{"12":0.04109,"13":0.03522,"14":0.12327,"15":0.14088,"16":2.44192,"17":0.75136,"18":null},"samsung":{"4":0.707141818182,"5":0.132589090909,"6.2":3.62410181818},"bb":{"7":0.009086,"10":0.036344},"ie_mob":{"10":0.0225272727273,"11":0.101372727273},"and_uc":{"0":0.23541},"op_mini":{"0":0.0782003436426},"and_chr":{"0":39.4546},"baidu":{"0":null},"and_ff":{"0":0.01652},"and_qq":{"1.2":null}},"total":95.8623330709}