{"id":"AL","name":"Albania","month":"2018-05","access_date":"2018-06-04","data":{"chrome":{"4":0,"5":0,"6":0,"7":0,"8":0,"9":0,"10":0,"11":0.004501,"12":0,"13":0,"14":0,"15":0,"16":0,"17":0,"18":0.009002,"19":0,"20":0,"21":0,"22":0.022505,"23":0,"24":0,"25":0,"26":0.004501,"27":0,"28":0.004501,"29":0.166537,"30":0.004501,"31":0.004501,"32":0,"33":0.004501,"34":0.018004,"35":0,"36":0.009002,"37":0.009002,"38":0.022505,"39":0.004501,"40":0.009002,"41":0.004501,"42":0.004501,"43":0.009002,"44":0.004501,"45":0.009002,"46":0.009002,"47":0.009002,"48":0.009002,"49":1.156757,"50":0.009002,"51":0.004501,"52":0.009002,"53":0.004501,"54":0.027006,"55":0.031507,"56":0.058513,"57":0.022505,"58":0.09002,"59":0.09002,"60":0.081018,"61":0.112525,"62":0.126028,"63":0.189042,"64":0.184541,"65":0.760669,"66":12.544287,"67":0.103523,"68":0.022505,"69":0},"firefox":{"2":0,"3":0,"3.5":0,"3.6":0.009002,"4":0,"5":0,"6":0,"7":0.013503,"8":0,"9":0,"10":0,"11":0,"12":0,"13":0,"14":0,"15":0.004501,"16":0.004501,"17":0,"18":0,"19":0.004501,"20":0,"21":0,"22":0.004501,"23":0,"24":0.004501,"25":0,"26":0,"27":0,"28":0,"29":0.004501,"30":0,"31":0,"32":0,"33":0.004501,"34":0.009002,"35":0.004501,"36":0.018004,"37":0,"38":0,"39":0,"40":0.018004,"41":0.013503,"42":0,"43":0.022505,"44":0.009002,"45":0.004501,"46":0.004501,"47":0.049511,"48":0.054012,"49":0.009002,"50":0.013503,"51":0.004501,"52":0.234052,"53":0.009002,"54":0.013503,"55":0.013503,"56":0.036008,"57":0.063014,"58":0.040509,"59":0.706657,"60":0.58513,"61":0.013503,"62":0},"opera":{"9":0,"9.5-9.6":0,"10.0-10.1":0,"10.5":0,"10.6":0,"11":0,"11.1":0,"11.5":0,"11.6":0,"12":0,"12.1":0,"15":0,"16":0,"17":0,"18":0,"19":0,"20":0,"21":0,"22":0,"23":0,"24":0,"25":0,"26":0,"27":0,"28":0,"29":0,"30":0,"31":0.004501,"32":0,"33":0,"34":0,"35":0,"36":0.013503,"37":0,"38":0,"39":0,"40":0.004501,"41":0,"42":0,"43":0.004501,"44":0.004501,"45":0.004501,"46":0.004501,"47":0,"48":0.009002,"49":0.009002,"50":0.009002,"51":0.013503,"52":0.247555,"53":0.04501},"safari":{"3.1":0,"3.2":0,"4":0,"5":0.004501,"5.1":0,"6":0.004501,"6.1":0,"7":0.004501,"7.1":0,"8":0.009002,"9":0.009002,"9.1":0.013503,"10":0.009002,"10.1":0.022505,"11":0.036008,"11.1":0.121527,"0":null},"ios_saf":{"3.2":0.00248770148953,"4.0-4.1":0,"4.2-4.3":0.00497540297907,"5.0-5.1":0.0398032238325,"6.0-6.1":0.0248770148953,"7.0-7.1":0.10448346256,"8":0.0248770148953,"8.1-8.4":0.176626805757,"9.0-9.2":0.139311283414,"9.3":0.860744715378,"10.0-10.2":0.79855217814,"10.3":1.82597289332,"11.0-11.2":5.43314005314,"11.3":15.2819502502},"android":{"2.1":0,"2.2":0,"2.3":0,"3":0,"4":0,"4.1":0.14874301273,"4.2-4.3":0.341020565771,"4.4":1.28789681754,"4.4.3-4.4.4":0.78724960396,"66":null},"op_mob":{"10":null,"11":null,"11.1":null,"11.5":null,"12":null,"12.1":null,"0":null},"ie":{"5.5":0,"6":0.00454083185841,"7":0.00454083185841,"8":0.131684123894,"9":0.0408674867257,"10":0.0181633274336,"11":0.31331739823},"edge":{"12":0.009002,"13":0.009002,"14":0.027006,"15":0.027006,"16":0.220549,"17":0.054012,"18":null},"samsung":{"4":0.973572954545,"5":0.153722045455,"6.2":1.66019809091},"bb":{"7":0.0131976,"10":0.0527904},"ie_mob":{"10":0.0591559090909,"11":0.331273090909},"and_uc":{"0":0.170469},"op_mini":{"0":0.343602463918},"and_chr":{"0":47.084775},"baidu":{"0":null},"and_ff":{"0":0.049491},"and_qq":{"1.2":null}},"total":97.6282815548}