{"id":"oc","name":"Oceania","month":"2017-12","access_date":"2018-01-03","data":{"chrome":{"4":null,"5":null,"6":null,"7":null,"8":null,"9":null,"10":null,"11":0.009834,"12":null,"13":null,"14":null,"15":null,"16":null,"17":null,"18":null,"19":null,"20":null,"21":null,"22":0.009834,"23":null,"24":null,"25":null,"26":0.009834,"27":null,"28":null,"29":0.009834,"30":null,"31":0.009834,"32":0.004917,"33":0.009834,"34":0.024585,"35":0.004917,"36":0.004917,"37":0.004917,"38":0.044253,"39":0.019668,"40":0.019668,"41":0.009834,"42":0.009834,"43":0.019668,"44":0.019668,"45":0.034419,"46":0.019668,"47":0.034419,"48":0.024585,"49":0.604791,"50":0.039336,"51":0.044253,"52":0.044253,"53":0.039336,"54":0.088506,"55":0.821139,"56":0.270435,"57":0.240933,"58":0.368775,"59":0.304854,"60":0.447447,"61":0.948981,"62":12.828453,"63":12.946461,"64":0.059004,"65":0.019668,"66":null},"firefox":{"2":null,"3":null,"3.5":0.009834,"3.6":null,"4":null,"5":null,"6":null,"7":null,"8":null,"9":null,"10":null,"11":null,"12":null,"13":null,"14":null,"15":null,"16":null,"17":null,"18":null,"19":null,"20":null,"21":null,"22":null,"23":null,"24":null,"25":null,"26":null,"27":null,"28":null,"29":null,"30":null,"31":null,"32":null,"33":null,"34":0.004917,"35":null,"36":null,"37":null,"38":0.009834,"39":0.004917,"40":0.004917,"41":0.009834,"42":0.004917,"43":0.014751,"44":0.009834,"45":0.068838,"46":0.004917,"47":0.04917,"48":0.078672,"49":0.014751,"50":0.034419,"51":0.014751,"52":0.275352,"53":0.024585,"54":0.039336,"55":0.034419,"56":0.157344,"57":3.668082,"58":0.063921,"59":null,"60":null},"opera":{"9":null,"9.5-9.6":null,"10.0-10.1":0,"10.5":null,"10.6":null,"11":null,"11.1":null,"11.5":null,"11.6":null,"12":null,"12.1":0.009834,"15":null,"16":null,"17":null,"18":null,"19":null,"20":null,"21":null,"22":null,"23":null,"24":null,"25":null,"26":null,"27":null,"28":null,"29":null,"30":null,"31":null,"32":null,"33":null,"34":null,"35":null,"36":0.009834,"37":null,"38":null,"39":null,"40":null,"41":null,"42":null,"43":null,"44":null,"45":null,"46":null,"47":null,"48":0.009834,"49":0.334356,"50":null},"safari":{"3.1":null,"3.2":null,"4":0,"5":0.014751,"5.1":0.039336,"6":0.004917,"6.1":0.029502,"7":0.014751,"7.1":null,"8":0.083589,"9":0.103257,"9.1":0.452364,"10":0.324522,"10.1":1.037487,"11":2.709267,"0":null},"ios_saf":{"3.2":0.00253767643822,"4.0-4.1":0.00253767643822,"4.2-4.3":0.0609042345173,"5.0-5.1":0.058366558079,"6.0-6.1":0.0431404994497,"7.0-7.1":0.175099674237,"8":0.0482158523262,"8.1-8.4":0.284219761081,"9.0-9.2":0.205551791496,"9.3":1.23077307254,"10.0-10.2":1.57843474457,"10.3":3.74307274637,"11.0-11.2":17.9312217125},"android":{"2.1":0,"2.2":0,"2.3":0,"3":0,"4":0,"4.1":0.0384124444444,"4.2-4.3":0.11154382906,"4.4":0.344234598291,"4.4.3-4.4.4":0.197233128205,"62":null},"op_mob":{"10":null,"11":null,"11.1":null,"11.5":null,"12":null,"12.1":null,"0":null},"ie":{"5.5":null,"6":null,"7":null,"8":0.0763581176471,"9":0.106901364706,"10":0.0814486588235,"11":4.06225185882},"edge":{"12":0.029502,"13":0.083589,"14":0.511368,"15":1.401345,"16":1.362009,"17":null},"samsung":{"4":0.652023,"5":0.377487,"6.2":2.081898},"ie_mob":{"10":0.0132184,"11":0.1189656},"bb":{"7":0.0030504,"10":0.0122016},"and_uc":{"0":1.276084},"op_mini":{"0":0.813431264605},"and_chr":{"0":19.220247},"baidu":{"0":null},"and_ff":{"0":0.244032},"and_qq":{"1.2":null}},"total":98.8383902646}