{"id":"as","name":"Asia","month":"2017-12","access_date":"2018-01-03","data":{"chrome":{"4":null,"5":null,"6":null,"7":null,"8":null,"9":null,"10":0.003126,"11":0.021882,"12":0.003126,"13":null,"14":null,"15":null,"16":null,"17":0.006252,"18":0.006252,"19":0.006252,"20":0.006252,"21":0.009378,"22":0.028134,"23":0.006252,"24":0.012504,"25":0.006252,"26":0.01563,"27":0.009378,"28":0.012504,"29":0.034386,"30":0.01563,"31":0.040638,"32":0.009378,"33":0.025008,"34":0.025008,"35":0.009378,"36":0.006252,"37":0.006252,"38":0.028134,"39":0.012504,"40":0.025008,"41":0.006252,"42":0.012504,"43":0.081276,"44":0.01563,"45":0.050016,"46":0.021882,"47":0.106284,"48":0.050016,"49":0.756492,"50":0.04689,"51":0.04689,"52":0.018756,"53":0.028134,"54":0.040638,"55":0.59394,"56":0.131292,"57":0.150048,"58":0.190686,"59":0.134418,"60":0.184434,"61":0.331356,"62":7.414872,"63":10.365816,"64":0.065646,"65":0.025008,"66":null},"firefox":{"2":0.003126,"3":0.006252,"3.5":null,"3.6":0.006252,"4":0.006252,"5":null,"6":null,"7":null,"8":0.012504,"9":null,"10":0.003126,"11":0.003126,"12":0.006252,"13":null,"14":0.003126,"15":0.006252,"16":0.003126,"17":0.003126,"18":0.009378,"19":null,"20":null,"21":0.006252,"22":null,"23":0.006252,"24":0.003126,"25":0.009378,"26":0.003126,"27":0.003126,"28":0.003126,"29":0.006252,"30":0.006252,"31":0.006252,"32":0.006252,"33":0.006252,"34":0.006252,"35":0.009378,"36":0.009378,"37":0.009378,"38":0.01563,"39":0.009378,"40":0.012504,"41":0.009378,"42":0.009378,"43":0.040638,"44":0.028134,"45":0.021882,"46":0.009378,"47":0.06252,"48":0.059394,"49":0.025008,"50":0.021882,"51":0.018756,"52":0.206316,"53":0.025008,"54":0.03126,"55":0.037512,"56":0.118788,"57":1.950624,"58":0.168804,"59":null,"60":null},"opera":{"9":null,"9.5-9.6":null,"10.0-10.1":0,"10.5":null,"10.6":null,"11":null,"11.1":null,"11.5":null,"11.6":null,"12":null,"12.1":0.009378,"15":null,"16":null,"17":null,"18":null,"19":null,"20":null,"21":null,"22":null,"23":null,"24":null,"25":null,"26":null,"27":null,"28":null,"29":null,"30":null,"31":0.006252,"32":null,"33":null,"34":null,"35":null,"36":0.009378,"37":null,"38":null,"39":null,"40":null,"41":null,"42":null,"43":0.006252,"44":null,"45":null,"46":0.003126,"47":0.006252,"48":0.012504,"49":0.43764,"50":null},"safari":{"3.1":null,"3.2":null,"4":0,"5":0.006252,"5.1":0.221946,"6":null,"6.1":0.006252,"7":0.01563,"7.1":null,"8":0.021882,"9":0.018756,"9.1":0.075024,"10":0.053142,"10.1":0.143796,"11":0.42201,"0":null},"ios_saf":{"3.2":0.000627131165583,"4.0-4.1":0.000627131165583,"4.2-4.3":0.015051147974,"5.0-5.1":0.0144240168084,"6.0-6.1":0.0106612298149,"7.0-7.1":0.0432720504252,"8":0.0119154921461,"8.1-8.4":0.0702386905453,"9.0-9.2":0.0507976244122,"9.3":0.304158615308,"10.0-10.2":0.390075584992,"10.3":0.925018469235,"11.0-11.2":4.43130881601},"android":{"2.1":0,"2.2":0,"2.3":0,"3":0,"4":0,"4.1":0.1042405,"4.2-4.3":0.302698375,"4.4":0.93415525,"4.4.3-4.4.4":0.535234875,"62":null},"op_mob":{"10":null,"11":null,"11.1":null,"11.5":null,"12":null,"12.1":null,"0":null},"ie":{"5.5":null,"6":0.0131565359661,"7":0.00986740197461,"8":0.236817647391,"9":0.131565359661,"10":0.118408823695,"11":1.82218023131},"edge":{"12":0.021882,"13":0.034386,"14":0.10941,"15":0.256332,"16":0.243828,"17":null},"samsung":{"4":1.64963682153,"5":0.458232450425,"6.2":1.48670972805},"ie_mob":{"10":0.0329904,"11":0.1869456},"bb":{"7":0.0192444,"10":0.0769776},"and_uc":{"0":17.553642},"op_mini":{"0":4.45072806186},"and_chr":{"0":33.43947},"baidu":{"0":null},"and_ff":{"0":0.694173},"and_qq":{"1.2":null}},"total":96.9805890619}