{"id":"eu","name":"Europe","month":"2018-02","access_date":"2018-03-03","data":{"chrome":{"4":null,"5":null,"6":null,"7":null,"8":null,"9":null,"10":null,"11":0.011434,"12":null,"13":null,"14":null,"15":null,"16":0.011434,"17":null,"18":0.028585,"19":null,"20":null,"21":null,"22":0.022868,"23":null,"24":null,"25":null,"26":0.011434,"27":null,"28":null,"29":0.377322,"30":null,"31":0.011434,"32":0.005717,"33":0.005717,"34":0.028585,"35":0.011434,"36":0.011434,"37":0.011434,"38":0.051453,"39":0.034302,"40":0.017151,"41":0.022868,"42":0.062887,"43":0.028585,"44":0.011434,"45":0.017151,"46":0.028585,"47":0.022868,"48":0.028585,"49":1.160551,"50":0.022868,"51":0.068604,"52":0.028585,"53":0.034302,"54":0.182944,"55":0.131491,"56":0.108623,"57":0.131491,"58":0.160076,"59":0.125774,"60":0.154359,"61":0.240114,"62":0.240114,"63":14.898502,"64":13.520705,"65":0.051453,"66":0.028585,"67":null},"firefox":{"2":null,"3":null,"3.5":null,"3.6":0.022868,"4":0.011434,"5":0.005717,"6":0.005717,"7":null,"8":null,"9":null,"10":null,"11":null,"12":0.005717,"13":null,"14":null,"15":null,"16":0.005717,"17":null,"18":null,"19":null,"20":null,"21":null,"22":null,"23":null,"24":0.005717,"25":null,"26":null,"27":null,"28":null,"29":0.005717,"30":null,"31":0.011434,"32":0.011434,"33":0.005717,"34":0.005717,"35":0.005717,"36":0.011434,"37":0.017151,"38":0.062887,"39":0.011434,"40":0.017151,"41":0.040019,"42":0.017151,"43":0.028585,"44":0.011434,"45":0.068604,"46":0.011434,"47":0.051453,"48":0.291567,"49":0.028585,"50":0.045736,"51":0.194378,"52":0.846116,"53":0.045736,"54":0.051453,"55":0.062887,"56":0.303001,"57":0.423058,"58":6.500229,"59":0.068604,"60":null,"61":null},"opera":{"9":null,"9.5-9.6":null,"10.0-10.1":0,"10.5":null,"10.6":null,"11":null,"11.1":null,"11.5":null,"11.6":null,"12":0.011434,"12.1":0.160076,"15":null,"16":null,"17":null,"18":null,"19":null,"20":null,"21":null,"22":null,"23":null,"24":null,"25":null,"26":null,"27":null,"28":null,"29":null,"30":null,"31":0.011434,"32":null,"33":null,"34":null,"35":null,"36":0.074321,"37":null,"38":null,"39":null,"40":null,"41":null,"42":0.005717,"43":0.005717,"44":null,"45":0.017151,"46":0.011434,"47":0.005717,"48":0.017151,"49":0.045736,"50":1.412099,"51":0.508813,"52":0.011434},"safari":{"3.1":null,"3.2":null,"4":0,"5":0.017151,"5.1":0.051453,"6":null,"6.1":0.028585,"7":0.011434,"7.1":null,"8":0.045736,"9":0.051453,"9.1":0.268699,"10":0.148642,"10.1":0.491662,"11":2.566933,"11.1":0.017151,"0":null},"ios_saf":{"3.2":0.00116945443633,"4.0-4.1":0,"4.2-4.3":0.010525089927,"5.0-5.1":0.017541816545,"6.0-6.1":0.010525089927,"7.0-7.1":0.0514559951986,"8":0.0257279975993,"8.1-8.4":0.0982341726518,"9.0-9.2":0.0830312649795,"9.3":0.460765047914,"10.0-10.2":0.597591216965,"10.3":1.30628060538,"11.0-11.2":9.02818824847,"11.3":null},"android":{"2.1":0,"2.2":0,"2.3":0,"3":0,"4":0,"4.1":0.0443265764967,"4.2-4.3":0.128633986696,"4.4":0.37807962306,"4.4.3-4.4.4":0.232931813747,"62":null},"op_mob":{"10":null,"11":null,"11.1":null,"11.5":null,"12":null,"12.1":null,"0":null},"ie":{"5.5":null,"6":0.0114948191489,"7":0.0172422287234,"8":0.149432648936,"9":0.10345337234,"10":0.178169696809,"11":3.86225923404},"edge":{"12":0.028585,"13":0.051453,"14":0.165793,"15":0.325869,"16":2.441159,"17":0.011434},"samsung":{"4":0.616117090909,"5":0.220041818182,"6.2":2.55248509091},"ie_mob":{"10":0.0355901538462,"11":0.272857846154},"bb":{"7":0.0068544,"10":0.0274176},"and_uc":{"0":0.424116},"op_mini":{"0":0.397469814433},"and_chr":{"0":25.953117},"baidu":{"0":null},"and_ff":{"0":0.248472},"and_qq":{"1.2":null}},"total":98.0555768144}