{"id":"sa","name":"South America","month":"2018-02","access_date":"2018-03-04","data":{"chrome":{"4":null,"5":null,"6":null,"7":null,"8":null,"9":null,"10":null,"11":null,"12":null,"13":null,"14":null,"15":null,"16":null,"17":null,"18":0.012372,"19":null,"20":null,"21":null,"22":0.03093,"23":null,"24":null,"25":null,"26":0.018558,"27":null,"28":null,"29":0.117534,"30":null,"31":0.006186,"32":0.012372,"33":null,"34":0.024744,"35":0.012372,"36":0.03093,"37":0.012372,"38":0.06186,"39":0.012372,"40":0.012372,"41":null,"42":0.006186,"43":0.043302,"44":0.018558,"45":0.018558,"46":0.024744,"47":0.03093,"48":0.024744,"49":1.540314,"50":0.024744,"51":0.080418,"52":0.024744,"53":0.024744,"54":0.055674,"55":0.086604,"56":0.129906,"57":0.117534,"58":0.346416,"59":0.160836,"60":0.21651,"61":0.265998,"62":0.290742,"63":23.78517,"64":22.739736,"65":0.086604,"66":0.03093,"67":null},"firefox":{"2":null,"3":null,"3.5":null,"3.6":0.012372,"4":null,"5":null,"6":null,"7":null,"8":0.012372,"9":null,"10":null,"11":null,"12":null,"13":null,"14":null,"15":null,"16":null,"17":null,"18":null,"19":null,"20":null,"21":null,"22":null,"23":null,"24":null,"25":null,"26":null,"27":0.018558,"28":null,"29":null,"30":null,"31":0.006186,"32":null,"33":null,"34":null,"35":null,"36":null,"37":0.006186,"38":0.018558,"39":0.006186,"40":0.006186,"41":0.006186,"42":null,"43":0.03093,"44":null,"45":0.043302,"46":0.006186,"47":0.049488,"48":0.12372,"49":0.018558,"50":0.03093,"51":0.024744,"52":0.488694,"53":0.03093,"54":0.049488,"55":0.043302,"56":0.074232,"57":0.210324,"58":3.550764,"59":0.043302,"60":null,"61":null},"opera":{"9":null,"9.5-9.6":null,"10.0-10.1":0,"10.5":null,"10.6":null,"11":null,"11.1":null,"11.5":null,"11.6":null,"12":null,"12.1":null,"15":null,"16":null,"17":null,"18":null,"19":null,"20":null,"21":null,"22":null,"23":null,"24":null,"25":null,"26":null,"27":null,"28":null,"29":null,"30":null,"31":null,"32":null,"33":null,"34":null,"35":null,"36":0.191766,"37":null,"38":null,"39":null,"40":null,"41":null,"42":null,"43":null,"44":null,"45":0.006186,"46":null,"47":0.006186,"48":0.012372,"49":0.012372,"50":0.637158,"51":0.222696,"52":null},"safari":{"3.1":null,"3.2":null,"4":0,"5":null,"5.1":0.006186,"6":null,"6.1":null,"7":null,"7.1":null,"8":0.024744,"9":0.024744,"9.1":0.12372,"10":0.074232,"10.1":0.228882,"11":0.983574,"11.1":null,"0":null},"ios_saf":{"3.2":0.000311697309193,"4.0-4.1":0,"4.2-4.3":0.00280527578273,"5.0-5.1":0.00467545963789,"6.0-6.1":0.00280527578273,"7.0-7.1":0.0137146816045,"8":0.00685734080224,"8.1-8.4":0.0261825739722,"9.0-9.2":0.0221305089527,"9.3":0.122808739822,"10.0-10.2":0.159277324997,"10.3":0.348165894368,"11.0-11.2":2.40630322697,"11.3":null},"android":{"2.1":0,"2.2":0,"2.3":0,"3":0,"4":0,"4.1":0.0625377605322,"4.2-4.3":0.181482128603,"4.4":0.533410310421,"4.4.3-4.4.4":0.328629800443,"62":null},"ie":{"5.5":null,"6":0.0124725853659,"7":0.0187088780488,"8":0.243215414634,"9":0.0748355121951,"10":0.0748355121951,"11":1.11006009756},"op_mob":{"10":null,"11":null,"11.1":null,"11.5":null,"12":null,"12.1":null,"0":null},"edge":{"12":0.018558,"13":0.03093,"14":0.074232,"15":0.148464,"16":0.686646,"17":null},"samsung":{"4":0.747544,"5":0.103825555556,"6.2":1.01749044444},"ie_mob":{"10":0.0439518095238,"11":0.417542190476},"bb":{"7":0.0068652,"10":0.0274608},"and_qq":{"1.2":null},"and_uc":{"0":0.469122},"op_mini":{"0":0.711337213058},"and_chr":{"0":30.559012},"baidu":{"0":null},"and_ff":{"0":0.09535}},"total":98.9206792131}