{"id":"na","name":"North America","month":"2018-02","access_date":"2018-03-04","data":{"chrome":{"4":null,"5":null,"6":null,"7":null,"8":null,"9":null,"10":null,"11":null,"12":null,"13":null,"14":null,"15":null,"16":null,"17":null,"18":0.016086,"19":null,"20":null,"21":null,"22":0.010724,"23":null,"24":null,"25":0.010724,"26":null,"27":null,"28":null,"29":0.487942,"30":null,"31":0.005362,"32":0.005362,"33":0.005362,"34":0.016086,"35":null,"36":0.010724,"37":0.016086,"38":0.021448,"39":0.032172,"40":0.021448,"41":0.021448,"42":0.010724,"43":0.02681,"44":0.021448,"45":0.010724,"46":0.021448,"47":0.02681,"48":0.02681,"49":0.584458,"50":0.02681,"51":0.069706,"52":0.123326,"53":0.032172,"54":0.075068,"55":0.150136,"56":0.128688,"57":0.128688,"58":0.219842,"59":0.29491,"60":0.34853,"61":0.638078,"62":0.530838,"63":19.153064,"64":11.329906,"65":0.048258,"66":0.021448,"67":null},"firefox":{"2":null,"3":0.005362,"3.5":null,"3.6":0.010724,"4":null,"5":null,"6":null,"7":null,"8":null,"9":null,"10":null,"11":0.005362,"12":null,"13":null,"14":null,"15":null,"16":0.005362,"17":0.005362,"18":null,"19":null,"20":null,"21":null,"22":null,"23":null,"24":null,"25":null,"26":null,"27":null,"28":0.005362,"29":null,"30":null,"31":0.010724,"32":null,"33":0.005362,"34":0.02681,"35":0.010724,"36":0.010724,"37":null,"38":0.069706,"39":0.005362,"40":0.005362,"41":0.016086,"42":null,"43":0.016086,"44":0.005362,"45":0.032172,"46":0.010724,"47":0.032172,"48":0.171584,"49":0.042896,"50":0.069706,"51":0.064344,"52":0.396788,"53":0.02681,"54":0.058982,"55":0.058982,"56":0.08043,"57":0.310996,"58":3.19039,"59":0.032172,"60":null,"61":null},"opera":{"9":null,"9.5-9.6":null,"10.0-10.1":0,"10.5":null,"10.6":null,"11":null,"11.1":null,"11.5":null,"11.6":null,"12":null,"12.1":0.005362,"15":null,"16":null,"17":null,"18":null,"19":null,"20":null,"21":null,"22":null,"23":null,"24":null,"25":null,"26":null,"27":null,"28":null,"29":null,"30":null,"31":null,"32":null,"33":null,"34":null,"35":null,"36":0.010724,"37":null,"38":null,"39":null,"40":null,"41":null,"42":null,"43":null,"44":null,"45":0.005362,"46":0.010724,"47":null,"48":null,"49":0.010724,"50":0.284186,"51":0.075068,"52":null},"safari":{"3.1":null,"3.2":null,"4":0.005362,"5":0.021448,"5.1":0.042896,"6":null,"6.1":0.021448,"7":0.010724,"7.1":null,"8":0.05362,"9":0.064344,"9.1":0.343168,"10":0.2681,"10.1":0.664888,"11":2.943738,"11.1":0.016086,"0":null},"ios_saf":{"3.2":0.0021791223367,"4.0-4.1":0,"4.2-4.3":0.0196121010303,"5.0-5.1":0.0326868350505,"6.0-6.1":0.0196121010303,"7.0-7.1":0.0958813828148,"8":0.0479406914074,"8.1-8.4":0.183046276283,"9.0-9.2":0.154717685906,"9.3":0.85857420066,"10.0-10.2":1.11353151405,"10.3":2.4340796501,"11.0-11.2":16.8228244393,"11.3":null},"android":{"2.1":0,"2.2":0,"2.3":0,"3":0,"4":0,"4.1":0.0293705720621,"4.2-4.3":0.085232248337,"4.4":0.250513702882,"4.4.3-4.4.4":0.154339476718,"62":null},"ie":{"5.5":null,"6":0.010844494382,"7":0.00542224719101,"8":0.189778651685,"9":0.178934157303,"10":0.130133932584,"11":4.31068651685},"op_mob":{"10":null,"11":null,"11.1":null,"11.5":null,"12":null,"12.1":null,"0":null},"edge":{"12":0.02681,"13":0.042896,"14":0.193032,"15":0.37534,"16":2.62738,"17":0.048258},"samsung":{"4":0.364856,"5":0.154787393939,"6.2":1.66949260606},"ie_mob":{"10":null,"11":0.088122},"bb":{"7":0.009276,"10":0.037104},"and_qq":{"1.2":null},"and_uc":{"0":0.380316},"op_mini":{"0":0.272239443299},"and_chr":{"0":21.176906},"baidu":{"0":null},"and_ff":{"0":0.213348}},"total":99.1967414433}