{"id":"af","name":"Africa","month":"2018-02","access_date":"2018-03-04","data":{"chrome":{"4":null,"5":null,"6":null,"7":null,"8":null,"9":null,"10":null,"11":0.017845,"12":null,"13":null,"14":null,"15":null,"16":0.003569,"17":0.003569,"18":0.007138,"19":0.032121,"20":0.003569,"21":0.010707,"22":0.010707,"23":0.014276,"24":0.092794,"25":0.007138,"26":0.021414,"27":0.010707,"28":0.010707,"29":0.346193,"30":0.039259,"31":0.021414,"32":0.014276,"33":0.067811,"34":0.014276,"35":0.064242,"36":0.017845,"37":0.010707,"38":0.021414,"39":0.024983,"40":0.028552,"41":0.007138,"42":0.007138,"43":0.578178,"44":0.017845,"45":0.017845,"46":0.021414,"47":0.028552,"48":0.028552,"49":0.863698,"50":0.028552,"51":0.039259,"52":0.017845,"53":0.021414,"54":0.053535,"55":0.124915,"56":0.171312,"57":0.171312,"58":0.17845,"59":0.089225,"60":0.192726,"61":0.14276,"62":0.210571,"63":9.286538,"64":9.343642,"65":0.064242,"66":0.032121,"67":null},"firefox":{"2":0.032121,"3":0.014276,"3.5":null,"3.6":0.010707,"4":0.007138,"5":0.003569,"6":null,"7":null,"8":null,"9":null,"10":0.007138,"11":0.007138,"12":0.010707,"13":0.007138,"14":0.003569,"15":0.039259,"16":0.007138,"17":null,"18":0.032121,"19":0.010707,"20":0.007138,"21":0.03569,"22":0.003569,"23":0.03569,"24":0.003569,"25":0.060673,"26":0.007138,"27":0.007138,"28":0.007138,"29":0.010707,"30":0.032121,"31":0.007138,"32":0.007138,"33":0.010707,"34":0.014276,"35":0.014276,"36":0.017845,"37":0.014276,"38":0.017845,"39":0.014276,"40":0.024983,"41":0.017845,"42":0.014276,"43":0.092794,"44":0.028552,"45":0.028552,"46":0.014276,"47":0.128484,"48":0.132053,"49":0.039259,"50":0.032121,"51":0.042828,"52":0.467539,"53":0.024983,"54":0.039259,"55":0.032121,"56":0.096363,"57":0.292658,"58":3.593983,"59":0.246261,"60":0.003569,"61":null},"opera":{"9":null,"9.5-9.6":null,"10.0-10.1":0.028552,"10.5":null,"10.6":null,"11":null,"11.1":null,"11.5":null,"11.6":0.003569,"12":null,"12.1":0.007138,"15":null,"16":null,"17":null,"18":null,"19":null,"20":null,"21":null,"22":null,"23":null,"24":null,"25":null,"26":null,"27":null,"28":null,"29":null,"30":null,"31":null,"32":null,"33":null,"34":null,"35":0.003569,"36":0.028552,"37":0.003569,"38":null,"39":null,"40":0.003569,"41":null,"42":0.021414,"43":0.028552,"44":null,"45":0.017845,"46":0.007138,"47":0.007138,"48":0.017845,"49":0.046397,"50":0.828008,"51":0.256968,"52":0.007138},"safari":{"3.1":null,"3.2":null,"4":0,"5":0.03569,"5.1":0.014276,"6":0.003569,"6.1":0.007138,"7":0.007138,"7.1":0.010707,"8":0.032121,"9":0.028552,"9.1":0.092794,"10":0.060673,"10.1":0.182019,"11":0.524643,"11.1":null,"0":null},"ios_saf":{"3.2":0.000383986195859,"4.0-4.1":0,"4.2-4.3":0.00345587576273,"5.0-5.1":0.00575979293788,"6.0-6.1":0.00345587576273,"7.0-7.1":0.0168953926178,"8":0.00844769630889,"8.1-8.4":0.0322548404521,"9.0-9.2":0.027263019906,"9.3":0.151290561168,"10.0-10.2":0.196216946084,"10.3":0.428912580774,"11.0-11.2":2.96437343203,"11.3":null},"android":{"2.1":0,"2.2":0,"2.3":0,"3":0,"4":0,"4.1":0.141424356984,"4.2-4.3":0.410407937916,"4.4":1.20626657428,"4.4.3-4.4.4":0.74317113082,"62":null},"op_mob":{"10":null,"11":null,"11.1":null,"11.5":null,"12":null,"12.1":null,"0":null},"ie":{"5.5":null,"6":0.00723353728489,"7":0.0180838432122,"8":0.217006118547,"9":0.137437208413,"10":0.159137820268,"11":1.34905470363},"edge":{"12":0.064242,"13":0.082087,"14":0.121346,"15":0.14276,"16":0.485384,"17":null},"samsung":{"4":1.77435397183,"5":0.336515408451,"6.2":1.50922061972},"bb":{"7":0.075874,"10":0.303496},"ie_mob":{"10":0.133499047619,"11":0.567370952381},"op_mini":{"0":17.9642378522},"and_chr":{"0":28.062192},"baidu":{"0":null},"and_ff":{"0":0.30221},"and_qq":{"1.2":null},"and_uc":{"0":6.58432}},"total":97.6231680836}