{"id":"ww","name":"Worldwide","month":"2018-02","access_date":"2018-03-05","data":{"chrome":{"4":null,"5":null,"6":null,"7":null,"8":null,"9":null,"10":null,"11":0.013254,"12":null,"13":null,"14":null,"15":null,"16":null,"17":null,"18":0.013254,"19":0.004418,"20":null,"21":0.004418,"22":0.02209,"23":null,"24":0.008836,"25":0.008836,"26":0.008836,"27":0.004418,"28":0.004418,"29":0.247408,"30":0.008836,"31":0.02209,"32":0.008836,"33":0.013254,"34":0.02209,"35":0.008836,"36":0.008836,"37":0.008836,"38":0.035344,"39":0.02209,"40":0.017672,"41":0.013254,"42":0.02209,"43":0.06627,"44":0.017672,"45":0.026508,"46":0.02209,"47":0.04418,"48":0.075106,"49":0.81733,"50":0.030926,"51":0.053016,"52":0.04418,"53":0.026508,"54":0.079524,"55":0.322514,"56":0.114868,"57":0.123704,"58":0.181138,"59":0.150212,"60":0.185556,"61":0.28717,"62":0.28717,"63":13.713472,"64":11.37635,"65":0.061852,"66":0.030926,"67":null},"firefox":{"2":null,"3":0.004418,"3.5":null,"3.6":0.008836,"4":0.008836,"5":null,"6":null,"7":null,"8":0.004418,"9":null,"10":null,"11":null,"12":0.004418,"13":null,"14":null,"15":0.004418,"16":0.004418,"17":null,"18":null,"19":null,"20":null,"21":0.004418,"22":null,"23":0.004418,"24":null,"25":0.008836,"26":null,"27":null,"28":0.004418,"29":0.004418,"30":0.004418,"31":0.008836,"32":0.004418,"33":0.004418,"34":0.008836,"35":0.008836,"36":0.008836,"37":0.008836,"38":0.035344,"39":0.008836,"40":0.013254,"41":0.017672,"42":0.008836,"43":0.035344,"44":0.04418,"45":0.035344,"46":0.008836,"47":0.053016,"48":0.141376,"49":0.030926,"50":0.039762,"51":0.06627,"52":0.424128,"53":0.026508,"54":0.039762,"55":0.04418,"56":0.128122,"57":0.251826,"58":3.309082,"59":0.11045,"60":null,"61":null},"opera":{"9":null,"9.5-9.6":null,"10.0-10.1":0,"10.5":null,"10.6":null,"11":null,"11.1":null,"11.5":null,"11.6":null,"12":null,"12.1":0.039762,"15":null,"16":null,"17":null,"18":null,"19":null,"20":null,"21":null,"22":null,"23":null,"24":null,"25":null,"26":null,"27":null,"28":null,"29":null,"30":null,"31":0.004418,"32":null,"33":null,"34":null,"35":null,"36":0.035344,"37":null,"38":null,"39":null,"40":null,"41":null,"42":0.004418,"43":null,"44":null,"45":0.008836,"46":0.004418,"47":0.004418,"48":0.008836,"49":0.02209,"50":0.587594,"51":0.194392,"52":0.004418},"safari":{"3.1":null,"3.2":null,"4":0,"5":0.013254,"5.1":0.083942,"6":null,"6.1":0.013254,"7":0.008836,"7.1":null,"8":0.030926,"9":0.035344,"9.1":0.17672,"10":0.119286,"10.1":0.335768,"11":1.52421,"11.1":0.008836,"0":null},"ios_saf":{"3.2":0.00103558617585,"4.0-4.1":0,"4.2-4.3":0.00932027558267,"5.0-5.1":0.0155337926378,"6.0-6.1":0.00932027558267,"7.0-7.1":0.0455657917375,"8":0.0227828958688,"8.1-8.4":0.0869892387716,"9.0-9.2":0.0735266184855,"9.3":0.408020953286,"10.0-10.2":0.529184535861,"10.3":1.15674975843,"11.0-11.2":7.99472527758,"11.3":null},"android":{"2.1":0,"2.2":0,"2.3":0,"3":0,"4":0,"4.1":0.072893304878,"4.2-4.3":0.211533512195,"4.4":0.621737012195,"4.4.3-4.4.4":0.383047170732,"62":null},"op_mob":{"10":null,"11":null,"11.1":null,"11.5":null,"12":null,"12.1":null,"0":null},"ie":{"5.5":null,"6":0.00904089275362,"7":0.0135613391304,"8":0.176297408696,"9":0.117531605797,"10":0.122052052174,"11":2.68062470145},"edge":{"12":0.02209,"13":0.039762,"14":0.119286,"15":0.207646,"16":1.404924,"17":0.013254},"samsung":{"4":null,"5":null,"6.2":null},"bb":{"7":0.0145106,"10":0.0580424},"ie_mob":{"10":0.177192182648,"11":2.24812581735},"op_mini":{"0":2.72112107388},"and_chr":{"0":29.807824},"baidu":{"0":null},"and_ff":{"0":0.424156},"and_qq":{"1.2":null},"and_uc":{"0":8.081288}},"total":97.0568660739}