{"id":"AM","name":"Armenia","month":"2018-05","access_date":"2018-06-04","data":{"chrome":{"4":0,"5":0,"6":0,"7":0,"8":0,"9":0,"10":0.007839,"11":0.007839,"12":0.007839,"13":0,"14":0.007839,"15":0.007839,"16":0,"17":0.007839,"18":0.023517,"19":0.007839,"20":0.007839,"21":0.023517,"22":0.007839,"23":0.007839,"24":0.007839,"25":0.007839,"26":0.007839,"27":0.007839,"28":0.007839,"29":0.007839,"30":0.007839,"31":0.007839,"32":0.007839,"33":0,"34":0.007839,"35":0,"36":0.031356,"37":0.007839,"38":0.023517,"39":0.015678,"40":0.015678,"41":0.007839,"42":0.007839,"43":0.015678,"44":0.007839,"45":0.007839,"46":0.023517,"47":0.015678,"48":0.007839,"49":1.434537,"50":0.031356,"51":0.031356,"52":0.015678,"53":0.023517,"54":0.07839,"55":0.054873,"56":0.070551,"57":0.062712,"58":0.086229,"59":0.054873,"60":0.07839,"61":0.062712,"62":0.227331,"63":0.203814,"64":0.321399,"65":1.654029,"66":30.948372,"67":0.258687,"68":0.054873,"69":0.007839},"firefox":{"2":0,"3":0.007839,"3.5":0.007839,"3.6":0.039195,"4":0,"5":0,"6":0,"7":0,"8":0,"9":0,"10":0,"11":0,"12":0,"13":0.007839,"14":0,"15":0,"16":0.015678,"17":0,"18":0,"19":0,"20":0.007839,"21":0,"22":0.015678,"23":0.007839,"24":0.015678,"25":0,"26":0,"27":0,"28":0,"29":0,"30":0,"31":0,"32":0,"33":0,"34":0.007839,"35":0.007839,"36":0,"37":0,"38":0.015678,"39":0,"40":0,"41":0.023517,"42":0.015678,"43":0.015678,"44":0,"45":0.141102,"46":0,"47":0.015678,"48":0.117585,"49":0.007839,"50":0.007839,"51":0.007839,"52":7.839,"53":0.007839,"54":0.007839,"55":0.015678,"56":0.023517,"57":0.047034,"58":0.023517,"59":0.987714,"60":0.979875,"61":0.015678,"62":0},"opera":{"9":0,"9.5-9.6":0,"10.0-10.1":0,"10.5":0,"10.6":0.007839,"11":0,"11.1":0,"11.5":0,"11.6":0.007839,"12":0.031356,"12.1":0.047034,"15":0,"16":0,"17":0,"18":0,"19":0,"20":0,"21":0,"22":0.007839,"23":0,"24":0,"25":0,"26":0,"27":0.007839,"28":0,"29":0.007839,"30":0,"31":0,"32":0,"33":0.007839,"34":0,"35":0,"36":0.039195,"37":0.007839,"38":0,"39":0,"40":0,"41":0,"42":0,"43":0.015678,"44":0.007839,"45":0.007839,"46":0.015678,"47":0.007839,"48":0,"49":0.007839,"50":0.007839,"51":0.007839,"52":0.987714,"53":0.31356},"safari":{"3.1":0,"3.2":0,"4":0.007839,"5":0.015678,"5.1":0.031356,"6":0,"6.1":0,"7":0,"7.1":0,"8":0.007839,"9":0.007839,"9.1":0.062712,"10":0.007839,"10.1":0.047034,"11":0.148941,"11.1":0.611442,"0":null},"ios_saf":{"3.2":0.00114627787842,"4.0-4.1":0,"4.2-4.3":0.00229255575684,"5.0-5.1":0.0183404460548,"6.0-6.1":0.0114627787842,"7.0-7.1":0.0481436708937,"8":0.0114627787842,"8.1-8.4":0.081385729368,"9.0-9.2":0.0641915611916,"9.3":0.396612145934,"10.0-10.2":0.367955198973,"10.3":0.841367962762,"11.0-11.2":2.50347088647,"11.3":7.04158500715},"android":{"2.1":0,"2.2":0,"2.3":0,"3":0,"4":0,"4.1":0.0667564087694,"4.2-4.3":0.153051278642,"4.4":0.578012807638,"4.4.3-4.4.4":0.35332050495,"66":null},"op_mob":{"10":null,"11":null,"11.1":null,"11.5":null,"12":null,"12.1":null,"0":null},"ie":{"5.5":0,"6":0.0160316390977,"7":0,"8":0.272537864662,"9":0.0240474586466,"10":0.112221473684,"11":0.64126556391},"edge":{"12":0.007839,"13":0.015678,"14":0.023517,"15":0.047034,"16":0.344916,"17":0.133263,"18":null},"samsung":{"4":0.144787,"5":0.113761214286,"6.2":0.537780285714},"bb":{"7":0.0012966,"10":0.0051864},"ie_mob":{"10":0.0244913333333,"11":0.0857196666667},"and_uc":{"0":0.628851},"op_mini":{"0":0.372352924399},"and_chr":{"0":23.549072},"baidu":{"0":null},"and_ff":{"0":0.038898},"and_qq":{"1.2":null}},"total":88.7924404244}