{"id":"AO","name":"Angola","month":"2018-05","access_date":"2018-06-04","data":{"chrome":{"4":0,"5":0,"6":0,"7":0,"8":0,"9":0,"10":0,"11":0.03698,"12":0,"13":0,"14":0,"15":0,"16":0,"17":0,"18":0.007396,"19":0,"20":0,"21":0,"22":0,"23":0,"24":0,"25":0.003698,"26":0.01849,"27":0,"28":0.003698,"29":0.003698,"30":0,"31":0.003698,"32":0.011094,"33":0.014792,"34":0.003698,"35":0.03698,"36":0.044376,"37":0,"38":0.003698,"39":0.003698,"40":0.029584,"41":0,"42":0.003698,"43":0.251464,"44":0.003698,"45":0.01849,"46":0.011094,"47":0.022188,"48":0.007396,"49":0.159014,"50":0.022188,"51":0.007396,"52":0.007396,"53":0.007396,"54":0.007396,"55":0.077658,"56":0.01849,"57":0.007396,"58":0.09245,"59":0.007396,"60":0.177504,"61":0.022188,"62":0.040678,"63":0.07396,"64":0.059168,"65":0.40678,"66":6.6564,"67":0.070262,"68":0.011094,"69":0},"firefox":{"2":0,"3":0.003698,"3.5":0,"3.6":0,"4":0.003698,"5":0,"6":0,"7":0,"8":0,"9":0,"10":0,"11":0.003698,"12":0.003698,"13":0.003698,"14":0.003698,"15":0,"16":0.003698,"17":0,"18":0,"19":0.003698,"20":0.003698,"21":0,"22":0.003698,"23":0.003698,"24":0,"25":0,"26":0.003698,"27":0,"28":0.003698,"29":0.003698,"30":0,"31":0,"32":0.014792,"33":0,"34":0.003698,"35":0.003698,"36":0.003698,"37":0,"38":0.007396,"39":0,"40":0.003698,"41":0.007396,"42":0.007396,"43":0.014792,"44":0.003698,"45":0.007396,"46":0,"47":0.03698,"48":0.011094,"49":0.003698,"50":0.003698,"51":0.003698,"52":0.033282,"53":0.003698,"54":0.011094,"55":0.007396,"56":0.011094,"57":0.01849,"58":0.014792,"59":0.48074,"60":0.358706,"61":0.01849,"62":0},"opera":{"9":0,"9.5-9.6":0.003698,"10.0-10.1":0,"10.5":0,"10.6":0,"11":0.003698,"11.1":0.003698,"11.5":0.003698,"11.6":0.003698,"12":0.011094,"12.1":0.029584,"15":0,"16":0.003698,"17":0.003698,"18":0.003698,"19":0.022188,"20":0.014792,"21":0.003698,"22":0.003698,"23":0.011094,"24":0,"25":0,"26":0,"27":0,"28":0.007396,"29":0.003698,"30":0.003698,"31":0,"32":0.011094,"33":0.014792,"34":0.003698,"35":0.003698,"36":0.007396,"37":0.007396,"38":0.003698,"39":0,"40":0.007396,"41":0,"42":0.025886,"43":0.003698,"44":0.003698,"45":0.007396,"46":0.003698,"47":0.014792,"48":0.003698,"49":0.007396,"50":0.011094,"51":0.029584,"52":0.414176,"53":0.140524},"safari":{"3.1":0,"3.2":0,"4":0,"5":0,"5.1":0.003698,"6":0,"6.1":0.011094,"7":0,"7.1":0.003698,"8":0.033282,"9":0.003698,"9.1":0.033282,"10":0.025886,"10.1":0.07396,"11":0.125732,"11.1":0.255162,"0":null},"ios_saf":{"3.2":0.000726250402576,"4.0-4.1":0,"4.2-4.3":0.00145250080515,"5.0-5.1":0.0116200064412,"6.0-6.1":0.00726250402576,"7.0-7.1":0.0305025169082,"8":0.00726250402576,"8.1-8.4":0.0515637785829,"9.0-9.2":0.0406700225443,"9.3":0.251282639291,"10.0-10.2":0.233126379227,"10.3":0.533067795491,"11.0-11.2":1.58613087923,"11.3":4.46135622303},"android":{"2.1":0,"2.2":0,"2.3":0,"3":0,"4":0,"4.1":0.452169340877,"4.2-4.3":1.03668092786,"4.4":3.91512478076,"4.4.3-4.4.4":2.3931889505,"66":null},"op_mob":{"10":null,"11":null,"11.1":null,"11.5":null,"12":null,"12.1":null,"0":null},"ie":{"5.5":0,"6":0,"7":0,"8":0.0827349152542,"9":0.0300854237288,"10":0.116581016949,"11":0.879998644068},"edge":{"12":0.059168,"13":0.044376,"14":0.07396,"15":0.051772,"16":0.377196,"17":0.07396,"18":null},"samsung":{"4":1.86998552941,"5":0.340936588235,"6.2":1.63236305882},"bb":{"7":0.0163852,"10":0.0655408},"ie_mob":{"10":0.12878,"11":0.167414},"and_uc":{"0":1.487272},"op_mini":{"0":12.7977702577},"and_chr":{"0":44.452352},"baidu":{"0":null},"and_ff":{"0":0.151248},"and_qq":{"1.2":null}},"total":90.9700874342}