{"id":"AU","name":"Australia","month":"2018-05","access_date":"2018-06-04","data":{"chrome":{"4":0,"5":0,"6":0,"7":0,"8":0,"9":0,"10":0,"11":0.00577,"12":0,"13":0,"14":0,"15":0,"16":0,"17":0,"18":0,"19":0,"20":0,"21":0,"22":0,"23":0,"24":0,"25":0,"26":0.00577,"27":0,"28":0,"29":0.01731,"30":0,"31":0.00577,"32":0,"33":0.00577,"34":0.01154,"35":0,"36":0.00577,"37":0.00577,"38":0.02885,"39":0.00577,"40":0.01154,"41":0.00577,"42":0.00577,"43":0.00577,"44":0.00577,"45":0.01154,"46":0.01154,"47":0.01154,"48":0.01154,"49":0.27119,"50":0.01154,"51":0.01731,"52":0.01154,"53":0.01154,"54":0.03462,"55":0.36928,"56":0.08655,"57":0.06924,"58":0.08655,"59":0.07501,"60":0.08078,"61":0.08655,"62":0.15579,"63":0.39236,"64":0.42698,"65":1.9041,"66":15.12317,"67":0.10963,"68":0.02308,"69":0},"firefox":{"2":0,"3":0,"3.5":0,"3.6":0,"4":0,"5":0,"6":0,"7":0,"8":0,"9":0,"10":0,"11":0,"12":0,"13":0,"14":0,"15":0,"16":0,"17":0,"18":0,"19":0,"20":0,"21":0,"22":0,"23":0,"24":0,"25":0,"26":0,"27":0,"28":0,"29":0,"30":0,"31":0.00577,"32":0,"33":0,"34":0,"35":0,"36":0,"37":0,"38":0.01154,"39":0.00577,"40":0.00577,"41":0.00577,"42":0.00577,"43":0.01154,"44":0,"45":0.02308,"46":0,"47":0.01731,"48":0.04039,"49":0.00577,"50":0.01731,"51":0.00577,"52":0.16156,"53":0.01154,"54":0.01731,"55":0.01154,"56":0.03462,"57":0.04039,"58":0.02885,"59":1.20593,"60":0.96359,"61":0.02308,"62":0},"opera":{"9":0,"9.5-9.6":0,"10.0-10.1":0,"10.5":0,"10.6":0,"11":0,"11.1":0,"11.5":0,"11.6":0,"12":0,"12.1":0.00577,"15":0,"16":0,"17":0,"18":0,"19":0,"20":0,"21":0,"22":0,"23":0,"24":0,"25":0,"26":0,"27":0,"28":0,"29":0,"30":0,"31":0,"32":0,"33":0,"34":0,"35":0,"36":0.00577,"37":0.07501,"38":0,"39":0,"40":0.00577,"41":0,"42":0,"43":0,"44":0,"45":0,"46":0.00577,"47":0,"48":0,"49":0,"50":0.00577,"51":0,"52":0.1731,"53":0.04039},"safari":{"3.1":0,"3.2":0,"4":0,"5":0.00577,"5.1":0.01731,"6":0.00577,"6.1":0.01154,"7":0.00577,"7.1":0,"8":0.02885,"9":0.03462,"9.1":0.18464,"10":0.10963,"10.1":0.36928,"11":0.48468,"11.1":1.52328,"0":null},"ios_saf":{"3.2":0.00376129830918,"4.0-4.1":0,"4.2-4.3":0.00752259661836,"5.0-5.1":0.0601807729469,"6.0-6.1":0.0376129830918,"7.0-7.1":0.157974528986,"8":0.0376129830918,"8.1-8.4":0.267052179952,"9.0-9.2":0.210632705314,"9.3":1.30140921498,"10.0-10.2":1.20737675725,"10.3":2.76079295894,"11.0-11.2":8.21467550725,"11.3":23.1056555133},"android":{"2.1":0,"2.2":0,"2.3":0,"3":0,"4":0,"4.1":0.055401612447,"4.2-4.3":0.127018330976,"4.4":0.47969688826,"4.4.3-4.4.4":0.293223168317,"66":null},"op_mob":{"10":null,"11":null,"11.1":null,"11.5":null,"12":null,"12.1":null,"0":null},"ie":{"5.5":0,"6":0,"7":0,"8":0.0357071014493,"9":0.047609468599,"10":0.0297559178744,"11":2.35071751208},"edge":{"12":0.01154,"13":0.03462,"14":0.09232,"15":0.09232,"16":1.42519,"17":0.42698,"18":null},"samsung":{"4":0.39865754717,"5":0.143959669811,"6.2":1.30671084906},"bb":{"7":0.001692,"10":0.006768},"ie_mob":{"10":0.01269,"11":0.07614},"and_uc":{"0":1.10826},"op_mini":{"0":0.844989742268},"and_chr":{"0":24.12087},"baidu":{"0":null},"and_ff":{"0":0.17343},"and_qq":{"1.2":null}},"total":96.3526678083}