{"id":"AX","name":"Aland Islands","month":"2018-05","access_date":"2018-06-04","data":{"chrome":{"4":0,"5":0,"6":0,"7":0,"8":0,"9":0,"10":0,"11":0,"12":0,"13":0,"14":0,"15":0,"16":0,"17":0,"18":0,"19":0,"20":0,"21":0,"22":0,"23":0,"24":0,"25":0,"26":0,"27":0,"28":0,"29":0,"30":0,"31":0,"32":0,"33":0,"34":0,"35":0,"36":0.013032,"37":0,"38":0,"39":0,"40":0,"41":0,"42":0,"43":0,"44":0,"45":0,"46":0.006516,"47":0,"48":0,"49":0.286704,"50":0,"51":0,"52":0,"53":0,"54":0,"55":0.006516,"56":0,"57":0.006516,"58":0.006516,"59":0.006516,"60":0.013032,"61":0.006516,"62":0.006516,"63":0.149868,"64":0.1629,"65":1.472616,"66":20.010636,"67":0.364896,"68":0.136836,"69":0.013032},"firefox":{"2":0,"3":0,"3.5":0,"3.6":0,"4":0,"5":0,"6":0,"7":0,"8":0,"9":0,"10":0,"11":0,"12":0,"13":0,"14":0,"15":0,"16":0,"17":0,"18":0,"19":0,"20":0,"21":0,"22":0,"23":0,"24":0,"25":0,"26":0,"27":0,"28":0,"29":0,"30":0,"31":0,"32":0,"33":0,"34":0,"35":0,"36":0,"37":0,"38":0,"39":0,"40":0,"41":0,"42":0,"43":0,"44":0,"45":0,"46":0,"47":0.026064,"48":0.006516,"49":0.006516,"50":0.006516,"51":0,"52":0.091224,"53":0.026064,"54":0,"55":0.013032,"56":0.03258,"57":0.039096,"58":0.026064,"59":1.870092,"60":1.739772,"61":0.006516,"62":0},"opera":{"9":0,"9.5-9.6":0,"10.0-10.1":0,"10.5":0,"10.6":0,"11":0,"11.1":0,"11.5":0,"11.6":0,"12":0,"12.1":0,"15":0,"16":0,"17":0,"18":0,"19":0,"20":0,"21":0,"22":0,"23":0,"24":0,"25":0,"26":0,"27":0,"28":0,"29":0,"30":0,"31":0,"32":0,"33":0,"34":0,"35":0,"36":0,"37":0,"38":0,"39":0,"40":0,"41":0,"42":0,"43":0,"44":0,"45":0,"46":0,"47":0,"48":0,"49":0,"50":0,"51":0,"52":0.377928,"53":0.052128},"safari":{"3.1":0,"3.2":0,"4":0,"5":0,"5.1":0.03258,"6":0,"6.1":0,"7":0.006516,"7.1":0,"8":0,"9":0.039096,"9.1":0.149868,"10":0.019548,"10.1":0.280188,"11":0.241092,"11.1":1.583388,"0":null},"ios_saf":{"3.2":0.00350945652174,"4.0-4.1":0,"4.2-4.3":0.00701891304348,"5.0-5.1":0.0561513043478,"6.0-6.1":0.0350945652174,"7.0-7.1":0.147397173913,"8":0.0350945652174,"8.1-8.4":0.249171413043,"9.0-9.2":0.196529565217,"9.3":1.21427195652,"10.0-10.2":1.12653554348,"10.3":2.57594108696,"11.0-11.2":7.66465304348,"11.3":21.558591413},"android":{"2.1":0,"2.2":0,"2.3":0,"3":0,"4":0,"4.1":0.0220891994342,"4.2-4.3":0.0506435304102,"4.4":0.191260141443,"4.4.3-4.4.4":0.116911128713,"66":null},"op_mob":{"10":null,"11":null,"11.1":null,"11.5":null,"12":null,"12.1":null,"0":null},"ie":{"5.5":0,"6":0,"7":0,"8":0.006516,"9":0,"10":0,"11":3.564252},"edge":{"12":0,"13":0.013032,"14":0.13032,"15":0.123804,"16":1.850544,"17":0.84708,"18":null},"samsung":{"4":0.219341340541,"5":0.10389852973,"6.2":1.47766797838},"bb":{"7":0,"10":0},"ie_mob":{"10":0.012194,"11":0.085358},"and_uc":{"0":0.013936},"op_mini":{"0":0.204502419244},"and_chr":{"0":24.315388},"baidu":{"0":null},"and_ff":{"0":0.222976},"and_qq":{"1.2":null}},"total":97.7832222679}