{"id":"AZ","name":"Azerbaijan","month":"2018-05","access_date":"2018-06-04","data":{"chrome":{"4":0,"5":0,"6":0,"7":0,"8":0.004145,"9":0,"10":0,"11":0.004145,"12":0,"13":0.004145,"14":0,"15":0,"16":0,"17":0,"18":0.01658,"19":0,"20":0.004145,"21":0,"22":0.029015,"23":0.004145,"24":0.004145,"25":0,"26":0.012435,"27":0.004145,"28":0.004145,"29":0,"30":0,"31":0,"32":0.004145,"33":0,"34":0.004145,"35":0,"36":0.00829,"37":0,"38":0.012435,"39":0.004145,"40":0.00829,"41":0,"42":0,"43":0.01658,"44":0.004145,"45":0.012435,"46":0.00829,"47":0.004145,"48":0.00829,"49":0.3316,"50":0.004145,"51":0.004145,"52":0.00829,"53":0.004145,"54":0.00829,"55":0.020725,"56":0.045595,"57":0.02487,"58":0.06632,"59":0.045595,"60":0.053885,"61":0.078755,"62":0.09948,"63":0.178235,"64":0.14922,"65":0.57201,"66":10.267165,"67":0.087045,"68":0.01658,"69":0},"firefox":{"2":0,"3":0,"3.5":0.004145,"3.6":0.012435,"4":0,"5":0,"6":0,"7":0,"8":0,"9":0,"10":0,"11":0,"12":0,"13":0,"14":0,"15":0,"16":0,"17":0.004145,"18":0,"19":0,"20":0,"21":0,"22":0,"23":0,"24":0,"25":0,"26":0,"27":0,"28":0,"29":0,"30":0,"31":0,"32":0,"33":0.00829,"34":0,"35":0,"36":0,"37":0,"38":0,"39":0,"40":0,"41":0,"42":0,"43":0,"44":0,"45":0,"46":0,"47":0.004145,"48":0.020725,"49":0,"50":0.004145,"51":0,"52":0.037305,"53":0.00829,"54":0.012435,"55":0.012435,"56":0.02487,"57":0.029015,"58":0.012435,"59":0.22383,"60":0.19896,"61":0.004145,"62":0},"opera":{"9":0,"9.5-9.6":0,"10.0-10.1":0,"10.5":0,"10.6":0,"11":0,"11.1":0,"11.5":0,"11.6":0.004145,"12":0.004145,"12.1":0.045595,"15":0.004145,"16":0,"17":0,"18":0.004145,"19":0.00829,"20":0.00829,"21":0.004145,"22":0.00829,"23":0,"24":0,"25":0.004145,"26":0,"27":0.004145,"28":0,"29":0,"30":0.004145,"31":0,"32":0.004145,"33":0.00829,"34":0.004145,"35":0,"36":0.029015,"37":0.00829,"38":0,"39":0,"40":0.004145,"41":0.012435,"42":0.012435,"43":0.012435,"44":0.00829,"45":0.00829,"46":0.029015,"47":0.01658,"48":0.004145,"49":0.00829,"50":0.02487,"51":0.01658,"52":0.92848,"53":0.25699},"safari":{"3.1":0,"3.2":0,"4":0.004145,"5":0.00829,"5.1":0.00829,"6":0,"6.1":0,"7":0,"7.1":0,"8":0,"9":0.004145,"9.1":0.037305,"10":0.004145,"10.1":0.360615,"11":0.070465,"11.1":0.15751,"0":null},"ios_saf":{"3.2":0.000729796698873,"4.0-4.1":0,"4.2-4.3":0.00145959339775,"5.0-5.1":0.011676747182,"6.0-6.1":0.00729796698873,"7.0-7.1":0.0306514613527,"8":0.00729796698873,"8.1-8.4":0.05181556562,"9.0-9.2":0.0408686151369,"9.3":0.25250965781,"10.0-10.2":0.234264740338,"10.3":0.535670776973,"11.0-11.2":1.59387599034,"11.3":4.48314112118},"android":{"2.1":0,"2.2":0,"2.3":0,"3":0,"4":0,"4.1":0.405214830269,"4.2-4.3":0.929029123055,"4.4":3.50856743281,"4.4.3-4.4.4":2.14467361386,"66":null},"op_mob":{"10":null,"11":null,"11.1":null,"11.5":null,"12":null,"12.1":null,"0":null},"ie":{"5.5":0,"6":0.00445432835821,"7":0,"8":0.0801779104478,"9":0.0133629850746,"10":0.022271641791,"11":0.178173134328},"edge":{"12":0.00829,"13":0.00829,"14":0.029015,"15":0.01658,"16":0.087045,"17":0.037305,"18":null},"samsung":{"4":2.14716669255,"5":0.226017546584,"6.2":4.02722173913},"bb":{"7":0.016394,"10":0.065576},"ie_mob":{"10":0.0423626470588,"11":0.197692352941},"and_uc":{"0":0.83141},"op_mini":{"0":6.1528806701},"and_chr":{"0":48.54308},"baidu":{"0":null},"and_ff":{"0":0.040985},"and_qq":{"1.2":null}},"total":92.0442666484}