{"id":"BA","name":"Bosnia and Herzegovina","month":"2018-05","access_date":"2018-06-04","data":{"chrome":{"4":0,"5":0,"6":0,"7":0,"8":0,"9":0,"10":0,"11":0.00467,"12":0,"13":0,"14":0,"15":0,"16":0,"17":0,"18":0,"19":0,"20":0,"21":0,"22":0.00934,"23":0,"24":0,"25":0,"26":0.00467,"27":0,"28":0,"29":0.00467,"30":0.00467,"31":0.00467,"32":0,"33":0.0467,"34":0.01401,"35":0,"36":0.00467,"37":0.00467,"38":0.01868,"39":0.05137,"40":0.00934,"41":0,"42":0,"43":0.01401,"44":0.00467,"45":0.00467,"46":0.00934,"47":0.00934,"48":0.00934,"49":0.81258,"50":0.00934,"51":0.00467,"52":0.00467,"53":0.00467,"54":0.00467,"55":0.01401,"56":0.01868,"57":0.00934,"58":0.05137,"59":0.02335,"60":0.02335,"61":0.03736,"62":0.05137,"63":0.10274,"64":0.08406,"65":0.63512,"66":13.08067,"67":0.11675,"68":0.01401,"69":0},"firefox":{"2":0,"3":0.00467,"3.5":0,"3.6":0,"4":0,"5":0,"6":0,"7":0,"8":0,"9":0,"10":0,"11":0,"12":0,"13":0,"14":0.00467,"15":0.00467,"16":0,"17":0,"18":0,"19":0,"20":0.00467,"21":0,"22":0,"23":0,"24":0,"25":0,"26":0,"27":0,"28":0.00467,"29":0,"30":0,"31":0.00467,"32":0,"33":0,"34":0,"35":0,"36":0.00467,"37":0.00467,"38":0,"39":0,"40":0,"41":0,"42":0,"43":0.00934,"44":0.00467,"45":0.05604,"46":0.00934,"47":0.01868,"48":0.01401,"49":0.00467,"50":0.00467,"51":0.01401,"52":0.36893,"53":0.00934,"54":0.00934,"55":0.01401,"56":0.0467,"57":0.03269,"58":0.01868,"59":1.23288,"60":1.13014,"61":0.02335,"62":0.00467},"opera":{"9":0,"9.5-9.6":0,"10.0-10.1":0,"10.5":0,"10.6":0,"11":0,"11.1":0,"11.5":0,"11.6":0,"12":0.00467,"12.1":0.00467,"15":0,"16":0,"17":0,"18":0,"19":0,"20":0,"21":0,"22":0,"23":0,"24":0,"25":0,"26":0,"27":0,"28":0,"29":0,"30":0,"31":0.00467,"32":0,"33":0.00467,"34":0,"35":0,"36":0.03736,"37":0,"38":0,"39":0,"40":0.00467,"41":0,"42":0.00467,"43":0.00467,"44":0,"45":0.00467,"46":0.00934,"47":0,"48":0.00467,"49":0.00467,"50":0.00467,"51":0.00467,"52":0.49969,"53":0.13076},"safari":{"3.1":0,"3.2":0,"4":0,"5":0.02335,"5.1":0,"6":0,"6.1":0,"7":0,"7.1":0,"8":0.00467,"9":0.00467,"9.1":0.02335,"10":0.00934,"10.1":0.03736,"11":0.03736,"11.1":0.18213,"0":null},"ios_saf":{"3.2":0.000638606078905,"4.0-4.1":0,"4.2-4.3":0.00127721215781,"5.0-5.1":0.0102176972625,"6.0-6.1":0.00638606078905,"7.0-7.1":0.026821455314,"8":0.00638606078905,"8.1-8.4":0.0453410316023,"9.0-9.2":0.0357619404187,"9.3":0.220957703301,"10.0-10.2":0.204992551329,"10.3":0.468736861916,"11.0-11.2":1.39471567633,"11.3":3.92295714271},"android":{"2.1":0,"2.2":0,"2.3":0,"3":0,"4":0,"4.1":0.129465473833,"4.2-4.3":0.296823281471,"4.4":1.12098154173,"4.4.3-4.4.4":0.68521970297,"66":null},"op_mob":{"10":null,"11":null,"11.1":null,"11.5":null,"12":null,"12.1":null,"0":null},"ie":{"5.5":0,"6":0.00939911392405,"7":0,"8":0.0140986708861,"9":0.0140986708861,"10":0.0234977848101,"11":0.681435759494},"edge":{"12":0.00934,"13":0.01868,"14":0.05137,"15":0.13543,"16":0.23817,"17":0.08873,"18":null},"samsung":{"4":0.463215463918,"5":0.113230446735,"6.2":2.12049745704},"bb":{"7":0.002132,"10":0.008528},"ie_mob":{"10":0.06396,"11":0.28782},"and_uc":{"0":0.06929},"op_mini":{"0":0.267443281787},"and_chr":{"0":64.67552},"baidu":{"0":null},"and_ff":{"0":0.1066},"and_qq":{"1.2":null}},"total":97.4953866495}