{"id":"BB","name":"Barbados","month":"2018-05","access_date":"2018-06-04","data":{"chrome":{"4":0,"5":0,"6":0,"7":0,"8":0,"9":0,"10":0,"11":0.006013,"12":0,"13":0,"14":0,"15":0,"16":0,"17":0,"18":0,"19":0,"20":0,"21":0,"22":0.06013,"23":0,"24":0,"25":0,"26":0,"27":0,"28":0.042091,"29":0,"30":0.006013,"31":0,"32":0,"33":0.006013,"34":0.006013,"35":0,"36":0.024052,"37":0.06013,"38":0.006013,"39":0.012026,"40":0,"41":0,"42":0,"43":0.006013,"44":0,"45":0.006013,"46":0.006013,"47":0,"48":0.018039,"49":0.342741,"50":0,"51":0.012026,"52":0.024052,"53":0.006013,"54":0.084182,"55":0.102221,"56":0.036078,"57":0.012026,"58":0.036078,"59":0.018039,"60":0.114247,"61":0.078169,"62":0.036078,"63":0.150325,"64":0.174377,"65":1.413055,"66":17.744363,"67":0.096208,"68":0.012026,"69":0},"firefox":{"2":0,"3":0,"3.5":0,"3.6":0.006013,"4":0,"5":0,"6":0,"7":0,"8":0,"9":0.006013,"10":0,"11":0,"12":0,"13":0,"14":0,"15":0,"16":0,"17":0,"18":0,"19":0,"20":0,"21":0,"22":0,"23":0,"24":0,"25":0,"26":0,"27":0,"28":0,"29":0,"30":0,"31":0,"32":0,"33":0,"34":0.006013,"35":0,"36":0,"37":0,"38":0,"39":0.006013,"40":0.006013,"41":0,"42":0,"43":0,"44":0,"45":0.006013,"46":0,"47":0.018039,"48":0.036078,"49":0.006013,"50":0.012026,"51":0.006013,"52":0.078169,"53":0.006013,"54":0.006013,"55":0.006013,"56":0.018039,"57":0.036078,"58":0.006013,"59":1.900108,"60":1.352925,"61":0.036078,"62":0},"opera":{"9":0,"9.5-9.6":0,"10.0-10.1":0,"10.5":0,"10.6":0,"11":0,"11.1":0,"11.5":0,"11.6":0,"12":0,"12.1":0.030065,"15":0,"16":0,"17":0.006013,"18":0,"19":0,"20":0,"21":0,"22":0.006013,"23":0,"24":0,"25":0,"26":0,"27":0,"28":0,"29":0.012026,"30":0,"31":0,"32":0,"33":0.012026,"34":0,"35":0,"36":0,"37":0.036078,"38":0,"39":0,"40":0,"41":0,"42":0,"43":0,"44":0,"45":0.006013,"46":0,"47":0,"48":0,"49":0,"50":0,"51":0,"52":0.432936,"53":0.12026},"safari":{"3.1":0,"3.2":0,"4":0.006013,"5":0,"5.1":0.006013,"6":0,"6.1":0.006013,"7":0.006013,"7.1":0,"8":0.012026,"9":0.006013,"9.1":0.150325,"10":0.078169,"10.1":0.156338,"11":0.312676,"11.1":1.364951,"0":null},"ios_saf":{"3.2":0.00159535990338,"4.0-4.1":0,"4.2-4.3":0.00319071980676,"5.0-5.1":0.0255257584541,"6.0-6.1":0.0159535990338,"7.0-7.1":0.067005115942,"8":0.0159535990338,"8.1-8.4":0.11327055314,"9.0-9.2":0.0893401545894,"9.3":0.55199452657,"10.0-10.2":0.512110528986,"10.3":1.17099416908,"11.0-11.2":3.48426602899,"11.3":9.80029588647},"android":{"2.1":0,"2.2":0,"2.3":0,"3":0,"4":0,"4.1":0.155738934936,"4.2-4.3":0.357059997171,"4.4":1.34847126591,"4.4.3-4.4.4":0.82427680198,"66":null},"op_mob":{"10":null,"11":null,"11.1":null,"11.5":null,"12":null,"12.1":null,"0":null},"ie":{"5.5":0,"6":0,"7":0,"8":0.012026,"9":0.036078,"10":0.030065,"11":1.419068},"edge":{"12":0.024052,"13":0.078169,"14":0.054117,"15":0.132286,"16":2.254875,"17":0.727573,"18":null},"samsung":{"4":0.4409234375,"5":0.067834375,"6.2":4.05875677083},"bb":{"7":0.035883,"10":0.143532},"ie_mob":{"10":0.034387875,"11":0.240715125},"and_uc":{"0":0.275103},"op_mini":{"0":0.422759010309},"and_chr":{"0":39.144771},"baidu":{"0":null},"and_ff":{"0":0.215298},"and_qq":{"1.2":null}},"total":95.4678675936}