{"id":"BE","name":"Belgium","month":"2018-05","access_date":"2018-06-04","data":{"chrome":{"4":0,"5":0,"6":0,"7":0,"8":0,"9":0,"10":0,"11":0,"12":0,"13":0,"14":0,"15":0,"16":0,"17":0,"18":0,"19":0,"20":0,"21":0,"22":0.006724,"23":0,"24":0,"25":0,"26":0,"27":0.006724,"28":0,"29":0.073964,"30":0.006724,"31":0.006724,"32":0.006724,"33":0.006724,"34":0.013448,"35":0,"36":0.006724,"37":0.013448,"38":0.026896,"39":0.006724,"40":0.006724,"41":0,"42":0,"43":0.006724,"44":0.006724,"45":0.006724,"46":0.006724,"47":0.006724,"48":0.006724,"49":0.484128,"50":0.006724,"51":0.013448,"52":0.013448,"53":0.020172,"54":0.03362,"55":0.047068,"56":0.026896,"57":0.03362,"58":0.060516,"59":0.020172,"60":0.060516,"61":0.060516,"62":0.060516,"63":0.154652,"64":0.194996,"65":1.432212,"66":20.192172,"67":0.13448,"68":0.013448,"69":0},"firefox":{"2":0,"3":0,"3.5":0,"3.6":0.006724,"4":0,"5":0,"6":0,"7":0,"8":0,"9":0,"10":0,"11":0,"12":0,"13":0,"14":0,"15":0,"16":0,"17":0,"18":0,"19":0,"20":0,"21":0,"22":0,"23":0.006724,"24":0,"25":0,"26":0,"27":0,"28":0,"29":0,"30":0,"31":0,"32":0,"33":0,"34":0.013448,"35":0,"36":0,"37":0,"38":0.006724,"39":0,"40":0,"41":0,"42":0,"43":0.013448,"44":0,"45":0.026896,"46":0,"47":0.020172,"48":0.080688,"49":0.006724,"50":0.020172,"51":0.013448,"52":0.376544,"53":0.020172,"54":0.013448,"55":0.013448,"56":0.053792,"57":0.053792,"58":0.06724,"59":2.360124,"60":1.91634,"61":0.020172,"62":0},"opera":{"9":0,"9.5-9.6":0,"10.0-10.1":0,"10.5":0,"10.6":0,"11":0,"11.1":0,"11.5":0,"11.6":0,"12":0,"12.1":0.006724,"15":0,"16":0,"17":0,"18":0,"19":0,"20":0,"21":0,"22":0,"23":0,"24":0,"25":0,"26":0,"27":0,"28":0,"29":0,"30":0,"31":0.006724,"32":0.006724,"33":0.006724,"34":0,"35":0,"36":0.013448,"37":0,"38":0,"39":0,"40":0.006724,"41":0,"42":0,"43":0,"44":0,"45":0,"46":0.006724,"47":0,"48":0.006724,"49":0,"50":0,"51":0.006724,"52":0.396716,"53":0.087412},"safari":{"3.1":0,"3.2":0,"4":0.006724,"5":0.020172,"5.1":0.026896,"6":0,"6.1":0.020172,"7":0.006724,"7.1":0,"8":0.03362,"9":0.040344,"9.1":0.275684,"10":0.1681,"10.1":0.477404,"11":0.70602,"11.1":2.265988,"0":null},"ios_saf":{"3.2":0.00232789049919,"4.0-4.1":0,"4.2-4.3":0.00465578099839,"5.0-5.1":0.0372462479871,"6.0-6.1":0.0232789049919,"7.0-7.1":0.0977714009662,"8":0.0232789049919,"8.1-8.4":0.165280225443,"9.0-9.2":0.130361867955,"9.3":0.805450112721,"10.0-10.2":0.747252850242,"10.3":1.70867162641,"11.0-11.2":5.08411285024,"11.3":14.3002313366},"android":{"2.1":0,"2.2":0,"2.3":0,"3":0,"4":0,"4.1":0.0421139009901,"4.2-4.3":0.0965538217822,"4.4":0.364644752475,"4.4.3-4.4.4":0.222895524752,"66":null},"op_mob":{"10":null,"11":null,"11.1":null,"11.5":null,"12":null,"12.1":null,"0":null},"ie":{"5.5":0,"6":0,"7":0.006724,"8":0.03362,"9":0.040344,"10":0.060516,"11":4.47146},"edge":{"12":0.013448,"13":0.026896,"14":0.10086,"15":0.147928,"16":2.561844,"17":0.793432,"18":null},"samsung":{"4":0.4446,"5":0.0867512195122,"6.2":2.25553170732},"bb":{"7":0.0019656,"10":0.0078624},"ie_mob":{"10":0.0134018181818,"11":0.134018181818},"and_uc":{"0":0.088452},"op_mini":{"0":0.077537628866},"and_chr":{"0":28.140136},"baidu":{"0":null},"and_ff":{"0":0.150696},"and_qq":{"1.2":null}},"total":96.5155445557}