{"id":"BF","name":"Burkina Faso","month":"2018-05","access_date":"2018-06-04","data":{"chrome":{"4":0,"5":0,"6":0,"7":0,"8":0,"9":0,"10":0,"11":0.015016,"12":0,"13":0,"14":0,"15":0,"16":0,"17":0.001877,"18":0,"19":0,"20":0,"21":0,"22":0.001877,"23":0,"24":0,"25":0,"26":0.005631,"27":0.001877,"28":0,"29":0.001877,"30":0,"31":0,"32":0.001877,"33":0,"34":0,"35":0,"36":0,"37":0,"38":0,"39":0,"40":0.003754,"41":0,"42":0,"43":0.007508,"44":0.001877,"45":0,"46":0.001877,"47":0,"48":0,"49":0.065695,"50":0.001877,"51":0.001877,"52":0.001877,"53":0,"54":0,"55":0.005631,"56":0.005631,"57":0,"58":0.005631,"59":0,"60":0.01877,"61":0.005631,"62":0.003754,"63":0.024401,"64":0.039417,"65":0.086342,"66":1.111184,"67":0.043171,"68":0.001877,"69":0},"firefox":{"2":0,"3":0.026278,"3.5":0,"3.6":0,"4":0,"5":0,"6":0,"7":0,"8":0,"9":0,"10":0,"11":0,"12":0,"13":0,"14":0,"15":0.001877,"16":0,"17":0,"18":0,"19":0,"20":0.001877,"21":0,"22":0.001877,"23":0,"24":0.003754,"25":0.001877,"26":0,"27":0,"28":0.001877,"29":0,"30":0.001877,"31":0.001877,"32":0.001877,"33":0.003754,"34":0,"35":0.007508,"36":0.001877,"37":0.001877,"38":0.001877,"39":0.003754,"40":0.003754,"41":0.013139,"42":0.007508,"43":0.024401,"44":0.005631,"45":0.007508,"46":0.001877,"47":0.048802,"48":0.022524,"49":0.003754,"50":0.003754,"51":0.003754,"52":0.061941,"53":0.005631,"54":0.007508,"55":0.001877,"56":0.015016,"57":0.020647,"58":0.007508,"59":0.587501,"60":0.379154,"61":0.01877,"62":0},"opera":{"9":0,"9.5-9.6":0,"10.0-10.1":0,"10.5":0,"10.6":0,"11":0,"11.1":0,"11.5":0,"11.6":0,"12":0,"12.1":0.035663,"15":0,"16":0.001877,"17":0.001877,"18":0.007508,"19":0,"20":0.016893,"21":0.003754,"22":0,"23":0.009385,"24":0,"25":0,"26":0,"27":0,"28":0.001877,"29":0.001877,"30":0.003754,"31":0,"32":0.007508,"33":0.007508,"34":0,"35":0,"36":0,"37":0.001877,"38":0,"39":0,"40":0.001877,"41":0,"42":0.001877,"43":0.005631,"44":0,"45":0,"46":0.003754,"47":0,"48":0.001877,"49":0.001877,"50":0.001877,"51":0.003754,"52":0.120128,"53":0.03754},"safari":{"3.1":0,"3.2":0,"4":0,"5":0.001877,"5.1":0,"6":0,"6.1":0.001877,"7":0,"7.1":0,"8":0,"9":0.015016,"9.1":0.009385,"10":0.005631,"10.1":0.041294,"11":0.011262,"11.1":0.026278,"0":null},"ios_saf":{"3.2":0.000220153381643,"4.0-4.1":0,"4.2-4.3":0.000440306763285,"5.0-5.1":0.00352245410628,"6.0-6.1":0.00220153381643,"7.0-7.1":0.00924644202899,"8":0.00220153381643,"8.1-8.4":0.0156308900966,"9.0-9.2":0.012328589372,"9.3":0.0761730700483,"10.0-10.2":0.0706692355072,"10.3":0.161592582126,"11.0-11.2":0.480814985507,"11.3":1.35240222343},"android":{"2.1":0,"2.2":0,"2.3":0,"3":0,"4":0,"4.1":0.214748779349,"4.2-4.3":0.492350859972,"4.4":1.85941016266,"4.4.3-4.4.4":1.13659719802,"66":null},"op_mob":{"10":null,"11":null,"11.1":null,"11.5":null,"12":null,"12.1":null,"0":null},"ie":{"5.5":0,"6":0,"7":0,"8":0.013139,"9":0.001877,"10":0.009385,"11":0.140775},"edge":{"12":0.011262,"13":0.007508,"14":0.007508,"15":0.013139,"16":0.07508,"17":0.005631,"18":null},"samsung":{"4":0.470369482353,"5":0.102254235294,"6.2":0.276086435294},"bb":{"7":0.0178706,"10":0.0714824},"ie_mob":{"10":0.0350304375,"11":0.1517985625},"and_uc":{"0":11.810842},"op_mini":{"0":19.3334936804},"and_chr":{"0":50.366818},"baidu":{"0":null},"and_ff":{"0":0.121845},"and_qq":{"1.2":null}},"total":92.1133838334}