{"id":"BH","name":"Bahrain","month":"2018-05","access_date":"2018-06-04","data":{"chrome":{"4":0,"5":0,"6":0,"7":0,"8":0,"9":0,"10":0,"11":0.004747,"12":0,"13":0,"14":0,"15":0,"16":0,"17":0,"18":0,"19":0.004747,"20":0,"21":0.009494,"22":0.004747,"23":0,"24":0,"25":0.004747,"26":0,"27":0.033229,"28":0.009494,"29":0.018988,"30":0.004747,"31":0.004747,"32":0.009494,"33":0.009494,"34":0.004747,"35":0,"36":0.018988,"37":0,"38":0.018988,"39":0,"40":0.009494,"41":0,"42":0,"43":0.014241,"44":0,"45":0,"46":0.014241,"47":0,"48":0.009494,"49":0.313302,"50":0,"51":0.009494,"52":0.023735,"53":0,"54":0.028482,"55":0.018988,"56":0.014241,"57":0.018988,"58":0.042723,"59":0.033229,"60":0.09494,"61":0.042723,"62":0.080699,"63":0.123422,"64":0.147157,"65":0.863954,"66":13.443504,"67":0.075952,"68":0.052217,"69":0},"firefox":{"2":0,"3":0,"3.5":0,"3.6":0.004747,"4":0,"5":0,"6":0,"7":0,"8":0,"9":0,"10":0,"11":0,"12":0,"13":0,"14":0,"15":0,"16":0.004747,"17":0,"18":0,"19":0,"20":0,"21":0,"22":0,"23":0,"24":0,"25":0,"26":0,"27":0.004747,"28":0,"29":0,"30":0,"31":0,"32":0,"33":0,"34":0,"35":0,"36":0,"37":0,"38":0,"39":0,"40":0,"41":0,"42":0,"43":0.004747,"44":0,"45":0.004747,"46":0,"47":0.061711,"48":0.066458,"49":0.023735,"50":0,"51":0.004747,"52":0.042723,"53":0.014241,"54":0.009494,"55":0.014241,"56":0.037976,"57":0.033229,"58":0.014241,"59":0.707303,"60":0.498435,"61":0.028482,"62":0},"opera":{"9":0,"9.5-9.6":0,"10.0-10.1":0,"10.5":0,"10.6":0,"11":0,"11.1":0,"11.5":0,"11.6":0,"12":0,"12.1":0.004747,"15":0,"16":0,"17":0,"18":0,"19":0,"20":0,"21":0,"22":0.004747,"23":0,"24":0,"25":0,"26":0,"27":0,"28":0,"29":0,"30":0,"31":0,"32":0,"33":0.004747,"34":0,"35":0,"36":0.004747,"37":0.028482,"38":0,"39":0,"40":0,"41":0,"42":0.004747,"43":0.004747,"44":0,"45":0.009494,"46":0.014241,"47":0.004747,"48":0.014241,"49":0.018988,"50":0.018988,"51":0.042723,"52":0.085446,"53":0.004747},"safari":{"3.1":0,"3.2":0,"4":0,"5":0,"5.1":0,"6":0.004747,"6.1":0.004747,"7":0.004747,"7.1":0,"8":0.037976,"9":0.04747,"9.1":0.175639,"10":0.04747,"10.1":0.313302,"11":0.356025,"11.1":1.276943,"0":null},"ios_saf":{"3.2":0.00151258091787,"4.0-4.1":0,"4.2-4.3":0.00302516183575,"5.0-5.1":0.024201294686,"6.0-6.1":0.0151258091787,"7.0-7.1":0.0635283985507,"8":0.0151258091787,"8.1-8.4":0.107393245169,"9.0-9.2":0.084704531401,"9.3":0.523352997585,"10.0-10.2":0.485538474638,"10.3":1.11023439372,"11.0-11.2":3.30347672464,"11.3":9.2917845785},"android":{"2.1":0,"2.2":0,"2.3":0,"3":0,"4":0,"4.1":0.0618119363508,"4.2-4.3":0.141715171146,"4.4":0.535200912306,"4.4.3-4.4.4":0.327150980198,"66":null},"op_mob":{"10":null,"11":null,"11.1":null,"11.5":null,"12":null,"12.1":null,"0":null},"ie":{"5.5":0,"6":0,"7":0,"8":0.028482,"9":0.028482,"10":0.033229,"11":1.039593},"edge":{"12":0.037976,"13":0.018988,"14":0.052217,"15":0.061711,"16":0.773761,"17":0.161398,"18":null},"samsung":{"4":1.06552236031,"5":0.235644368146,"6.2":2.17202634987},"bb":{"7":0.0021012,"10":0.0084048},"ie_mob":{"10":0.01181925,"11":0.03545775},"and_uc":{"0":11.593371},"op_mini":{"0":2.64574294845},"and_chr":{"0":34.10913},"baidu":{"0":null},"and_ff":{"0":0.078795},"and_qq":{"1.2":null}},"total":90.0457490268}