{"id":"BI","name":"Burundi","month":"2018-05","access_date":"2018-06-04","data":{"chrome":{"4":0,"5":0,"6":0,"7":0,"8":0.00179,"9":0,"10":0,"11":0,"12":0,"13":0,"14":0,"15":0,"16":0,"17":0,"18":0.00179,"19":0,"20":0,"21":0,"22":0,"23":0,"24":0,"25":0,"26":0.00179,"27":0,"28":0,"29":0,"30":0,"31":0,"32":0.00179,"33":0,"34":0,"35":0,"36":0,"37":0,"38":0,"39":0,"40":0.00179,"41":0,"42":0,"43":0.01432,"44":0,"45":0,"46":0,"47":0,"48":0.00179,"49":0.02506,"50":0,"51":0,"52":0.00179,"53":0,"54":0,"55":0.00358,"56":0.00358,"57":0.00537,"58":0.01074,"59":0,"60":0.02506,"61":0.00179,"62":0.00358,"63":0.00537,"64":0.01074,"65":0.09666,"66":1.36935,"67":0.00537,"68":0,"69":0},"firefox":{"2":0,"3":0.00358,"3.5":0,"3.6":0.00358,"4":0.00179,"5":0,"6":0,"7":0,"8":0,"9":0,"10":0,"11":0.00179,"12":0,"13":0,"14":0,"15":0.00179,"16":0,"17":0,"18":0,"19":0,"20":0.00179,"21":0.00179,"22":0.00179,"23":0.00179,"24":0,"25":0,"26":0,"27":0,"28":0.00358,"29":0,"30":0,"31":0.00895,"32":0.00716,"33":0.00179,"34":0,"35":0,"36":0.00358,"37":0.00716,"38":0,"39":0,"40":0,"41":0,"42":0,"43":0.01253,"44":0.00358,"45":0.00358,"46":0,"47":0.03222,"48":0.0179,"49":0.00358,"50":0.00179,"51":0,"52":0.02864,"53":0.00179,"54":0.00179,"55":0.00179,"56":0.00716,"57":0.00537,"58":0.01432,"59":0.38485,"60":0.30967,"61":0.00716,"62":0},"opera":{"9":0,"9.5-9.6":0,"10.0-10.1":0,"10.5":0,"10.6":0,"11":0.00179,"11.1":0,"11.5":0,"11.6":0,"12":0.00358,"12.1":0.02506,"15":0,"16":0.00179,"17":0,"18":0,"19":0.01253,"20":0.00895,"21":0,"22":0,"23":0.0358,"24":0,"25":0,"26":0,"27":0,"28":0.00179,"29":0,"30":0.00537,"31":0,"32":0.00895,"33":0.00895,"34":0.00179,"35":0,"36":0,"37":0.00179,"38":0,"39":0,"40":0,"41":0,"42":0.00537,"43":0,"44":0,"45":0.00716,"46":0.00179,"47":0,"48":0,"49":0.00179,"50":0.00179,"51":0.00716,"52":0.15573,"53":0.03043},"safari":{"3.1":0,"3.2":0,"4":0,"5":0,"5.1":0,"6":0,"6.1":0,"7":0,"7.1":0,"8":0,"9":0,"9.1":0.00895,"10":0,"10.1":0.00895,"11":0.03043,"11.1":0.01611,"0":null},"ios_saf":{"3.2":0.000117467793881,"4.0-4.1":0,"4.2-4.3":0.000234935587762,"5.0-5.1":0.00187948470209,"6.0-6.1":0.00117467793881,"7.0-7.1":0.004933647343,"8":0.00117467793881,"8.1-8.4":0.00834021336554,"9.0-9.2":0.00657819645733,"9.3":0.0406438566828,"10.0-10.2":0.0377071618357,"10.3":0.0862213607085,"11.0-11.2":0.256549661836,"11.3":0.72160465781},"android":{"2.1":0,"2.2":0,"2.3":0,"3":0,"4":0,"4.1":0.129650466761,"4.2-4.3":0.297247411598,"4.4":1.12258330976,"4.4.3-4.4.4":0.686198811881,"66":null},"op_mob":{"10":null,"11":null,"11.1":null,"11.5":null,"12":null,"12.1":null,"0":null},"ie":{"5.5":0,"6":0,"7":0,"8":0.02148,"9":0.01074,"10":0.01074,"11":0.09129},"edge":{"12":0.01074,"13":0.0179,"14":0.02327,"15":0.02506,"16":0.08413,"17":0.01074,"18":null},"samsung":{"4":0.255314901961,"5":0.0392792156863,"6.2":0.18657627451},"bb":{"7":0.026272,"10":0.105088},"ie_mob":{"10":0.145611320755,"11":0.626128679245},"and_uc":{"0":6.55158},"op_mini":{"0":51.9060745361},"and_chr":{"0":18.85288},"baidu":{"0":null},"and_ff":{"0":0.05747},"and_qq":{"1.2":null}},"total":85.3377349282}