{"id":"BM","name":"Bermuda","month":"2018-05","access_date":"2018-06-04","data":{"chrome":{"4":0,"5":0,"6":0,"7":0,"8":0,"9":0,"10":0,"11":0.017952,"12":0,"13":0,"14":0,"15":0,"16":0,"17":0,"18":0,"19":0,"20":0,"21":0,"22":0,"23":0,"24":0,"25":0,"26":0,"27":0,"28":0,"29":0,"30":0,"31":0,"32":0,"33":0,"34":0.017952,"35":0.008976,"36":0,"37":0,"38":0,"39":0,"40":0,"41":0,"42":0,"43":0,"44":0,"45":0.008976,"46":0.017952,"47":0.017952,"48":0.062832,"49":0.62832,"50":0,"51":0,"52":0.008976,"53":0.008976,"54":0,"55":0.080784,"56":0,"57":0.071808,"58":0.116688,"59":0.017952,"60":0.053856,"61":0.107712,"62":0.17952,"63":0.125664,"64":0.565488,"65":2.728704,"66":30.087552,"67":0.251328,"68":0.035904,"69":0},"firefox":{"2":0,"3":0,"3.5":0,"3.6":0,"4":0,"5":0,"6":0,"7":0,"8":0,"9":0,"10":0,"11":0.008976,"12":0,"13":0,"14":0,"15":0,"16":0,"17":0,"18":0,"19":0,"20":0,"21":0,"22":0,"23":0,"24":0,"25":0,"26":0.008976,"27":0,"28":0,"29":0,"30":0,"31":0,"32":0,"33":0,"34":0,"35":0,"36":0,"37":0,"38":0,"39":0,"40":0.035904,"41":0.04488,"42":0,"43":0.017952,"44":0,"45":0,"46":0,"47":0,"48":0.053856,"49":0,"50":0.008976,"51":0,"52":0.287232,"53":0,"54":0,"55":0,"56":0.008976,"57":0.017952,"58":0.062832,"59":1.768272,"60":1.400256,"61":0.008976,"62":0},"opera":{"9":0,"9.5-9.6":0,"10.0-10.1":0,"10.5":0,"10.6":0,"11":0,"11.1":0,"11.5":0,"11.6":0,"12":0,"12.1":0,"15":0,"16":0,"17":0,"18":0,"19":0,"20":0,"21":0,"22":0,"23":0,"24":0,"25":0,"26":0,"27":0,"28":0,"29":0,"30":0,"31":0,"32":0,"33":0,"34":0,"35":0,"36":0,"37":0,"38":0,"39":0,"40":0,"41":0,"42":0,"43":0,"44":0,"45":0.04488,"46":0,"47":0,"48":0,"49":0,"50":0,"51":0.008976,"52":0.2244,"53":0.04488},"safari":{"3.1":0,"3.2":0,"4":0.008976,"5":0.026928,"5.1":0.035904,"6":0.008976,"6.1":0.053856,"7":0,"7.1":0,"8":0.062832,"9":0.071808,"9.1":0.49368,"10":0.107712,"10.1":0.691152,"11":0.76296,"11.1":3.168528,"0":null},"ios_saf":{"3.2":0.00227309017713,"4.0-4.1":0,"4.2-4.3":0.00454618035427,"5.0-5.1":0.0363694428341,"6.0-6.1":0.0227309017713,"7.0-7.1":0.0954697874396,"8":0.0227309017713,"8.1-8.4":0.161389402576,"9.0-9.2":0.127293049919,"9.3":0.786489201288,"10.0-10.2":0.72966194686,"10.3":1.66844819002,"11.0-11.2":4.96442894686,"11.3":13.9635929581},"android":{"2.1":0,"2.2":0,"2.3":0,"3":0,"4":0,"4.1":0.0302428062235,"4.2-4.3":0.069337165488,"4.4":0.26185844413,"4.4.3-4.4.4":0.160065584158,"66":null},"op_mob":{"10":null,"11":null,"11.1":null,"11.5":null,"12":null,"12.1":null,"0":null},"ie":{"5.5":0,"6":0,"7":0,"8":0.062832,"9":0.691152,"10":0.098736,"11":16.33632},"edge":{"12":0.04488,"13":0.13464,"14":0.35904,"15":0.376992,"16":4.281552,"17":1.3464,"18":null},"samsung":{"4":0.154582204082,"5":0.0356728163265,"6.2":0.808583836735},"bb":{"7":0.0206848,"10":0.0827392},"ie_mob":{"10":0,"11":0.023552},"and_uc":{"0":0.022528},"op_mini":{"0":0.0339309965636},"and_chr":{"0":5.796128},"baidu":{"0":null},"and_ff":{"0":0.0256},"and_qq":{"1.2":null}},"total":98.6157618537}