{"id":"BN","name":"Brunei Darussalam","month":"2018-05","access_date":"2018-06-04","data":{"chrome":{"4":0,"5":0,"6":0,"7":0,"8":0,"9":0,"10":0,"11":0.003545,"12":0,"13":0,"14":0,"15":0,"16":0,"17":0,"18":0,"19":0,"20":0,"21":0,"22":0.003545,"23":0,"24":0,"25":0,"26":0,"27":0.003545,"28":0.00709,"29":0,"30":0,"31":0.003545,"32":0.003545,"33":0.003545,"34":0.003545,"35":0.003545,"36":0.003545,"37":0.003545,"38":0.00709,"39":0.003545,"40":0.00709,"41":0,"42":0,"43":0.00709,"44":0,"45":0.003545,"46":0.003545,"47":0,"48":0,"49":0.26942,"50":0.003545,"51":0,"52":0,"53":0.00709,"54":0.003545,"55":0.010635,"56":0.00709,"57":0.00709,"58":0.017725,"59":0.02127,"60":0.060265,"61":0.02127,"62":0.02127,"63":0.06381,"64":0.053175,"65":0.54593,"66":7.284975,"67":0.07799,"68":0.02127,"69":0},"firefox":{"2":0,"3":0,"3.5":0,"3.6":0.003545,"4":0,"5":0,"6":0.003545,"7":0,"8":0,"9":0.003545,"10":0,"11":0,"12":0,"13":0.003545,"14":0,"15":0,"16":0,"17":0,"18":0,"19":0,"20":0,"21":0,"22":0,"23":0,"24":0,"25":0,"26":0,"27":0,"28":0,"29":0.00709,"30":0.003545,"31":0.00709,"32":0.024815,"33":0,"34":0.003545,"35":0,"36":0.003545,"37":0,"38":0.00709,"39":0,"40":0.003545,"41":0,"42":0,"43":0.01418,"44":0.003545,"45":0.003545,"46":0,"47":0.01418,"48":0.038995,"49":0.003545,"50":0,"51":0.00709,"52":0.081535,"53":0.01418,"54":0.003545,"55":0.003545,"56":0.010635,"57":0.01418,"58":0.017725,"59":0.655825,"60":0.499845,"61":0.046085,"62":0},"opera":{"9":0,"9.5-9.6":0,"10.0-10.1":0,"10.5":0,"10.6":0,"11":0,"11.1":0,"11.5":0,"11.6":0,"12":0,"12.1":0.038995,"15":0,"16":0,"17":0,"18":0.003545,"19":0.003545,"20":0,"21":0.003545,"22":0.010635,"23":0,"24":0,"25":0,"26":0.003545,"27":0,"28":0.003545,"29":0.003545,"30":0.00709,"31":0.00709,"32":0.010635,"33":0.031905,"34":0,"35":0.00709,"36":0.00709,"37":0.152435,"38":0,"39":0,"40":0,"41":0,"42":0,"43":0.053175,"44":0.00709,"45":0.017725,"46":0.00709,"47":0,"48":0,"49":0.003545,"50":0,"51":0,"52":0.102805,"53":0.02836},"safari":{"3.1":0,"3.2":0,"4":0,"5":0.003545,"5.1":0.024815,"6":0.01418,"6.1":0.01418,"7":0.003545,"7.1":0,"8":0.017725,"9":0.017725,"9.1":0.0709,"10":0.04254,"10.1":0.20561,"11":0.1418,"11.1":0.329685,"0":null},"ios_saf":{"3.2":0.00150001207729,"4.0-4.1":0,"4.2-4.3":0.00300002415459,"5.0-5.1":0.0240001932367,"6.0-6.1":0.0150001207729,"7.0-7.1":0.0630005072464,"8":0.0150001207729,"8.1-8.4":0.106500857488,"9.0-9.2":0.0840006763285,"9.3":0.519004178744,"10.0-10.2":0.481503876812,"10.3":1.10100886473,"11.0-11.2":3.27602637681,"11.3":9.21457419082},"android":{"2.1":0,"2.2":0,"2.3":0,"3":0,"4":0,"4.1":0.22012824611,"4.2-4.3":0.50468427157,"4.4":1.90598847242,"4.4.3-4.4.4":1.1650690099,"66":null},"op_mob":{"10":null,"11":null,"11.1":null,"11.5":null,"12":null,"12.1":null,"0":null},"ie":{"5.5":0,"6":0,"7":0,"8":0.01418,"9":0.02127,"10":0.02127,"11":0.350955},"edge":{"12":0.003545,"13":0.003545,"14":0.01418,"15":0.01418,"16":0.19852,"17":0.053175,"18":null},"samsung":{"4":3.24320135135,"5":0.252716988417,"6.2":1.87431766409},"bb":{"7":0.001291,"10":0.005164},"ie_mob":{"10":0.188988055556,"11":0.0111169444444},"and_uc":{"0":5.570665},"op_mini":{"0":9.28287782646},"and_chr":{"0":40.376885},"baidu":{"0":null},"and_ff":{"0":0.161375},"and_qq":{"1.2":null}},"total":91.8421188303}