{"id":"BR","name":"Brazil","month":"2018-05","access_date":"2018-06-04","data":{"chrome":{"4":0,"5":0,"6":0,"7":0,"8":0,"9":0,"10":0,"11":0,"12":0,"13":0,"14":0,"15":0,"16":0,"17":0,"18":0.007211,"19":0,"20":0,"21":0,"22":0.007211,"23":0,"24":0,"25":0,"26":0,"27":0,"28":0.007211,"29":0.07211,"30":0.014422,"31":0.007211,"32":0.014422,"33":0,"34":0.007211,"35":0.007211,"36":0.050477,"37":0.028844,"38":0.021633,"39":0.007211,"40":0.007211,"41":0.007211,"42":0,"43":0.036055,"44":0.014422,"45":0.007211,"46":0.014422,"47":0.028844,"48":0.014422,"49":0.411027,"50":0.014422,"51":0.057688,"52":0.014422,"53":0.014422,"54":0.028844,"55":0.057688,"56":0.079321,"57":0.043266,"58":0.252385,"59":0.086532,"60":0.129798,"61":0.122587,"62":0.158642,"63":0.346128,"64":0.338917,"65":1.961392,"66":38.102924,"67":0.353339,"68":0.064899,"69":0},"firefox":{"2":0,"3":0,"3.5":0,"3.6":0,"4":0,"5":0,"6":0,"7":0,"8":0,"9":0,"10":0,"11":0,"12":0,"13":0,"14":0,"15":0,"16":0,"17":0,"18":0,"19":0,"20":0,"21":0,"22":0,"23":0,"24":0,"25":0,"26":0,"27":0,"28":0,"29":0.007211,"30":0,"31":0.007211,"32":0,"33":0,"34":0.014422,"35":0,"36":0,"37":0,"38":0.014422,"39":0,"40":0.007211,"41":0.007211,"42":0,"43":0.014422,"44":0,"45":0.057688,"46":0,"47":0.028844,"48":0.036055,"49":0.014422,"50":0.014422,"51":0.014422,"52":0.310073,"53":0.021633,"54":0.028844,"55":0.021633,"56":0.057688,"57":0.050477,"58":0.057688,"59":1.593631,"60":1.362879,"61":0.028844,"62":0},"opera":{"9":0,"9.5-9.6":0,"10.0-10.1":0,"10.5":0,"10.6":0,"11":0,"11.1":0,"11.5":0,"11.6":0,"12":0,"12.1":0.007211,"15":0,"16":0,"17":0,"18":0,"19":0,"20":0,"21":0,"22":0,"23":0,"24":0,"25":0,"26":0,"27":0,"28":0,"29":0,"30":0,"31":0,"32":0.007211,"33":0.036055,"34":0,"35":0.007211,"36":0.007211,"37":0,"38":0,"39":0,"40":0,"41":0,"42":0,"43":0,"44":0,"45":0.007211,"46":0.007211,"47":0.007211,"48":0.007211,"49":0.007211,"50":0.007211,"51":0.007211,"52":0.706678,"53":0.194697},"safari":{"3.1":0,"3.2":0,"4":0,"5":0.007211,"5.1":0.007211,"6":0,"6.1":0,"7":0,"7.1":0,"8":0.007211,"9":0.007211,"9.1":0.043266,"10":0.028844,"10.1":0.122587,"11":0.209119,"11.1":0.706678,"0":null},"ios_saf":{"3.2":0.000580503019324,"4.0-4.1":0,"4.2-4.3":0.00116100603865,"5.0-5.1":0.00928804830918,"6.0-6.1":0.00580503019324,"7.0-7.1":0.0243811268116,"8":0.00580503019324,"8.1-8.4":0.041215714372,"9.0-9.2":0.0325081690821,"9.3":0.200854044686,"10.0-10.2":0.186341469203,"10.3":0.426089216184,"11.0-11.2":1.2678185942,"11.3":3.56603004771},"android":{"2.1":0,"2.2":0,"2.3":0,"3":0,"4":0,"4.1":0.0826938684583,"4.2-4.3":0.189590820368,"4.4":0.716007885431,"4.4.3-4.4.4":0.437672425743,"66":null},"op_mob":{"10":null,"11":null,"11.1":null,"11.5":null,"12":null,"12.1":null,"0":null},"ie":{"5.5":0,"6":0,"7":0.00745752991453,"8":0.104405418803,"9":0.0447451794872,"10":0.0372876495726,"11":0.678635222222},"edge":{"12":0.014422,"13":0.014422,"14":0.057688,"15":0.086532,"16":0.699467,"17":0.158642,"18":null},"samsung":{"4":0.446009186207,"5":0.050682862069,"6.2":0.942701234483},"bb":{"7":0.0011156,"10":0.0044624},"ie_mob":{"10":0.0218988148148,"11":0.273735185185},"and_uc":{"0":0.384882},"op_mini":{"0":0.435673427835},"and_chr":{"0":36.291958},"baidu":{"0":null},"and_ff":{"0":0.078092},"and_qq":{"1.2":null}},"total":96.9770257106}