{"id":"BS","name":"Bahamas","month":"2018-05","access_date":"2018-06-04","data":{"chrome":{"4":0,"5":0,"6":0,"7":0,"8":0,"9":0,"10":0,"11":0.005038,"12":0,"13":0,"14":0,"15":0,"16":0,"17":0,"18":0,"19":0,"20":0,"21":0,"22":0,"23":0,"24":0,"25":0.005038,"26":0,"27":0,"28":0,"29":0,"30":0.005038,"31":0,"32":0.005038,"33":0,"34":0,"35":0,"36":0.005038,"37":0,"38":0.010076,"39":0,"40":0,"41":0.010076,"42":0,"43":0.005038,"44":0,"45":0.005038,"46":0,"47":0.005038,"48":0,"49":0.443344,"50":0.010076,"51":0.005038,"52":0.015114,"53":0,"54":0.005038,"55":0.020152,"56":0.005038,"57":0.005038,"58":0.020152,"59":0.02519,"60":0.020152,"61":0.065494,"62":0.045342,"63":0.801042,"64":0.080608,"65":1.214158,"66":11.214588,"67":0.085646,"68":0.010076,"69":0},"firefox":{"2":0,"3":0,"3.5":0,"3.6":0,"4":0,"5":0,"6":0,"7":0,"8":0,"9":0,"10":0,"11":0,"12":0,"13":0.005038,"14":0,"15":0,"16":0.005038,"17":0,"18":0,"19":0,"20":0,"21":0,"22":0,"23":0,"24":0,"25":0,"26":0,"27":0,"28":0,"29":0,"30":0,"31":0,"32":0,"33":0.030228,"34":0,"35":0,"36":0,"37":0,"38":0,"39":0,"40":0,"41":0.010076,"42":0,"43":0,"44":0,"45":0.020152,"46":0,"47":0,"48":0.030228,"49":0,"50":0,"51":0,"52":0.05038,"53":0,"54":0,"55":0,"56":0.005038,"57":0.010076,"58":0.010076,"59":0.659978,"60":0.534028,"61":0.005038,"62":0},"opera":{"9":0,"9.5-9.6":0,"10.0-10.1":0,"10.5":0,"10.6":0,"11":0,"11.1":0,"11.5":0,"11.6":0,"12":0,"12.1":0.015114,"15":0,"16":0,"17":0,"18":0,"19":0,"20":0,"21":0,"22":0,"23":0,"24":0,"25":0,"26":0,"27":0,"28":0.005038,"29":0,"30":0,"31":0,"32":0,"33":0.005038,"34":0,"35":0,"36":0,"37":0.005038,"38":0,"39":0,"40":0,"41":0,"42":0,"43":0,"44":0,"45":0.005038,"46":0.005038,"47":0,"48":0,"49":0,"50":0,"51":0,"52":0.105798,"53":0.020152},"safari":{"3.1":0,"3.2":0,"4":0,"5":0.005038,"5.1":0.005038,"6":0,"6.1":0.005038,"7":0,"7.1":0,"8":0.010076,"9":0.005038,"9.1":0.095722,"10":0.035266,"10.1":0.156178,"11":0.27709,"11.1":0.942106,"0":null},"ios_saf":{"3.2":0.00237040861514,"4.0-4.1":0,"4.2-4.3":0.00474081723027,"5.0-5.1":0.0379265378422,"6.0-6.1":0.0237040861514,"7.0-7.1":0.0995571618357,"8":0.0237040861514,"8.1-8.4":0.168299011675,"9.0-9.2":0.132742882448,"9.3":0.820161380837,"10.0-10.2":0.760901165459,"10.3":1.73987992351,"11.0-11.2":5.17697241546,"11.3":14.5614201228},"android":{"2.1":0,"2.2":0,"2.3":0,"3":0,"4":0,"4.1":0.0808241640736,"4.2-4.3":0.185304181047,"4.4":0.699818981612,"4.4.3-4.4.4":0.427776673267,"66":null},"op_mob":{"10":null,"11":null,"11.1":null,"11.5":null,"12":null,"12.1":null,"0":null},"ie":{"5.5":0,"6":0,"7":0,"8":0.030228,"9":0.020152,"10":0.07557,"11":2.136112},"edge":{"12":0.035266,"13":0.110836,"14":0.095722,"15":0.186406,"16":1.803604,"17":0.423192,"18":null},"samsung":{"4":1.17869053974,"5":0.313596565619,"6.2":4.02268697967},"bb":{"7":0.0039696,"10":0.0158784},"ie_mob":{"10":0.0106328571429,"11":0.0637971428571},"and_uc":{"0":0.158784},"op_mini":{"0":0.159721835052},"and_chr":{"0":43.226966},"baidu":{"0":null},"and_ff":{"0":0.133974},"and_qq":{"1.2":null}},"total":96.3818499201}