{"id":"BT","name":"Bhutan","month":"2018-05","access_date":"2018-06-04","data":{"chrome":{"4":0,"5":0,"6":0,"7":0,"8":0,"9":0,"10":0,"11":0,"12":0.00493,"13":0,"14":0.002465,"15":0,"16":0,"17":0,"18":0.007395,"19":0,"20":0,"21":0,"22":0,"23":0.002465,"24":0.002465,"25":0,"26":0,"27":0,"28":0.002465,"29":0.00986,"30":0.00493,"31":0.00493,"32":0.007395,"33":0.002465,"34":0,"35":0,"36":0.002465,"37":0,"38":0.002465,"39":0,"40":0,"41":0,"42":0,"43":0.00493,"44":0,"45":0,"46":0.00493,"47":0.002465,"48":0,"49":0.056695,"50":0,"51":0.007395,"52":0.002465,"53":0.002465,"54":0,"55":0.002465,"56":0.002465,"57":0.002465,"58":0.017255,"59":0.00493,"60":0.086275,"61":0.00986,"62":0.007395,"63":0.02465,"64":0.01972,"65":0.288405,"66":3.80103,"67":0.0493,"68":0.032045,"69":0},"firefox":{"2":0,"3":0.002465,"3.5":0.00986,"3.6":0,"4":0,"5":0.002465,"6":0,"7":0,"8":0,"9":0,"10":0.00493,"11":0,"12":0.002465,"13":0,"14":0,"15":0,"16":0,"17":0,"18":0.017255,"19":0,"20":0,"21":0,"22":0.002465,"23":0,"24":0,"25":0,"26":0,"27":0,"28":0,"29":0,"30":0.002465,"31":0,"32":0,"33":0,"34":0,"35":0.002465,"36":0.002465,"37":0,"38":0.002465,"39":0.002465,"40":0.002465,"41":0,"42":0,"43":0.007395,"44":0.007395,"45":0,"46":0,"47":0.01972,"48":0.00493,"49":0.002465,"50":0,"51":0.002465,"52":0.02465,"53":0,"54":0.002465,"55":0.002465,"56":0.00493,"57":0.007395,"58":0.00493,"59":0.303195,"60":0.288405,"61":0.08874,"62":0},"opera":{"9":0,"9.5-9.6":0,"10.0-10.1":0,"10.5":0,"10.6":0,"11":0,"11.1":0,"11.5":0,"11.6":0,"12":0,"12.1":0.012325,"15":0,"16":0,"17":0,"18":0,"19":0,"20":0,"21":0.002465,"22":0.00493,"23":0,"24":0,"25":0,"26":0,"27":0,"28":0,"29":0,"30":0,"31":0,"32":0,"33":0.002465,"34":0.002465,"35":0,"36":0,"37":0.14297,"38":0,"39":0,"40":0,"41":0,"42":0.00986,"43":0,"44":0,"45":0,"46":0,"47":0,"48":0,"49":0,"50":0,"51":0.002465,"52":0.032045,"53":0.007395},"safari":{"3.1":0,"3.2":0,"4":0,"5":0,"5.1":0,"6":0,"6.1":0,"7":0,"7.1":0,"8":0.002465,"9":0.002465,"9.1":0.00986,"10":0.007395,"10.1":0.03451,"11":0.017255,"11.1":0.06409,"0":null},"ios_saf":{"3.2":0.000673754528986,"4.0-4.1":0,"4.2-4.3":0.00134750905797,"5.0-5.1":0.0107800724638,"6.0-6.1":0.00673754528986,"7.0-7.1":0.0282976902174,"8":0.00673754528986,"8.1-8.4":0.047836571558,"9.0-9.2":0.0377302536232,"9.3":0.233119067029,"10.0-10.2":0.216275203804,"10.3":0.494535824275,"11.0-11.2":1.4714798913,"11.3":4.13887407156},"android":{"2.1":0,"2.2":0,"2.3":0,"3":0,"4":0,"4.1":0.055035106082,"4.2-4.3":0.126178048091,"4.4":0.476523479491,"4.4.3-4.4.4":0.291283366337,"66":null},"op_mob":{"10":null,"11":null,"11.1":null,"11.5":null,"12":null,"12.1":null,"0":null},"ie":{"5.5":0,"6":0.002465,"7":0,"8":0.00986,"9":0.002465,"10":0.00493,"11":0.091205},"edge":{"12":0.017255,"13":0.007395,"14":0.00493,"15":0.017255,"16":0.096135,"17":0.022185,"18":null},"samsung":{"4":5.40406690815,"5":0.929622095731,"6.2":1.54255974127},"bb":{"7":0.004521,"10":0.018084},"ie_mob":{"10":0.0339075,"11":0.1695375},"and_uc":{"0":7.95696},"op_mini":{"0":3.85217164948},"and_chr":{"0":61.169585},"baidu":{"0":null},"and_ff":{"0":0.082885},"and_qq":{"1.2":null}},"total":94.7553903946}