{"id":"BW","name":"Botswana","month":"2018-05","access_date":"2018-06-04","data":{"chrome":{"4":0,"5":0,"6":0.105264,"7":0,"8":0,"9":0,"10":0,"11":0.017544,"12":0,"13":0,"14":0,"15":0,"16":0,"17":0.005848,"18":0.005848,"19":0,"20":0,"21":0,"22":0.005848,"23":0.005848,"24":0,"25":0,"26":0.005848,"27":0.005848,"28":0.040936,"29":0.011696,"30":0.005848,"31":0.005848,"32":0.005848,"33":0.023392,"34":0.005848,"35":0.005848,"36":0.017544,"37":0.035088,"38":0.005848,"39":0,"40":0.046784,"41":0.005848,"42":0.005848,"43":0.140352,"44":0.011696,"45":0.005848,"46":0.070176,"47":0.005848,"48":0.011696,"49":0.2924,"50":0.040936,"51":0.005848,"52":0.017544,"53":0.02924,"54":0.011696,"55":0.070176,"56":0.040936,"57":0.040936,"58":0.1462,"59":0.035088,"60":0.35088,"61":0.05848,"62":0.040936,"63":0.157896,"64":0.345032,"65":1.269016,"66":13.807128,"67":0.070176,"68":0.046784,"69":0},"firefox":{"2":0,"3":0,"3.5":0,"3.6":0.005848,"4":0,"5":0,"6":0,"7":0,"8":0.005848,"9":0,"10":0.005848,"11":0,"12":0.005848,"13":0.005848,"14":0,"15":0.005848,"16":0.005848,"17":0.005848,"18":0.035088,"19":0.005848,"20":0,"21":0,"22":0,"23":0.023392,"24":0,"25":0,"26":0,"27":0.005848,"28":0,"29":0.023392,"30":0.005848,"31":0,"32":0.20468,"33":0.005848,"34":0.228072,"35":0.005848,"36":0.005848,"37":0.005848,"38":0.011696,"39":0.02924,"40":0.035088,"41":0.011696,"42":0,"43":0.111112,"44":0.046784,"45":0.017544,"46":0.005848,"47":0.08772,"48":0.064328,"49":0.08772,"50":0.011696,"51":0.011696,"52":0.274856,"53":0.040936,"54":0.023392,"55":0.040936,"56":0.052632,"57":0.11696,"58":0.093568,"59":1.81288,"60":1.52048,"61":0.163744,"62":0},"opera":{"9":0,"9.5-9.6":0,"10.0-10.1":0,"10.5":0,"10.6":0,"11":0,"11.1":0,"11.5":0,"11.6":0,"12":0,"12.1":0.005848,"15":0,"16":0,"17":0.035088,"18":0.005848,"19":0.005848,"20":0,"21":0,"22":0.005848,"23":0,"24":0,"25":0,"26":0,"27":0,"28":0.005848,"29":0,"30":0,"31":0.005848,"32":0.005848,"33":0.017544,"34":0,"35":0.011696,"36":0.005848,"37":0.023392,"38":0,"39":0,"40":0,"41":0,"42":0.005848,"43":0,"44":0,"45":0.023392,"46":0.011696,"47":0,"48":0.005848,"49":0.017544,"50":0.011696,"51":0.005848,"52":0.55556,"53":0.08772},"safari":{"3.1":0,"3.2":0,"4":0,"5":0.005848,"5.1":0,"6":0,"6.1":0.005848,"7":0,"7.1":0.005848,"8":0.005848,"9":0.005848,"9.1":0.187136,"10":0.052632,"10.1":0.1462,"11":0.08772,"11.1":0.608192,"0":null},"ios_saf":{"3.2":0.000423257648953,"4.0-4.1":0,"4.2-4.3":0.000846515297907,"5.0-5.1":0.00677212238325,"6.0-6.1":0.00423257648953,"7.0-7.1":0.017776821256,"8":0.00423257648953,"8.1-8.4":0.0300512930757,"9.0-9.2":0.0237024283414,"9.3":0.146447146538,"10.0-10.2":0.135865705314,"10.3":0.310671114332,"11.0-11.2":0.924394705314,"11.3":2.60007173752},"android":{"2.1":0,"2.2":0,"2.3":0,"3":0,"4":0,"4.1":0.21227538331,"4.2-4.3":0.4866801471,"4.4":1.83799417256,"4.4.3-4.4.4":1.12350629703,"66":null},"op_mob":{"10":null,"11":null,"11.1":null,"11.5":null,"12":null,"12.1":null,"0":null},"ie":{"5.5":0,"6":0,"7":4.2558294896,"8":0.129142412098,"9":0.170233179584,"10":0.14088263138,"11":1.51448828733},"edge":{"12":0.20468,"13":0.152048,"14":0.181288,"15":0.128656,"16":0.771936,"17":0.081872,"18":null},"samsung":{"4":1.30093979562,"5":0.122923445255,"6.2":1.25996531387},"bb":{"7":0.0797184,"10":0.3188736},"ie_mob":{"10":0.0891032380952,"11":0.612584761905},"and_uc":{"0":4.770648},"op_mini":{"0":3.08178276289},"and_chr":{"0":39.481832},"baidu":{"0":null},"and_ff":{"0":0.473328},"and_qq":{"1.2":null}},"total":91.9374353176}