{"id":"BY","name":"Belarus","month":"2018-05","access_date":"2018-06-04","data":{"chrome":{"4":0.007628,"5":0.007628,"6":0.007628,"7":0,"8":0,"9":0.007628,"10":0.015256,"11":0.015256,"12":0.007628,"13":0.045768,"14":0.007628,"15":0.007628,"16":0.015256,"17":0.015256,"18":0.045768,"19":0.007628,"20":0.007628,"21":0.007628,"22":0.030512,"23":0.015256,"24":0.015256,"25":0.015256,"26":0.022884,"27":0.022884,"28":0.015256,"29":0.007628,"30":0.007628,"31":0.007628,"32":0,"33":0,"34":0.007628,"35":0.007628,"36":0.030512,"37":0.007628,"38":0.022884,"39":0.030512,"40":0.030512,"41":0.015256,"42":0.007628,"43":0.030512,"44":0.022884,"45":0.030512,"46":0.015256,"47":0.022884,"48":0.03814,"49":1.1442,"50":0.015256,"51":0.022884,"52":0.007628,"53":0.03814,"54":0.022884,"55":0.053396,"56":0.091536,"57":0.030512,"58":0.122048,"59":0.11442,"60":0.129676,"61":0.175444,"62":0.167816,"63":0.396656,"64":0.358516,"65":1.98328,"66":29.962784,"67":0.221212,"68":0.11442,"69":0},"firefox":{"2":0.007628,"3":0.022884,"3.5":0.030512,"3.6":0.099164,"4":0.015256,"5":0,"6":0,"7":0,"8":0.007628,"9":0,"10":0.007628,"11":0.007628,"12":0.007628,"13":0.007628,"14":0.007628,"15":0.007628,"16":0.007628,"17":0,"18":0.007628,"19":0.007628,"20":0.007628,"21":0.022884,"22":0,"23":0.007628,"24":0.03814,"25":0.015256,"26":0,"27":0,"28":0.007628,"29":0,"30":0,"31":0,"32":0,"33":0.007628,"34":0.007628,"35":0.015256,"36":0.007628,"37":0.007628,"38":0.030512,"39":0.007628,"40":0.015256,"41":0.007628,"42":0.007628,"43":0.015256,"44":0.007628,"45":0.015256,"46":0.007628,"47":0.053396,"48":0.03814,"49":0.022884,"50":0.068652,"51":0.015256,"52":0.68652,"53":0.068652,"54":0.053396,"55":0.099164,"56":0.106792,"57":0.122048,"58":0.091536,"59":1.662904,"60":1.586624,"61":0.030512,"62":0},"opera":{"9":0,"9.5-9.6":0,"10.0-10.1":0.007628,"10.5":0.007628,"10.6":0.015256,"11":0.022884,"11.1":0,"11.5":0.015256,"11.6":0.03814,"12":0.030512,"12.1":0.251724,"15":0,"16":0.007628,"17":0,"18":0.007628,"19":0.007628,"20":0.015256,"21":0.007628,"22":0.007628,"23":0,"24":0.007628,"25":0.007628,"26":0.007628,"27":0.022884,"28":0.015256,"29":0,"30":0.015256,"31":0.007628,"32":0.045768,"33":0.07628,"34":0.022884,"35":0.022884,"36":0.404284,"37":0.030512,"38":0.007628,"39":0.015256,"40":0.007628,"41":0.007628,"42":0.045768,"43":0.045768,"44":0.007628,"45":0.022884,"46":0.07628,"47":0.022884,"48":0.045768,"49":0.030512,"50":0.045768,"51":0.030512,"52":5.537928,"53":1.289132},"safari":{"3.1":0.007628,"3.2":0,"4":0.015256,"5":0.045768,"5.1":0.015256,"6":0.007628,"6.1":0.007628,"7":0.007628,"7.1":0,"8":0.022884,"9":0.015256,"9.1":0.030512,"10":0.03814,"10.1":0.106792,"11":0.30512,"11.1":1.121316,"0":null},"ios_saf":{"3.2":0.000565429951691,"4.0-4.1":0,"4.2-4.3":0.00113085990338,"5.0-5.1":0.00904687922705,"6.0-6.1":0.00565429951691,"7.0-7.1":0.023748057971,"8":0.00565429951691,"8.1-8.4":0.04014552657,"9.0-9.2":0.0316640772947,"9.3":0.195638763285,"10.0-10.2":0.181503014493,"10.3":0.415025584541,"11.0-11.2":1.23489901449,"11.3":3.47343619324},"android":{"2.1":0,"2.2":0,"2.3":0,"3":0,"4":0,"4.1":0.0690711400283,"4.2-4.3":0.158358223479,"4.4":0.598054992928,"4.4.3-4.4.4":0.365571643564,"66":null},"op_mob":{"10":null,"11":null,"11.1":null,"11.5":null,"12":null,"12.1":null,"0":null},"ie":{"5.5":0,"6":0.00794209411765,"7":0.00794209411765,"8":0.492409835294,"9":0.0555946588235,"10":0.142957694118,"11":0.643309623529},"edge":{"12":0.007628,"13":0.030512,"14":0.045768,"15":0.122048,"16":0.541588,"17":0.183072,"18":null},"samsung":{"4":0.266006939759,"5":0.0613862168675,"6.2":0.460396626506},"bb":{"7":0.0009488,"10":0.0037952},"ie_mob":{"10":0.0229293333333,"11":0.183434666667},"and_uc":{"0":0.815968},"op_mini":{"0":1.07342373883},"and_chr":{"0":28.857932},"baidu":{"0":null},"and_ff":{"0":0.04744},"and_qq":{"1.2":null}},"total":92.097993522}