{"id":"BZ","name":"Belize","month":"2018-05","access_date":"2018-06-04","data":{"chrome":{"4":0,"5":0,"6":0,"7":0,"8":0,"9":0,"10":0,"11":0,"12":0,"13":0,"14":0,"15":0,"16":0,"17":0,"18":0,"19":0,"20":0,"21":0,"22":0.021508,"23":0,"24":0,"25":0,"26":0.005377,"27":0,"28":0,"29":0,"30":0,"31":0.010754,"32":0.005377,"33":0,"34":0.005377,"35":0.005377,"36":0.016131,"37":0,"38":0.016131,"39":0.010754,"40":0.005377,"41":0,"42":0,"43":0.010754,"44":0,"45":0,"46":0,"47":0,"48":0,"49":0.134425,"50":0.005377,"51":0.043016,"52":0.016131,"53":0.043016,"54":0.005377,"55":0.059147,"56":0.016131,"57":0.048393,"58":0.075278,"59":0.005377,"60":0.086032,"61":0.032262,"62":0.059147,"63":0.112917,"64":0.112917,"65":1.209825,"66":13.485516,"67":0.10754,"68":0.021508,"69":0},"firefox":{"2":0,"3":0,"3.5":0,"3.6":0,"4":0,"5":0,"6":0,"7":0,"8":0,"9":0,"10":0,"11":0,"12":0,"13":0,"14":0,"15":0,"16":0,"17":0,"18":0,"19":0,"20":0,"21":0,"22":0,"23":0,"24":0,"25":0,"26":0.010754,"27":0,"28":0,"29":0,"30":0.005377,"31":0,"32":0,"33":0,"34":0,"35":0,"36":0,"37":0,"38":0,"39":0,"40":0,"41":0,"42":0,"43":0.005377,"44":0,"45":0.010754,"46":0,"47":0.032262,"48":0.016131,"49":0,"50":0.005377,"51":0.010754,"52":0.166687,"53":0.005377,"54":0.010754,"55":0.005377,"56":0.010754,"57":2.140046,"58":0.043016,"59":2.63473,"60":1.295857,"61":0.032262,"62":0},"opera":{"9":0,"9.5-9.6":0,"10.0-10.1":0,"10.5":0,"10.6":0,"11":0,"11.1":0,"11.5":0,"11.6":0,"12":0,"12.1":0.005377,"15":0,"16":0,"17":0.005377,"18":0,"19":0,"20":0,"21":0,"22":0,"23":0,"24":0,"25":0,"26":0,"27":0,"28":0,"29":0,"30":0,"31":0,"32":0,"33":0,"34":0,"35":0,"36":0,"37":0,"38":0,"39":0,"40":0,"41":0,"42":0,"43":0,"44":0,"45":0,"46":0,"47":0,"48":0,"49":0.005377,"50":0,"51":0,"52":0.193572,"53":0.05377},"safari":{"3.1":0,"3.2":0,"4":0,"5":0,"5.1":0.005377,"6":0,"6.1":0,"7":0.005377,"7.1":0,"8":0,"9":0.005377,"9.1":0.166687,"10":0.016131,"10.1":0.069901,"11":0.301112,"11.1":0.887205,"0":null},"ios_saf":{"3.2":0.00133205595813,"4.0-4.1":0,"4.2-4.3":0.00266411191626,"5.0-5.1":0.0213128953301,"6.0-6.1":0.0133205595813,"7.0-7.1":0.0559463502415,"8":0.0133205595813,"8.1-8.4":0.0945759730274,"9.0-9.2":0.0745951336554,"9.3":0.460891361514,"10.0-10.2":0.42758996256,"10.3":0.977729073269,"11.0-11.2":2.90921021256,"11.3":8.18281975081},"android":{"2.1":0,"2.2":0,"2.3":0,"3":0,"4":0,"4.1":0.16576607355,"4.2-4.3":0.380049046676,"4.4":1.43529161245,"4.4.3-4.4.4":0.877347267327,"66":null},"op_mob":{"10":null,"11":null,"11.1":null,"11.5":null,"12":null,"12.1":null,"0":null},"ie":{"5.5":0,"6":0,"7":0,"8":0.016131,"9":0.059147,"10":0.026885,"11":0.876451},"edge":{"12":0.043016,"13":0.032262,"14":0.069901,"15":0.096786,"16":1.113039,"17":0.290358,"18":null},"samsung":{"4":0.816009532468,"5":0.121298714286,"6.2":1.45558457143},"bb":{"7":0.0055476,"10":0.0221904},"ie_mob":{"10":0.28070856,"11":0.35726544},"and_uc":{"0":0.624105},"op_mini":{"0":0.389531438144},"and_chr":{"0":50.333767},"baidu":{"0":null},"and_ff":{"0":0.143313},"and_qq":{"1.2":null}},"total":97.2215942563}