{"id":"CA","name":"Canada","month":"2018-05","access_date":"2018-06-04","data":{"chrome":{"4":0,"5":0,"6":0,"7":0,"8":0,"9":0,"10":0,"11":0.006381,"12":0,"13":0,"14":0,"15":0,"16":0,"17":0,"18":0.006381,"19":0,"20":0,"21":0,"22":0.006381,"23":0,"24":0,"25":0,"26":0,"27":0,"28":0,"29":0.019143,"30":0,"31":0.006381,"32":0.006381,"33":0,"34":0.006381,"35":0.006381,"36":0.006381,"37":0.006381,"38":0.012762,"39":0.012762,"40":0.006381,"41":0.006381,"42":0.006381,"43":0.012762,"44":0.012762,"45":0.006381,"46":0.006381,"47":0.012762,"48":0.019143,"49":0.465813,"50":0.012762,"51":0.019143,"52":0.012762,"53":0.012762,"54":0.031905,"55":0.140382,"56":0.051048,"57":0.051048,"58":0.057429,"59":0.051048,"60":0.06381,"61":0.057429,"62":0.108477,"63":0.89334,"64":0.280764,"65":2.061063,"66":18.070992,"67":0.12762,"68":0.019143,"69":0},"firefox":{"2":0,"3":0,"3.5":0,"3.6":0.006381,"4":0,"5":0,"6":0,"7":0,"8":0,"9":0,"10":0,"11":0,"12":0,"13":0,"14":0,"15":0,"16":0.006381,"17":0,"18":0,"19":0,"20":0,"21":0,"22":0,"23":0,"24":0,"25":0,"26":0,"27":0,"28":0,"29":0,"30":0,"31":0.006381,"32":0,"33":0,"34":0.006381,"35":0.006381,"36":0.006381,"37":0,"38":0.006381,"39":0,"40":0.006381,"41":0.025524,"42":0.006381,"43":0.006381,"44":0.006381,"45":0.019143,"46":0.006381,"47":0.019143,"48":0.095715,"49":0.012762,"50":0.025524,"51":0.019143,"52":0.306288,"53":0.019143,"54":0.025524,"55":0.019143,"56":0.044667,"57":0.051048,"58":0.051048,"59":1.748394,"60":1.627155,"61":0.025524,"62":0},"opera":{"9":0,"9.5-9.6":0,"10.0-10.1":0,"10.5":0,"10.6":0,"11":0,"11.1":0,"11.5":0,"11.6":0,"12":0,"12.1":0.006381,"15":0,"16":0,"17":0,"18":0,"19":0,"20":0,"21":0,"22":0,"23":0,"24":0,"25":0,"26":0,"27":0,"28":0,"29":0,"30":0,"31":0,"32":0,"33":0.012762,"34":0,"35":0,"36":0.006381,"37":0.006381,"38":0,"39":0,"40":0,"41":0,"42":0,"43":0,"44":0,"45":0.006381,"46":0.006381,"47":0,"48":0,"49":0,"50":0,"51":0,"52":0.261621,"53":0.057429},"safari":{"3.1":0,"3.2":0,"4":0.006381,"5":0.019143,"5.1":0.031905,"6":0,"6.1":0.019143,"7":0.006381,"7.1":0,"8":0.031905,"9":0.025524,"9.1":0.210573,"10":0.082953,"10.1":0.370098,"11":0.427527,"11.1":1.78668,"0":null},"ios_saf":{"3.2":0.00343163607085,"4.0-4.1":0,"4.2-4.3":0.00686327214171,"5.0-5.1":0.0549061771337,"6.0-6.1":0.0343163607085,"7.0-7.1":0.144128714976,"8":0.0343163607085,"8.1-8.4":0.243646161031,"9.0-9.2":0.192171619968,"9.3":1.18734608052,"10.0-10.2":1.10155517874,"10.3":2.51882087601,"11.0-11.2":7.49469317874,"11.3":21.0805403833},"android":{"2.1":0,"2.2":0,"2.3":0,"3":0,"4":0,"4.1":0.0444435940594,"4.2-4.3":0.101895069307,"4.4":0.384816485149,"4.4.3-4.4.4":0.235225851485,"66":null},"op_mob":{"10":null,"11":null,"11.1":null,"11.5":null,"12":null,"12.1":null,"0":null},"ie":{"5.5":0,"6":0,"7":0.00642593661972,"8":0.0578334295775,"9":0.109240922535,"10":0.044981556338,"11":3.43145015493},"edge":{"12":0.019143,"13":0.019143,"14":0.06381,"15":0.082953,"16":2.188683,"17":0.153144,"18":null},"samsung":{"4":0.286678915888,"5":0.0992350093458,"6.2":1.55468181308},"bb":{"7":0.0369138,"10":0.1476552},"ie_mob":{"10":0.010857,"11":0.021714},"and_uc":{"0":0.673134},"op_mini":{"0":0.198721652921},"and_chr":{"0":22.258832},"baidu":{"0":null},"and_ff":{"0":0.184569},"and_qq":{"1.2":null}},"total":96.8864773912}