{"id":"CD","name":"Congo, The Democratic Republic of","month":"2018-05","access_date":"2018-06-04","data":{"chrome":{"4":null,"5":null,"6":0.001526,"7":null,"8":null,"9":null,"10":0.000763,"11":0.06867,"12":0.000763,"13":null,"14":null,"15":null,"16":0.000763,"17":null,"18":0.001526,"19":0.003052,"20":null,"21":null,"22":null,"23":0.001526,"24":null,"25":0.009919,"26":0.004578,"27":0.000763,"28":0.000763,"29":0.012208,"30":null,"31":0.001526,"32":0.002289,"33":0.012208,"34":0.001526,"35":0.003815,"36":0.001526,"37":null,"38":0.003815,"39":null,"40":0.009156,"41":null,"42":null,"43":0.079352,"44":0.001526,"45":0.002289,"46":0.000763,"47":0.003052,"48":0.001526,"49":0.050358,"50":0.003815,"51":0.004578,"52":0.002289,"53":0.001526,"54":null,"55":0.090797,"56":0.002289,"57":0.009919,"58":0.033572,"59":0.005341,"60":0.087745,"61":0.004578,"62":0.00763,"63":0.025179,"64":0.060277,"65":0.248738,"66":2.432444,"67":0.026705,"68":0.001526,"69":null},"firefox":{"2":null,"3":0.049595,"3.5":0.002289,"3.6":0.004578,"4":0.001526,"5":0.003052,"6":0.001526,"7":0.001526,"8":null,"9":0.000763,"10":0.002289,"11":null,"12":0.021364,"13":0.000763,"14":0.002289,"15":0.001526,"16":0.003052,"17":0.001526,"18":0.003815,"19":0.000763,"20":0.003815,"21":0.003815,"22":0.003052,"23":0.002289,"24":0.001526,"25":0.001526,"26":0.002289,"27":0.001526,"28":0.001526,"29":0.002289,"30":0.006104,"31":0.008393,"32":0.006867,"33":0.001526,"34":0.008393,"35":0.001526,"36":0.003815,"37":0.003815,"38":0.008393,"39":0.001526,"40":0.014497,"41":0.001526,"42":0.001526,"43":0.029757,"44":0.006104,"45":0.049595,"46":0.013734,"47":0.03815,"48":0.008393,"49":0.005341,"50":0.003052,"51":0.003052,"52":0.04578,"53":0.002289,"54":0.008393,"55":0.002289,"56":0.032809,"57":0.035861,"58":0.018312,"59":0.704249,"60":0.614215,"61":0.032809,"62":null},"opera":{"9":null,"9.5-9.6":null,"10.0-10.1":0.000763,"10.5":0.002289,"10.6":0.001526,"11":0.003052,"11.1":0.000763,"11.5":0.002289,"11.6":0.002289,"12":0.000763,"12.1":0.001526,"15":0.001526,"16":0.001526,"17":0.000763,"18":0.001526,"19":0.001526,"20":0.003052,"21":0.000763,"22":0.000763,"23":null,"24":0.001526,"25":null,"26":null,"27":null,"28":null,"29":0.00763,"30":0.002289,"31":0.003052,"32":null,"33":0.004578,"34":0.009156,"35":0.009156,"36":0.011445,"37":0.006104,"38":0.001526,"39":0.000763,"40":0.008393,"41":0.000763,"42":0.03815,"43":0.006104,"44":0.000763,"45":0.004578,"46":0.012208,"47":0.001526,"48":0.009919,"49":0.010682,"50":0.020601,"51":0.025179,"52":0.35861,"53":0.118265},"safari":{"3.1":null,"3.2":null,"4":0,"5":0.002289,"5.1":0.003052,"6":null,"6.1":0.001526,"7":null,"7.1":0.003815,"8":0.008393,"9":0.006104,"9.1":0.016023,"10":0.025942,"10.1":0.041965,"11":0.09919,"11.1":0.172438,"0":null},"ios_saf":{"3.2":0.000145009661836,"4.0-4.1":0,"4.2-4.3":0.000290019323671,"5.0-5.1":0.00232015458937,"6.0-6.1":0.00145009661836,"7.0-7.1":0.0060904057971,"8":0.00145009661836,"8.1-8.4":0.0102956859903,"9.0-9.2":0.0081205410628,"9.3":0.0501733429952,"10.0-10.2":0.0465481014493,"10.3":0.106437091787,"11.0-11.2":0.316701101449,"11.3":0.890794352657},"android":{"2.1":0,"2.2":0,"2.3":0,"3":0,"4":0,"4.1":0.259770664781,"4.2-4.3":0.595571768034,"4.4":2.24923380481,"4.4.3-4.4.4":1.37488376238,"66":null},"op_mob":{"10":null,"11":null,"11.1":null,"11.5":null,"12":null,"12.1":null,"0":null},"ie":{"5.5":null,"6":null,"7":0.00242963771186,"8":0.0518322711864,"9":0.00971855084746,"10":0.0736990105932,"11":0.239724254237},"edge":{"12":0.090034,"13":0.027468,"14":0.067907,"15":0.017549,"16":0.089271,"17":0.010682,"18":null},"samsung":{"4":0.914711218045,"5":0.123331849624,"6.2":0.298051969925},"bb":{"7":0.0203192,"10":0.0812768},"ie_mob":{"10":0.315382235294,"11":0.876061764706},"and_uc":{"0":12.88422},"op_mini":{"0":52.560473189},"and_chr":{"0":15.175849},"baidu":{"0":null},"and_ff":{"0":0.13854},"and_qq":{"1.2":null}},"total":96.2476969512}