{"id":"CF","name":"Central African Republic","month":"2018-05","access_date":"2018-06-04","data":{"chrome":{"4":0,"5":0,"6":0,"7":0,"8":0,"9":0,"10":0,"11":0.002557,"12":0,"13":0,"14":0,"15":0,"16":0,"17":0,"18":0,"19":0,"20":0,"21":0,"22":0,"23":0,"24":0,"25":0,"26":0,"27":0,"28":0,"29":0,"30":0,"31":0,"32":0.015342,"33":0,"34":0,"35":0,"36":0,"37":0,"38":0,"39":0,"40":0,"41":0,"42":0,"43":0.012785,"44":0,"45":0,"46":0.005114,"47":0,"48":0,"49":0.010228,"50":0.002557,"51":0,"52":0,"53":0,"54":0,"55":0.196889,"56":0.005114,"57":0.452589,"58":0.007671,"59":0.015342,"60":0.002557,"61":0,"62":0.007671,"63":0.020456,"64":0.005114,"65":0.28127,"66":1.569998,"67":0.007671,"68":0.002557,"69":0},"firefox":{"2":0.002557,"3":0,"3.5":0.002557,"3.6":0.005114,"4":0,"5":0,"6":0,"7":0,"8":0,"9":0,"10":0.007671,"11":0,"12":0.002557,"13":0,"14":0,"15":0,"16":0,"17":0,"18":0,"19":0.002557,"20":0.002557,"21":0.002557,"22":0.002557,"23":0.002557,"24":0.005114,"25":0,"26":0,"27":0.002557,"28":0.007671,"29":0.002557,"30":0.007671,"31":0.028127,"32":0.007671,"33":0.005114,"34":0.005114,"35":0.002557,"36":0.017899,"37":0,"38":0.010228,"39":0,"40":0.005114,"41":0,"42":0,"43":0.033241,"44":0.012785,"45":0.058811,"46":0.002557,"47":0.035798,"48":0.028127,"49":0.005114,"50":0,"51":0.002557,"52":0.069039,"53":0.002557,"54":0.002557,"55":0.005114,"56":0.010228,"57":0.010228,"58":0.017899,"59":0.902621,"60":0.708289,"61":0,"62":0},"opera":{"9":0,"9.5-9.6":0,"10.0-10.1":0,"10.5":0,"10.6":0,"11":0,"11.1":0,"11.5":0,"11.6":0,"12":0,"12.1":0.040912,"15":0,"16":0.005114,"17":0,"18":0.002557,"19":0,"20":0,"21":0,"22":0.005114,"23":0.023013,"24":0,"25":0,"26":0,"27":0,"28":0.005114,"29":0,"30":0,"31":0,"32":0.002557,"33":0,"34":0,"35":0,"36":0.007671,"37":0.007671,"38":0,"39":0,"40":0,"41":0,"42":0.002557,"43":0.002557,"44":0,"45":0,"46":0,"47":0,"48":0,"49":0,"50":0.007671,"51":0.005114,"52":0.199446,"53":0.033241},"safari":{"3.1":0,"3.2":0,"4":0,"5":0,"5.1":0,"6":0,"6.1":0,"7":0,"7.1":0,"8":0,"9":0,"9.1":0.012785,"10":0.002557,"10.1":0.002557,"11":0.007671,"11.1":0.048583,"0":null},"ios_saf":{"3.2":0.000190033816425,"4.0-4.1":0,"4.2-4.3":0.00038006763285,"5.0-5.1":0.0030405410628,"6.0-6.1":0.00190033816425,"7.0-7.1":0.00798142028986,"8":0.00190033816425,"8.1-8.4":0.0134924009662,"9.0-9.2":0.0106418937198,"9.3":0.0657517004831,"10.0-10.2":0.0610008550725,"10.3":0.139484821256,"11.0-11.2":0.415033855072,"11.3":1.1673777343},"android":{"2.1":0,"2.2":0,"2.3":0,"3":0,"4":0,"4.1":0.401884899576,"4.2-4.3":0.921394647808,"4.4":3.47973510608,"4.4.3-4.4.4":2.12704934653,"66":null},"op_mob":{"10":null,"11":null,"11.1":null,"11.5":null,"12":null,"12.1":null,"0":null},"ie":{"5.5":0,"6":0,"7":0,"8":0.043469,"9":0,"10":0.10228,"11":0.271042},"edge":{"12":0.02557,"13":0.028127,"14":0.012785,"15":0.010228,"16":0.086938,"17":0.007671,"18":null},"samsung":{"4":0.82602314094,"5":0.370651409396,"6.2":0.243570926174},"bb":{"7":0.0014886,"10":0.0059544},"ie_mob":{"10":0,"11":0.692199},"and_uc":{"0":4.428585},"op_mini":{"0":11.9439048711},"and_chr":{"0":61.212237},"baidu":{"0":null},"and_ff":{"0":0.104202},"and_qq":{"1.2":null}},"total":94.3312673476}