{"id":"CG","name":"Congo, Republic of the","month":"2018-05","access_date":"2018-06-04","data":{"chrome":{"4":0.008548,"5":null,"6":null,"7":null,"8":null,"9":null,"10":null,"11":0.055562,"12":null,"13":null,"14":null,"15":null,"16":null,"17":0.004274,"18":0.008548,"19":null,"20":null,"21":null,"22":0.006411,"23":null,"24":0.002137,"25":0.006411,"26":0.004274,"27":0.002137,"28":null,"29":0.010685,"30":0.02137,"31":0.004274,"32":0.017096,"33":0.014959,"34":null,"35":null,"36":0.002137,"37":null,"38":0.006411,"39":0.004274,"40":0.002137,"41":null,"42":0.002137,"43":0.123946,"44":null,"45":0.012822,"46":0.002137,"47":0.004274,"48":0.119672,"49":0.239344,"50":0.004274,"51":0.012822,"52":null,"53":0.008548,"54":0.004274,"55":0.111124,"56":0.014959,"57":0.004274,"58":0.162412,"59":0.029918,"60":0.108987,"61":0.019233,"62":0.081206,"63":0.076932,"64":0.057699,"65":0.557757,"66":7.361965,"67":0.070521,"68":0.034192,"69":null},"firefox":{"2":null,"3":0.476551,"3.5":0.008548,"3.6":null,"4":0.002137,"5":null,"6":null,"7":0.004274,"8":0.008548,"9":null,"10":0.008548,"11":null,"12":0.014959,"13":0.002137,"14":0.004274,"15":0.004274,"16":0.008548,"17":null,"18":0.006411,"19":0.012822,"20":null,"21":null,"22":null,"23":0.006411,"24":null,"25":0.004274,"26":0.006411,"27":null,"28":0.008548,"29":0.008548,"30":0.006411,"31":0.006411,"32":0.038466,"33":0.010685,"34":0.004274,"35":0.008548,"36":0.034192,"37":0.002137,"38":0.010685,"39":0.008548,"40":0.029918,"41":0.02137,"42":0.032055,"43":0.070521,"44":0.006411,"45":0.008548,"46":0.006411,"47":0.123946,"48":0.034192,"49":0.019233,"50":0.002137,"51":0.010685,"52":0.166686,"53":0.006411,"54":0.010685,"55":0.012822,"56":0.074795,"57":0.108987,"58":0.083343,"59":2.228891,"60":2.002369,"61":0.049151,"62":null},"opera":{"9":null,"9.5-9.6":null,"10.0-10.1":0,"10.5":null,"10.6":null,"11":0.006411,"11.1":null,"11.5":null,"11.6":0.017096,"12":null,"12.1":0.027781,"15":null,"16":null,"17":0.004274,"18":null,"19":0.004274,"20":0.004274,"21":0.004274,"22":null,"23":null,"24":null,"25":null,"26":null,"27":null,"28":null,"29":null,"30":0.004274,"31":null,"32":null,"33":null,"34":0.014959,"35":0.004274,"36":0.025644,"37":0.019233,"38":null,"39":null,"40":0.002137,"41":null,"42":0.138905,"43":0.002137,"44":0.006411,"45":0.006411,"46":0.023507,"47":0.023507,"48":0.004274,"49":0.010685,"50":0.029918,"51":0.119672,"52":0.908225,"53":0.247892},"safari":{"3.1":null,"3.2":null,"4":0,"5":null,"5.1":0.008548,"6":0.002137,"6.1":0.014959,"7":null,"7.1":0.019233,"8":0.023507,"9":0.004274,"9.1":0.083343,"10":0.068384,"10.1":0.04274,"11":0.166686,"11.1":0.138905,"0":null},"ios_saf":{"3.2":0.000296761775362,"4.0-4.1":0,"4.2-4.3":0.000593523550725,"5.0-5.1":0.0047481884058,"6.0-6.1":0.00296761775362,"7.0-7.1":0.0124639945652,"8":0.00296761775362,"8.1-8.4":0.0210700860507,"9.0-9.2":0.0166186594203,"9.3":0.102679574275,"10.0-10.2":0.0952605298913,"10.3":0.217823143116,"11.0-11.2":0.648127717391,"11.3":1.82300758605},"android":{"2.1":0,"2.2":0,"2.3":0,"3":0,"4":0,"4.1":0.451883384724,"4.2-4.3":1.03602532107,"4.4":3.91264881895,"4.4.3-4.4.4":2.39167547525,"66":null},"op_mob":{"10":null,"11":null,"11.1":null,"11.5":null,"12":null,"12.1":null,"0":null},"ie":{"5.5":null,"6":null,"7":0.00218152083333,"8":0.091623875,"9":0.0109076041667,"10":0.0610825833333,"11":1.09076041667},"edge":{"12":0.160275,"13":0.047014,"14":0.049151,"15":0.047014,"16":0.369701,"17":0.029918,"18":null},"samsung":{"4":1.07552870103,"5":0.150775051546,"6.2":0.693565237113},"bb":{"7":0.062904,"10":0.251616},"ie_mob":{"10":0.248995,"11":0.222785},"and_uc":{"0":24.68982},"op_mini":{"0":10.3697433144},"and_chr":{"0":29.730891},"baidu":{"0":null},"and_ff":{"0":0.306657},"and_qq":{"1.2":null}},"total":97.9801533041}