{"id":"CK","name":"Cook Islands","month":"2018-05","access_date":"2018-06-04","data":{"chrome":{"4":0,"5":0,"6":0,"7":0,"8":0,"9":0,"10":0,"11":0,"12":0,"13":0,"14":0,"15":0,"16":0,"17":0.0159,"18":0,"19":0,"20":0,"21":0,"22":0,"23":0,"24":0,"25":0,"26":0,"27":0,"28":0,"29":0,"30":0,"31":0,"32":0,"33":0,"34":0,"35":0,"36":0,"37":0,"38":0,"39":0,"40":0,"41":0,"42":0,"43":0,"44":0.0053,"45":0,"46":0,"47":0,"48":0.0159,"49":0.2438,"50":0,"51":0,"52":0,"53":0,"54":0.0159,"55":0.0477,"56":0,"57":0,"58":0.0053,"59":0.0053,"60":0.0053,"61":0.0159,"62":0.0318,"63":0.0583,"64":0.053,"65":0.7049,"66":9.8209,"67":0.0689,"68":0,"69":0},"firefox":{"2":0,"3":0,"3.5":0,"3.6":0,"4":0,"5":0.0053,"6":0,"7":0,"8":0,"9":0,"10":0,"11":0,"12":0,"13":0,"14":0,"15":0,"16":0,"17":0,"18":0,"19":0,"20":0,"21":0,"22":0,"23":0,"24":0,"25":0,"26":0,"27":0,"28":0,"29":0.0053,"30":0,"31":0,"32":0,"33":0,"34":0,"35":0,"36":0,"37":0,"38":0.0106,"39":0,"40":0,"41":0,"42":0,"43":0.0159,"44":0,"45":0,"46":0.0053,"47":0.0053,"48":0.0159,"49":0.0318,"50":0,"51":0,"52":0.0901,"53":0,"54":0,"55":0,"56":0.0053,"57":0.0265,"58":0.0265,"59":0.6625,"60":0.5353,"61":0.0159,"62":0},"opera":{"9":0,"9.5-9.6":0,"10.0-10.1":0,"10.5":0,"10.6":0,"11":0,"11.1":0,"11.5":0,"11.6":0,"12":0,"12.1":0,"15":0,"16":0,"17":0,"18":0,"19":0,"20":0,"21":0,"22":0.0053,"23":0,"24":0,"25":0,"26":0,"27":0,"28":0,"29":0,"30":0,"31":0,"32":0,"33":0,"34":0,"35":0,"36":0,"37":0.0583,"38":0,"39":0,"40":0,"41":0,"42":0,"43":0,"44":0,"45":0,"46":0,"47":0,"48":0,"49":0.0053,"50":0,"51":0,"52":0.0159,"53":0},"safari":{"3.1":0,"3.2":0,"4":0.0053,"5":0,"5.1":0,"6":0,"6.1":0,"7":0,"7.1":0,"8":0.0053,"9":0,"9.1":0.0371,"10":0.0636,"10.1":0.0318,"11":0.159,"11.1":0.3816,"0":null},"ios_saf":{"3.2":0.00283041465378,"4.0-4.1":0,"4.2-4.3":0.00566082930757,"5.0-5.1":0.0452866344605,"6.0-6.1":0.0283041465378,"7.0-7.1":0.118877415459,"8":0.0283041465378,"8.1-8.4":0.200959440419,"9.0-9.2":0.158503220612,"9.3":0.979323470209,"10.0-10.2":0.908563103865,"10.3":2.07752435588,"11.0-11.2":6.18162560386,"11.3":17.3872372182},"android":{"2.1":0,"2.2":0,"2.3":0,"3":0,"4":0,"4.1":0.0228138613861,"4.2-4.3":0.052304950495,"4.4":0.197534653465,"4.4.3-4.4.4":0.120746534653,"66":null},"op_mob":{"10":null,"11":null,"11.1":null,"11.5":null,"12":null,"12.1":null,"0":null},"ie":{"5.5":0,"6":0,"7":0,"8":2.7242,"9":0,"10":0,"11":9.2485},"edge":{"12":0.0689,"13":0.0371,"14":0.0318,"15":0.0477,"16":0.6731,"17":0.0318,"18":null},"samsung":{"4":1.23641494845,"5":0.356255154639,"6.2":2.16896520619},"bb":{"7":0.0047,"10":0.0188},"ie_mob":{"10":0,"11":0.2632},"and_uc":{"0":0.4089},"op_mini":{"0":0.320375257732},"and_chr":{"0":37.1085},"baidu":{"0":null},"and_ff":{"0":0.3431},"and_qq":{"1.2":null}},"total":96.948810567}