{"id":"CL","name":"Chile","month":"2018-05","access_date":"2018-06-04","data":{"chrome":{"4":0,"5":0,"6":0,"7":0,"8":0,"9":0,"10":0,"11":0,"12":0,"13":0,"14":0,"15":0,"16":0,"17":0,"18":0.005918,"19":0,"20":0,"21":0,"22":0.017754,"23":0,"24":0,"25":0,"26":0.005918,"27":0,"28":0,"29":0.047344,"30":0.005918,"31":0.005918,"32":0.005918,"33":0,"34":0.017754,"35":0,"36":0.005918,"37":0.005918,"38":0.076934,"39":0.005918,"40":0,"41":0,"42":0,"43":0.011836,"44":0.005918,"45":0.005918,"46":0.011836,"47":0.005918,"48":0.011836,"49":0.597718,"50":0.005918,"51":0.035508,"52":0.011836,"53":0.005918,"54":0.011836,"55":0.023672,"56":0.065098,"57":0.023672,"58":0.112442,"59":0.047344,"60":0.065098,"61":0.053262,"62":0.08877,"63":0.171622,"64":0.201212,"65":1.580106,"66":23.234068,"67":0.159786,"68":0.011836,"69":0},"firefox":{"2":0,"3":0,"3.5":0,"3.6":0,"4":0,"5":0,"6":0,"7":0,"8":0,"9":0,"10":0,"11":0,"12":0,"13":0,"14":0,"15":0,"16":0,"17":0,"18":0,"19":0,"20":0,"21":0,"22":0,"23":0,"24":0,"25":0,"26":0,"27":0,"28":0,"29":0,"30":0,"31":0,"32":0,"33":0,"34":0.011836,"35":0,"36":0,"37":0,"38":0.005918,"39":0.005918,"40":0,"41":0,"42":0,"43":0.005918,"44":0,"45":0.005918,"46":0.005918,"47":0.017754,"48":0.065098,"49":0.005918,"50":0.011836,"51":0.005918,"52":0.11836,"53":0.005918,"54":0.011836,"55":0.005918,"56":0.023672,"57":0.035508,"58":0.02959,"59":1.148092,"60":0.881782,"61":0.023672,"62":0},"opera":{"9":0,"9.5-9.6":0,"10.0-10.1":0,"10.5":0,"10.6":0,"11":0,"11.1":0,"11.5":0,"11.6":0,"12":0,"12.1":0.005918,"15":0,"16":0,"17":0,"18":0,"19":0,"20":0,"21":0,"22":0,"23":0,"24":0,"25":0,"26":0,"27":0,"28":0,"29":0,"30":0,"31":0,"32":0.005918,"33":0.005918,"34":0,"35":0,"36":0.005918,"37":0.005918,"38":0,"39":0,"40":0,"41":0,"42":0,"43":0,"44":0,"45":0.005918,"46":0.005918,"47":0.005918,"48":0.011836,"49":0.005918,"50":0,"51":0.005918,"52":0.5918,"53":0.142032},"safari":{"3.1":0,"3.2":0,"4":0,"5":0,"5.1":0.011836,"6":0,"6.1":0.005918,"7":0,"7.1":0.011836,"8":0.035508,"9":0.076934,"9.1":0.159786,"10":0.112442,"10.1":0.248556,"11":0.372834,"11.1":0.982388,"0":null},"ios_saf":{"3.2":0.00103049919485,"4.0-4.1":0,"4.2-4.3":0.00206099838969,"5.0-5.1":0.0164879871176,"6.0-6.1":0.0103049919485,"7.0-7.1":0.0432809661836,"8":0.0103049919485,"8.1-8.4":0.0731654428341,"9.0-9.2":0.0577079549114,"9.3":0.356552721417,"10.0-10.2":0.330790241546,"10.3":0.756386409018,"11.0-11.2":2.25061024155,"11.3":6.33035655395},"android":{"2.1":0,"2.2":0,"2.3":0,"3":0,"4":0,"4.1":0.046476950495,"4.2-4.3":0.106556910891,"4.4":0.402422376238,"4.4.3-4.4.4":0.245987762376,"66":null},"op_mob":{"10":null,"11":null,"11.1":null,"11.5":null,"12":null,"12.1":null,"0":null},"ie":{"5.5":0,"6":0.00595719205298,"7":0.00595719205298,"8":0.0714863046358,"9":0.0357431523179,"10":0.0357431523179,"11":0.744649006623},"edge":{"12":0.011836,"13":0.017754,"14":0.035508,"15":0.041426,"16":0.455686,"17":0.082852,"18":null},"samsung":{"4":0.455050227273,"5":0.0808978181818,"6.2":0.758417045455},"bb":{"7":0.0008164,"10":0.0032656},"ie_mob":{"10":0.0114296,"11":0.0457184},"and_uc":{"0":0.053066},"op_mini":{"0":0.212551563574},"and_chr":{"0":51.73909},"baidu":{"0":null},"and_ff":{"0":0.130624},"and_qq":{"1.2":null}},"total":98.0983066545}