{"id":"CM","name":"Cameroon","month":"2018-05","access_date":"2018-06-04","data":{"chrome":{"4":0,"5":0,"6":0,"7":0,"8":0,"9":0,"10":0,"11":0.007071,"12":0,"13":0.002357,"14":0,"15":0,"16":0,"17":0,"18":0.002357,"19":0.002357,"20":0,"21":0,"22":0,"23":0,"24":0,"25":0.002357,"26":0.002357,"27":0,"28":0.002357,"29":0.028284,"30":0.004714,"31":0.002357,"32":0,"33":0.002357,"34":0.004714,"35":0.002357,"36":0.007071,"37":0.009428,"38":0.002357,"39":0,"40":0.004714,"41":0,"42":0.002357,"43":0.018856,"44":0,"45":0.004714,"46":0.002357,"47":0,"48":0.002357,"49":0.089566,"50":0.007071,"51":0.004714,"52":0,"53":0.002357,"54":0.002357,"55":0.014142,"56":0.007071,"57":0.004714,"58":0.035355,"59":0.004714,"60":0.035355,"61":0.009428,"62":0.016499,"63":0.042426,"64":0.025927,"65":0.181489,"66":1.725324,"67":0.016499,"68":0.014142,"69":0},"firefox":{"2":0,"3":0.011785,"3.5":0,"3.6":0.004714,"4":0.004714,"5":0,"6":0,"7":0,"8":0,"9":0,"10":0,"11":0,"12":0,"13":0,"14":0,"15":0.002357,"16":0,"17":0,"18":0,"19":0.002357,"20":0.007071,"21":0,"22":0.002357,"23":0.002357,"24":0.002357,"25":0.002357,"26":0,"27":0.002357,"28":0.002357,"29":0.004714,"30":0.004714,"31":0.004714,"32":0.004714,"33":0.002357,"34":0.014142,"35":0.004714,"36":0.002357,"37":0.004714,"38":0.009428,"39":0.004714,"40":0.004714,"41":0.004714,"42":0.009428,"43":0.032998,"44":0.009428,"45":0.014142,"46":0.004714,"47":0.04714,"48":0.037712,"49":0.025927,"50":0.018856,"51":0.007071,"52":0.153205,"53":0.009428,"54":0.009428,"55":0.014142,"56":0.02357,"57":0.035355,"58":0.028284,"59":0.784881,"60":0.577465,"61":0.030641,"62":0.002357},"opera":{"9":0,"9.5-9.6":0,"10.0-10.1":0,"10.5":0,"10.6":0,"11":0,"11.1":0,"11.5":0,"11.6":0,"12":0.002357,"12.1":0.032998,"15":0,"16":0.002357,"17":0,"18":0,"19":0.002357,"20":0.02357,"21":0.002357,"22":0.002357,"23":0.011785,"24":0,"25":0,"26":0,"27":0,"28":0.002357,"29":0.004714,"30":0.002357,"31":0,"32":0.009428,"33":0.009428,"34":0.002357,"35":0.004714,"36":0.007071,"37":0.002357,"38":0,"39":0,"40":0.002357,"41":0,"42":0.004714,"43":0.002357,"44":0,"45":0.002357,"46":0.004714,"47":0,"48":0.004714,"49":0.002357,"50":0.011785,"51":0.009428,"52":0.242771,"53":0.054211},"safari":{"3.1":0,"3.2":0,"4":0,"5":0,"5.1":0,"6":0,"6.1":0,"7":0,"7.1":0.002357,"8":0.002357,"9":0,"9.1":0.009428,"10":0.004714,"10.1":0.009428,"11":0.009428,"11.1":0.037712,"0":null},"ios_saf":{"3.2":0.000221820048309,"4.0-4.1":0,"4.2-4.3":0.000443640096618,"5.0-5.1":0.00354912077295,"6.0-6.1":0.00221820048309,"7.0-7.1":0.00931644202899,"8":0.00221820048309,"8.1-8.4":0.01574922343,"9.0-9.2":0.0124219227053,"9.3":0.076749736715,"10.0-10.2":0.0712042355072,"10.3":0.162815915459,"11.0-11.2":0.484454985507,"11.3":1.36264055676},"android":{"2.1":0,"2.2":0,"2.3":0,"3":0,"4":0,"4.1":0.312935138614,"4.2-4.3":0.717461049505,"4.4":2.70956034653,"4.4.3-4.4.4":1.65626646535,"66":null},"op_mob":{"10":null,"11":null,"11.1":null,"11.5":null,"12":null,"12.1":null,"0":null},"ie":{"5.5":0,"6":0.007071,"7":0.002357,"8":0.025927,"9":0.004714,"10":0.009428,"11":0.096637},"edge":{"12":0.016499,"13":0.016499,"14":0.032998,"15":0.061282,"16":0.082495,"17":0.009428,"18":null},"samsung":{"4":0.662393333333,"5":0.091716,"6.2":0.336292},"bb":{"7":0.0198718,"10":0.0794872},"ie_mob":{"10":0.155325483871,"11":0.532544516129},"and_uc":{"0":16.065586},"op_mini":{"0":12.9088431478},"and_chr":{"0":47.060939},"baidu":{"0":null},"and_ff":{"0":0.366864},"and_qq":{"1.2":null}},"total":91.1409134811}