{"id":"CO","name":"Colombia","month":"2018-05","access_date":"2018-06-04","data":{"chrome":{"4":0,"5":0,"6":0,"7":0,"8":0,"9":0,"10":0,"11":0.007487,"12":0,"13":0,"14":0,"15":0,"16":0,"17":0,"18":0.007487,"19":0,"20":0,"21":0,"22":0.044922,"23":0,"24":0,"25":0.007487,"26":0.022461,"27":0,"28":0.007487,"29":0.037435,"30":0.014974,"31":0.014974,"32":0.007487,"33":0.007487,"34":0.014974,"35":0,"36":0.014974,"37":0.022461,"38":0.067383,"39":0.007487,"40":0,"41":0.007487,"42":0,"43":0.014974,"44":0.014974,"45":0.007487,"46":0.022461,"47":0.014974,"48":0.014974,"49":0.539064,"50":0.022461,"51":0.067383,"52":0.022461,"53":0.022461,"54":0.029948,"55":0.037435,"56":0.112305,"57":0.044922,"58":0.262045,"59":0.134766,"60":0.14974,"61":0.142253,"62":0.194662,"63":0.419272,"64":0.441733,"65":2.403327,"66":42.129349,"67":0.29948,"68":0.022461,"69":0},"firefox":{"2":0,"3":0.014974,"3.5":0,"3.6":0,"4":0,"5":0,"6":0,"7":0,"8":0,"9":0,"10":0,"11":0,"12":0,"13":0,"14":0,"15":0,"16":0,"17":0,"18":0,"19":0,"20":0,"21":0,"22":0,"23":0.007487,"24":0,"25":0,"26":0,"27":0,"28":0,"29":0.007487,"30":0.007487,"31":0.007487,"32":0,"33":0,"34":0.014974,"35":0,"36":0,"37":0,"38":0.007487,"39":0.007487,"40":0,"41":0,"42":0,"43":0.014974,"44":0,"45":0.007487,"46":0,"47":0.014974,"48":0.052409,"49":0.007487,"50":0.037435,"51":0.022461,"52":0.07487,"53":0.014974,"54":0.029948,"55":0.014974,"56":0.029948,"57":0.052409,"58":0.044922,"59":1.138024,"60":0.853518,"61":0.014974,"62":0},"opera":{"9":0,"9.5-9.6":0,"10.0-10.1":0,"10.5":0,"10.6":0,"11":0,"11.1":0,"11.5":0,"11.6":0,"12":0,"12.1":0.007487,"15":0,"16":0,"17":0,"18":0,"19":0,"20":0,"21":0,"22":0,"23":0,"24":0,"25":0,"26":0,"27":0,"28":0,"29":0,"30":0,"31":0,"32":0,"33":0,"34":0,"35":0,"36":0,"37":0,"38":0,"39":0,"40":0,"41":0,"42":0,"43":0,"44":0,"45":0,"46":0,"47":0,"48":0.007487,"49":0.007487,"50":0.007487,"51":0.007487,"52":0.464194,"53":0.127279},"safari":{"3.1":0,"3.2":0,"4":0,"5":0,"5.1":0.007487,"6":0.007487,"6.1":0.119792,"7":0.022461,"7.1":0,"8":0.059896,"9":0.119792,"9.1":0.179688,"10":0.097331,"10.1":0.306967,"11":0.471681,"11.1":1.250329,"0":null},"ios_saf":{"3.2":0.000409548409823,"4.0-4.1":0,"4.2-4.3":0.000819096819646,"5.0-5.1":0.00655277455717,"6.0-6.1":0.00409548409823,"7.0-7.1":0.0172010332126,"8":0.00409548409823,"8.1-8.4":0.0290779370974,"9.0-9.2":0.0229347109501,"9.3":0.141703749799,"10.0-10.2":0.131465039553,"10.3":0.30060853281,"11.0-11.2":0.894453727053,"11.3":2.51585588154},"android":{"2.1":0,"2.2":0,"2.3":0,"3":0,"4":0,"4.1":0.0710190169731,"4.2-4.3":0.162824087694,"4.4":0.614920756719,"4.4.3-4.4.4":0.375881138614,"66":null},"op_mob":{"10":null,"11":null,"11.1":null,"11.5":null,"12":null,"12.1":null,"0":null},"ie":{"5.5":0,"6":0,"7":0,"8":0.068332056338,"9":0.0151849014085,"10":0.0227773521127,"11":0.432769690141},"edge":{"12":0.014974,"13":0.014974,"14":0.044922,"15":0.052409,"16":0.456707,"17":0.097331,"18":null},"samsung":{"4":0.358816420455,"5":0.0410075909091,"6.2":0.481839193182},"bb":{"7":0.0030156,"10":0.0120624},"ie_mob":{"10":0.0217793333333,"11":0.108896666667},"and_uc":{"0":1.389689},"op_mini":{"0":0.121336448454},"and_chr":{"0":34.816492},"baidu":{"0":null},"and_ff":{"0":0.060312},"and_qq":{"1.2":null}},"total":97.603848653}