{"id":"CR","name":"Costa Rica","month":"2018-05","access_date":"2018-06-04","data":{"chrome":{"4":0,"5":0.006604,"6":0,"7":0,"8":0,"9":0,"10":0,"11":0.013208,"12":0,"13":0,"14":0,"15":0,"16":0,"17":0,"18":0,"19":0,"20":0,"21":0,"22":0.019812,"23":0,"24":0,"25":0,"26":0,"27":0,"28":0,"29":0.013208,"30":0.006604,"31":0.006604,"32":0.006604,"33":0,"34":0,"35":0.006604,"36":0.019812,"37":0.013208,"38":0.019812,"39":0,"40":0.006604,"41":0,"42":0,"43":0.006604,"44":0.006604,"45":0.006604,"46":0.006604,"47":0.019812,"48":0.006604,"49":0.554736,"50":0.006604,"51":0.006604,"52":0.013208,"53":0.006604,"54":0.006604,"55":0.013208,"56":0.039624,"57":0.026416,"58":0.052832,"59":0.026416,"60":0.06604,"61":0.052832,"62":0.092456,"63":0.151892,"64":0.151892,"65":1.88214,"66":28.014168,"67":0.1651,"68":0.013208,"69":0},"firefox":{"2":0,"3":0,"3.5":0,"3.6":0,"4":0,"5":0,"6":0,"7":0,"8":0,"9":0,"10":0,"11":0,"12":0,"13":0,"14":0,"15":0,"16":0,"17":0,"18":0,"19":0,"20":0,"21":0,"22":0,"23":0,"24":0,"25":0,"26":0,"27":0,"28":0,"29":0.006604,"30":0,"31":0,"32":0,"33":0,"34":0.006604,"35":0,"36":0,"37":0,"38":0.006604,"39":0,"40":0,"41":0.006604,"42":0,"43":0.006604,"44":0.006604,"45":0.013208,"46":0,"47":0.013208,"48":0.06604,"49":0.006604,"50":0.006604,"51":0.006604,"52":0.118872,"53":0.013208,"54":0.019812,"55":0.006604,"56":0.026416,"57":0.059436,"58":0.046228,"59":1.58496,"60":1.215136,"61":0.026416,"62":0.006604},"opera":{"9":0,"9.5-9.6":0,"10.0-10.1":0,"10.5":0,"10.6":0,"11":0,"11.1":0,"11.5":0,"11.6":0,"12":0,"12.1":0.006604,"15":0,"16":0,"17":0.013208,"18":0,"19":0,"20":0,"21":0,"22":0,"23":0,"24":0,"25":0,"26":0,"27":0.006604,"28":0,"29":0.006604,"30":0,"31":0,"32":0,"33":0.006604,"34":0,"35":0,"36":0.006604,"37":0,"38":0,"39":0,"40":0,"41":0,"42":0,"43":0.006604,"44":0,"45":0.006604,"46":0.013208,"47":0,"48":0,"49":0,"50":0,"51":0,"52":0.3302,"53":0.079248},"safari":{"3.1":0,"3.2":0,"4":0,"5":0.006604,"5.1":0.026416,"6":0.019812,"6.1":0.03302,"7":0.006604,"7.1":0,"8":0.019812,"9":0.323596,"9.1":0.250952,"10":0.158496,"10.1":0.488696,"11":0.766064,"11.1":2.1463,"0":null},"ios_saf":{"3.2":0.000966258856683,"4.0-4.1":0,"4.2-4.3":0.00193251771337,"5.0-5.1":0.0154601417069,"6.0-6.1":0.00966258856683,"7.0-7.1":0.0405828719807,"8":0.00966258856683,"8.1-8.4":0.0686043788245,"9.0-9.2":0.0541104959742,"9.3":0.334325564412,"10.0-10.2":0.310169092995,"10.3":0.709234000805,"11.0-11.2":2.110309343,"11.3":5.9357281566},"android":{"2.1":0,"2.2":0,"2.3":0,"3":0,"4":0,"4.1":0.118781697313,"4.2-4.3":0.272328769448,"4.4":1.02847567185,"4.4.3-4.4.4":0.628673861386,"66":null},"op_mob":{"10":null,"11":null,"11.1":null,"11.5":null,"12":null,"12.1":null,"0":null},"ie":{"5.5":0,"6":0,"7":0,"8":0.019812,"9":0.013208,"10":0.019812,"11":1.928368},"edge":{"12":0.013208,"13":0.019812,"14":0.059436,"15":0.059436,"16":0.6604,"17":0.151892,"18":null},"samsung":{"4":0.630884181818,"5":0.144793090909,"6.2":1.65477818182},"bb":{"7":0.0006792,"10":0.0027168},"ie_mob":{"10":0.014716,"11":0.07358},"and_uc":{"0":0.18678},"op_mini":{"0":0.688034268041},"and_chr":{"0":39.58026},"baidu":{"0":null},"and_ff":{"0":0.105276},"and_qq":{"1.2":null}},"total":97.2150377226}