{"id":"CU","name":"Cuba","month":"2018-05","access_date":"2018-06-04","data":{"chrome":{"4":0.014642,"5":0,"6":0,"7":0,"8":0,"9":0,"10":0,"11":0.007321,"12":0,"13":0,"14":0,"15":0,"16":0,"17":0,"18":0.036605,"19":0,"20":0,"21":0,"22":0.007321,"23":0.021963,"24":0,"25":0.007321,"26":0,"27":0.029284,"28":0.007321,"29":0.014642,"30":0.007321,"31":0.007321,"32":0.014642,"33":0.007321,"34":0.036605,"35":0,"36":0.007321,"37":0.007321,"38":0.021963,"39":0.007321,"40":0.007321,"41":0,"42":0.014642,"43":0.007321,"44":0.021963,"45":0.007321,"46":0.036605,"47":0.021963,"48":0,"49":0.131778,"50":0.029284,"51":0.036605,"52":0.021963,"53":0.043926,"54":0.095173,"55":0.036605,"56":0.051247,"57":0.043926,"58":0.065889,"59":0.051247,"60":0.117136,"61":0.029284,"62":0.505149,"63":0.285519,"64":0.14642,"65":0.636927,"66":5.014885,"67":0.036605,"68":0.007321,"69":0},"firefox":{"2":0.007321,"3":0.007321,"3.5":0.007321,"3.6":0.058568,"4":0.007321,"5":0,"6":0.007321,"7":0.021963,"8":0.007321,"9":0,"10":0.014642,"11":0.014642,"12":0.007321,"13":0.007321,"14":0.007321,"15":0.043926,"16":0.007321,"17":0.021963,"18":0.007321,"19":0.014642,"20":0.029284,"21":0.029284,"22":0.007321,"23":0.117136,"24":0.058568,"25":0.07321,"26":0.109815,"27":0.688174,"28":0.021963,"29":0.065889,"30":0.051247,"31":0.109815,"32":0.065889,"33":0.256235,"34":0.761384,"35":0.161062,"36":0.109815,"37":0.300161,"38":0.519791,"39":0.307482,"40":0.644248,"41":0.278198,"42":0.300161,"43":0.812631,"44":0.197667,"45":3.29445,"46":0.578359,"47":1.288496,"48":0.58568,"49":0.578359,"50":1.376348,"51":0.43926,"52":2.152374,"53":0.446581,"54":1.735077,"55":0.417297,"56":1.339743,"57":2.913758,"58":1.896139,"59":9.876029,"60":6.932987,"61":0.402655,"62":0.07321},"opera":{"9":0,"9.5-9.6":0,"10.0-10.1":0,"10.5":0,"10.6":0,"11":0,"11.1":0,"11.5":0,"11.6":0.021963,"12":0,"12.1":0.014642,"15":0,"16":0,"17":0.007321,"18":0,"19":0,"20":0,"21":0,"22":0,"23":0,"24":0,"25":0,"26":0,"27":0,"28":0,"29":0.021963,"30":0.007321,"31":0.007321,"32":0,"33":0.007321,"34":0.007321,"35":0.007321,"36":0.014642,"37":0.014642,"38":0,"39":0,"40":0.007321,"41":0,"42":0.043926,"43":0,"44":0,"45":0.021963,"46":0.014642,"47":0.021963,"48":0.014642,"49":0.014642,"50":0.007321,"51":0.036605,"52":0.475865,"53":0.124457},"safari":{"3.1":0,"3.2":0,"4":0,"5":0,"5.1":0.007321,"6":0,"6.1":0,"7":0,"7.1":0,"8":0.007321,"9":0.007321,"9.1":0.102494,"10":0.014642,"10.1":0.058568,"11":0.065889,"11.1":0.036605,"0":null},"ios_saf":{"3.2":0.000283814714171,"4.0-4.1":0,"4.2-4.3":0.000567629428341,"5.0-5.1":0.00454103542673,"6.0-6.1":0.00283814714171,"7.0-7.1":0.0119202179952,"8":0.00283814714171,"8.1-8.4":0.0201508447061,"9.0-9.2":0.0158936239936,"9.3":0.0981998911031,"10.0-10.2":0.0911045232488,"10.3":0.208320000201,"11.0-11.2":0.619851335749,"11.3":1.74347378915},"android":{"2.1":0,"2.2":0,"2.3":0,"3":0,"4":0,"4.1":0.143504465347,"4.2-4.3":0.329010237624,"4.4":1.24253866337,"4.4.3-4.4.4":0.759523633663,"66":null},"op_mob":{"10":null,"11":null,"11.1":null,"11.5":null,"12":null,"12.1":null,"0":null},"ie":{"5.5":0,"6":0,"7":0,"8":0.153741,"9":0.036605,"10":0.058568,"11":0.819952},"edge":{"12":0.058568,"13":0.117136,"14":0.117136,"15":0.102494,"16":0.14642,"17":0.021963,"18":null},"samsung":{"4":0.478718732673,"5":0.101855049505,"6.2":0.40742019802},"bb":{"7":0.0021432,"10":0.0085728},"ie_mob":{"10":0.0226226666667,"11":0.0791793333333},"and_uc":{"0":0.650997},"op_mini":{"0":0.31450171134},"and_chr":{"0":35.793116},"baidu":{"0":null},"and_ff":{"0":1.36629},"and_qq":{"1.2":null}},"total":97.8095356915}