{"id":"CV","name":"Cape Verde","month":"2018-05","access_date":"2018-06-04","data":{"chrome":{"4":0,"5":0,"6":0,"7":0,"8":0,"9":0,"10":0,"11":0,"12":0,"13":0,"14":0,"15":0,"16":0,"17":0,"18":0,"19":0,"20":0,"21":0,"22":0,"23":0,"24":0,"25":0,"26":0.004764,"27":0,"28":0,"29":0,"30":0,"31":0,"32":0.004764,"33":0.009528,"34":0,"35":0.009528,"36":0.038112,"37":0,"38":0,"39":0.004764,"40":0.09528,"41":0,"42":0.014292,"43":0.362064,"44":0,"45":0.009528,"46":0.014292,"47":0.004764,"48":0,"49":0.300132,"50":0.061932,"51":0.028584,"52":0.004764,"53":0.042876,"54":0.004764,"55":0.09528,"56":0.019056,"57":0.009528,"58":0.080988,"59":0.014292,"60":0.07146,"61":0.009528,"62":0.07146,"63":0.100044,"64":0.152448,"65":0.838464,"66":13.820364,"67":0.085752,"68":0.076224,"69":0},"firefox":{"2":0,"3":0,"3.5":0,"3.6":0,"4":0,"5":0,"6":0,"7":0,"8":0,"9":0,"10":0,"11":0,"12":0,"13":0,"14":0,"15":0,"16":0,"17":0,"18":0,"19":0,"20":0,"21":0,"22":0,"23":0,"24":0,"25":0,"26":0,"27":0,"28":0.004764,"29":0,"30":0,"31":0,"32":0,"33":0,"34":0,"35":0,"36":0,"37":0.004764,"38":0,"39":0,"40":0,"41":0,"42":0,"43":0,"44":0,"45":0.004764,"46":0,"47":0.02382,"48":0.014292,"49":0.004764,"50":0.004764,"51":0.004764,"52":0.080988,"53":0.033348,"54":0.009528,"55":0.014292,"56":0.004764,"57":0.004764,"58":0.04764,"59":0.752712,"60":0.695544,"61":0.009528,"62":0},"opera":{"9":0,"9.5-9.6":0,"10.0-10.1":0,"10.5":0,"10.6":0,"11":0,"11.1":0,"11.5":0,"11.6":0,"12":0,"12.1":0,"15":0,"16":0,"17":0,"18":0.004764,"19":0,"20":0,"21":0,"22":0,"23":0,"24":0,"25":0,"26":0,"27":0,"28":0,"29":0,"30":0,"31":0.004764,"32":0,"33":0.004764,"34":0,"35":0,"36":0.004764,"37":0,"38":0,"39":0,"40":0,"41":0,"42":0,"43":0,"44":0,"45":0,"46":0,"47":0,"48":0.004764,"49":0,"50":0,"51":0.004764,"52":0.495456,"53":0.171504},"safari":{"3.1":0,"3.2":0,"4":0,"5":0.009528,"5.1":0,"6":0,"6.1":0,"7":0,"7.1":0,"8":0.014292,"9":0.009528,"9.1":0.114336,"10":0.028584,"10.1":0.104808,"11":0.581208,"11.1":0.657432,"0":null},"ios_saf":{"3.2":0.00084187962963,"4.0-4.1":0,"4.2-4.3":0.00168375925926,"5.0-5.1":0.0134700740741,"6.0-6.1":0.0084187962963,"7.0-7.1":0.0353589444444,"8":0.0084187962963,"8.1-8.4":0.0597734537037,"9.0-9.2":0.0471452592593,"9.3":0.291290351852,"10.0-10.2":0.270243361111,"10.3":0.617939648148,"11.0-11.2":1.83866511111,"11.3":5.17166656481},"android":{"2.1":0,"2.2":0,"2.3":0,"3":0,"4":0,"4.1":0.423075694484,"4.2-4.3":0.969978421499,"4.4":3.66321637907,"4.4.3-4.4.4":2.23920550495,"66":null},"op_mob":{"10":null,"11":null,"11.1":null,"11.5":null,"12":null,"12.1":null,"0":null},"ie":{"5.5":0,"6":0,"7":0,"8":0.019056,"9":0.019056,"10":0.014292,"11":0.362064},"edge":{"12":0.042876,"13":0.080988,"14":0.090516,"15":0.109572,"16":0.42876,"17":0.061932,"18":null},"samsung":{"4":0.7589956,"5":0.1975468,"6.2":0.4366824},"bb":{"7":0,"10":0},"ie_mob":{"10":0.0694776923077,"11":0.291806307692},"and_uc":{"0":0.455532},"op_mini":{"0":0.684080701031},"and_chr":{"0":57.831236},"baidu":{"0":null},"and_ff":{"0":0.057596},"and_qq":{"1.2":null}},"total":98.067141501}