{"id":"CY","name":"Cyprus","month":"2018-05","access_date":"2018-06-04","data":{"chrome":{"4":0,"5":0,"6":0,"7":0,"8":0,"9":0,"10":0,"11":0,"12":0,"13":0,"14":0,"15":0,"16":0,"17":0,"18":0,"19":0,"20":0,"21":0,"22":0.01122,"23":0,"24":0,"25":0.02244,"26":0.00561,"27":0,"28":0,"29":0.00561,"30":0,"31":0.00561,"32":0,"33":0,"34":0.01122,"35":0,"36":0,"37":0,"38":0.0561,"39":0.00561,"40":0.00561,"41":0,"42":0.46563,"43":0.07854,"44":0,"45":0,"46":0.00561,"47":0.00561,"48":0.00561,"49":1.28469,"50":0.01122,"51":0.00561,"52":0.00561,"53":0.00561,"54":0.01683,"55":0.02805,"56":0.01122,"57":0.00561,"58":0.02244,"59":0.01683,"60":0.04488,"61":0.03366,"62":0.03366,"63":0.34782,"64":0.06732,"65":1.50348,"66":17.72199,"67":0.10098,"68":0.01122,"69":0},"firefox":{"2":0,"3":0,"3.5":0,"3.6":0.00561,"4":0,"5":0,"6":0,"7":0,"8":0,"9":0,"10":0,"11":0,"12":0,"13":0,"14":0,"15":0,"16":0,"17":0,"18":0,"19":0,"20":0,"21":0,"22":0,"23":0,"24":0,"25":0,"26":0.01122,"27":0,"28":0,"29":0,"30":0,"31":0,"32":0,"33":0,"34":0,"35":0.00561,"36":0,"37":0.00561,"38":0,"39":0.00561,"40":0,"41":0,"42":0,"43":0.00561,"44":0,"45":0.01122,"46":0,"47":0.01683,"48":0.05049,"49":0.00561,"50":0.00561,"51":0.00561,"52":0.15708,"53":0.01122,"54":0.01122,"55":0.00561,"56":0.02244,"57":0.01683,"58":0.02805,"59":1.36884,"60":1.09956,"61":0.01122,"62":0},"opera":{"9":0,"9.5-9.6":0,"10.0-10.1":0,"10.5":0,"10.6":0,"11":0,"11.1":0,"11.5":0,"11.6":0,"12":0,"12.1":0.00561,"15":0,"16":0,"17":0,"18":0,"19":0,"20":0,"21":0,"22":0,"23":0,"24":0,"25":0,"26":0,"27":0,"28":0,"29":0,"30":0,"31":0,"32":0.00561,"33":0.04488,"34":0,"35":0.01122,"36":0.00561,"37":0.03366,"38":0,"39":0,"40":0.00561,"41":0,"42":0,"43":0.00561,"44":0,"45":0,"46":0.00561,"47":0,"48":0.00561,"49":0.00561,"50":0,"51":0,"52":0.25806,"53":0.06171},"safari":{"3.1":0,"3.2":0,"4":0.00561,"5":0.01122,"5.1":0.02244,"6":0,"6.1":0.01683,"7":0.00561,"7.1":0,"8":0.01122,"9":0.00561,"9.1":0.09537,"10":0.04488,"10.1":0.18513,"11":0.25245,"11.1":0.91443,"0":null},"ios_saf":{"3.2":0.00173503321256,"4.0-4.1":0,"4.2-4.3":0.00347006642512,"5.0-5.1":0.027760531401,"6.0-6.1":0.0173503321256,"7.0-7.1":0.0728713949275,"8":0.0173503321256,"8.1-8.4":0.123187358092,"9.0-9.2":0.0971618599034,"9.3":0.600321491546,"10.0-10.2":0.556945661232,"10.3":1.27351437802,"11.0-11.2":3.78931253623,"11.3":10.6583090248},"android":{"2.1":0,"2.2":0,"2.3":0,"3":0,"4":0,"4.1":0.0705948090523,"4.2-4.3":0.161851513437,"4.4":0.611247736917,"4.4.3-4.4.4":0.373635940594,"66":null},"op_mob":{"10":null,"11":null,"11.1":null,"11.5":null,"12":null,"12.1":null,"0":null},"ie":{"5.5":0,"6":0,"7":0.00561,"8":0.03366,"9":0.01683,"10":0.01683,"11":1.32957},"edge":{"12":0.00561,"13":0.01122,"14":0.05049,"15":0.06732,"16":0.77979,"17":0.23562,"18":null},"samsung":{"4":0.6104295,"5":0.139220763158,"6.2":2.83796171053},"bb":{"7":0.001756,"10":0.007024},"ie_mob":{"10":0.0107754545455,"11":0.107754545455},"and_uc":{"0":1.9755},"op_mini":{"0":0.3574304811},"and_chr":{"0":41.44402},"baidu":{"0":null},"and_ff":{"0":0.10536},"and_qq":{"1.2":null}},"total":95.4670824548}