{"id":"CZ","name":"Czech Republic","month":"2018-05","access_date":"2018-06-04","data":{"chrome":{"4":0,"5":0,"6":0,"7":0,"8":0,"9":0,"10":0,"11":0.007592,"12":0,"13":0,"14":0,"15":0,"16":0,"17":0,"18":0.022776,"19":0,"20":0.007592,"21":0,"22":0.030368,"23":0,"24":0,"25":0,"26":0.007592,"27":0,"28":0.007592,"29":0.129064,"30":0.015184,"31":0.015184,"32":0.007592,"33":0.007592,"34":0.098696,"35":0,"36":0.015184,"37":0.022776,"38":0.045552,"39":0.015184,"40":0.015184,"41":0.007592,"42":0.007592,"43":0.022776,"44":0.007592,"45":0.007592,"46":0.015184,"47":0.129064,"48":0.030368,"49":0.964184,"50":0.015184,"51":0.091104,"52":0.015184,"53":0.121472,"54":0.1898,"55":0.182208,"56":0.068328,"57":0.030368,"58":0.106288,"59":0.045552,"60":0.091104,"61":0.07592,"62":0.11388,"63":0.523848,"64":0.3796,"65":2.437032,"66":25.66096,"67":0.159432,"68":0.022776,"69":0},"firefox":{"2":0,"3":0,"3.5":0,"3.6":0.007592,"4":0,"5":0,"6":0,"7":0,"8":0,"9":0,"10":0,"11":0,"12":0,"13":0,"14":0,"15":0,"16":0.007592,"17":0,"18":0,"19":0,"20":0.007592,"21":0,"22":0,"23":0,"24":0.007592,"25":0,"26":0,"27":0,"28":0.007592,"29":0.007592,"30":0,"31":0.007592,"32":0,"33":0.007592,"34":0.015184,"35":0,"36":0,"37":0,"38":0.015184,"39":0.022776,"40":0.007592,"41":0.015184,"42":0.007592,"43":0.015184,"44":0.007592,"45":0.060736,"46":0.007592,"47":0.03796,"48":0.463112,"49":0.030368,"50":0.106288,"51":0.022776,"52":0.979368,"53":0.045552,"54":0.030368,"55":0.07592,"56":0.11388,"57":0.11388,"58":0.136656,"59":4.532424,"60":3.712488,"61":0.091104,"62":0},"opera":{"9":0,"9.5-9.6":0,"10.0-10.1":0,"10.5":0,"10.6":0,"11":0,"11.1":0,"11.5":0,"11.6":0,"12":0.007592,"12.1":0.091104,"15":0,"16":0,"17":0,"18":0,"19":0,"20":0.007592,"21":0,"22":0,"23":0,"24":0,"25":0,"26":0,"27":0,"28":0,"29":0,"30":0,"31":0,"32":0.015184,"33":0.03796,"34":0,"35":0.015184,"36":0.07592,"37":0.007592,"38":0,"39":0,"40":0,"41":0,"42":0.007592,"43":0.007592,"44":0,"45":0.015184,"46":0.030368,"47":0,"48":0.015184,"49":0.007592,"50":0.015184,"51":0.015184,"52":2.406664,"53":0.478296},"safari":{"3.1":0,"3.2":0,"4":0.007592,"5":0.007592,"5.1":0.007592,"6":0,"6.1":0,"7":0,"7.1":0,"8":0.015184,"9":0.091104,"9.1":0.07592,"10":0.045552,"10.1":0.159432,"11":0.288496,"11.1":1.229904,"0":null},"ios_saf":{"3.2":0.0008938647343,"4.0-4.1":0,"4.2-4.3":0.0017877294686,"5.0-5.1":0.0143018357488,"6.0-6.1":0.008938647343,"7.0-7.1":0.0375423188406,"8":0.008938647343,"8.1-8.4":0.0634643961353,"9.0-9.2":0.0500564251208,"9.3":0.309277198068,"10.0-10.2":0.28693057971,"10.3":0.656096714976,"11.0-11.2":1.95220057971,"11.3":5.4910110628},"android":{"2.1":0,"2.2":0,"2.3":0,"3":0,"4":0,"4.1":0.0672641244696,"4.2-4.3":0.15421530976,"4.4":0.582408882603,"4.4.3-4.4.4":0.356007683168,"66":null},"op_mob":{"10":null,"11":null,"11.1":null,"11.5":null,"12":null,"12.1":null,"0":null},"ie":{"5.5":0,"6":0.00768660436137,"7":0.00768660436137,"8":0.122985669782,"9":0.061492834891,"10":0.245971339564,"11":4.48897694704},"edge":{"12":0.098696,"13":0.03796,"14":0.098696,"15":0.197392,"16":1.723384,"17":0.561808,"18":null},"samsung":{"4":0.280541480315,"5":0.0415617007874,"6.2":0.914357417323},"bb":{"7":0.0057792,"10":0.0231168},"ie_mob":{"10":0.022575,"11":0.158025},"and_uc":{"0":0.13244},"op_mini":{"0":0.453668027491},"and_chr":{"0":29.049792},"baidu":{"0":null},"and_ff":{"0":0.202272},"and_qq":{"1.2":null}},"total":96.8837206259}