{"id":"DE","name":"Germany","month":"2018-05","access_date":"2018-06-04","data":{"chrome":{"4":0,"5":0,"6":0,"7":0,"8":0,"9":0,"10":0,"11":0.011768,"12":0,"13":0,"14":0,"15":0,"16":0,"17":0,"18":0.011768,"19":0,"20":0,"21":0,"22":0.023536,"23":0,"24":0.017652,"25":0,"26":0.005884,"27":0,"28":0,"29":0.082376,"30":0,"31":0.005884,"32":0.005884,"33":0.005884,"34":0.011768,"35":0,"36":0.005884,"37":0.005884,"38":0.017652,"39":0.005884,"40":0.011768,"41":0.070608,"42":0.229476,"43":0.011768,"44":0.005884,"45":0.005884,"46":0.005884,"47":0.005884,"48":0.011768,"49":0.23536,"50":0.011768,"51":0.02942,"52":0.035304,"53":0.011768,"54":0.05884,"55":0.047072,"56":0.047072,"57":0.041188,"58":0.05884,"59":0.047072,"60":0.070608,"61":0.076492,"62":0.076492,"63":0.20594,"64":0.17652,"65":0.770804,"66":10.391144,"67":0.082376,"68":0.011768,"69":0},"firefox":{"2":0.005884,"3":0.005884,"3.5":0,"3.6":0.011768,"4":0,"5":0,"6":0,"7":0,"8":0,"9":0,"10":0.005884,"11":0,"12":0.005884,"13":0,"14":0,"15":0,"16":0.005884,"17":0,"18":0,"19":0,"20":0.005884,"21":0,"22":0.023536,"23":0,"24":0.011768,"25":0,"26":0,"27":0,"28":0.005884,"29":0,"30":0.005884,"31":0.005884,"32":0.011768,"33":0.005884,"34":0.011768,"35":0.005884,"36":0.005884,"37":0.017652,"38":0.276548,"39":0.017652,"40":0.100028,"41":0.017652,"42":0.035304,"43":0.02942,"44":0.011768,"45":0.052956,"46":0.011768,"47":0.047072,"48":0.188288,"49":0.035304,"50":0.052956,"51":0.041188,"52":0.7355,"53":0.041188,"54":0.041188,"55":0.041188,"56":0.094144,"57":0.094144,"58":0.135332,"59":4.154104,"60":3.318576,"61":0.035304,"62":0.005884},"opera":{"9":0,"9.5-9.6":0,"10.0-10.1":0,"10.5":0,"10.6":0,"11":0,"11.1":0,"11.5":0,"11.6":0,"12":0.005884,"12.1":0.035304,"15":0,"16":0,"17":0,"18":0,"19":0,"20":0,"21":0,"22":0,"23":0,"24":0,"25":0,"26":0,"27":0,"28":0,"29":0,"30":0,"31":0.005884,"32":0.005884,"33":0.017652,"34":0,"35":0.005884,"36":0.02942,"37":0,"38":0,"39":0,"40":0.005884,"41":0,"42":0,"43":0.005884,"44":0,"45":0.005884,"46":0.017652,"47":0,"48":0.005884,"49":0.005884,"50":0.005884,"51":0.011768,"52":0.85318,"53":0.20594},"safari":{"3.1":0,"3.2":0,"4":0,"5":0.011768,"5.1":0.02942,"6":0,"6.1":0.017652,"7":0.023536,"7.1":0,"8":0.017652,"9":0.023536,"9.1":0.11768,"10":0.064724,"10.1":0.217708,"11":0.376576,"11.1":1.418044,"0":null},"ios_saf":{"3.2":0.00207790901771,"4.0-4.1":0,"4.2-4.3":0.00415581803543,"5.0-5.1":0.0332465442834,"6.0-6.1":0.0207790901771,"7.0-7.1":0.087272178744,"8":0.0207790901771,"8.1-8.4":0.147531540258,"9.0-9.2":0.116362904992,"9.3":0.718956520129,"10.0-10.2":0.667008794686,"10.3":1.525185219,"11.0-11.2":4.53815329469,"11.3":12.7645950958},"android":{"2.1":0,"2.2":0,"2.3":0,"3":0,"4":0,"4.1":0.0879051598303,"4.2-4.3":0.201538659123,"4.4":0.761130042433,"4.4.3-4.4.4":0.465254138614,"66":null},"op_mob":{"10":null,"11":null,"11.1":null,"11.5":null,"12":null,"12.1":null,"0":null},"ie":{"5.5":0,"6":0.0354265833333,"7":0.0354265833333,"8":0.0649487361111,"9":0.0590443055556,"10":0.0826620277778,"11":3.12344376389},"edge":{"12":0.02942,"13":0.023536,"14":0.082376,"15":0.129448,"16":1.741664,"17":0.388344,"18":null},"samsung":{"4":0.752251050584,"5":0.247168202335,"6.2":3.7182694786},"bb":{"7":0.004116,"10":0.016464},"ie_mob":{"10":0.024696,"11":0.172872},"and_uc":{"0":0.230496},"op_mini":{"0":0.292257216495},"and_chr":{"0":34.346616},"baidu":{"0":null},"and_ff":{"0":0.605052},"and_qq":{"1.2":null}},"total":94.751785948}