{"id":"DJ","name":"Djibouti","month":"2018-05","access_date":"2018-06-04","data":{"chrome":{"4":0,"5":0,"6":0,"7":0,"8":0,"9":0,"10":0,"11":0.008958,"12":0,"13":0,"14":0,"15":0,"16":0,"17":0,"18":0,"19":0.008958,"20":0,"21":0,"22":0,"23":0,"24":0.004479,"25":0,"26":0,"27":0,"28":0,"29":0,"30":0,"31":0,"32":0,"33":0.004479,"34":0,"35":0,"36":0,"37":0.004479,"38":0,"39":0.004479,"40":0.017916,"41":0,"42":0,"43":0.040311,"44":0.004479,"45":0.013437,"46":0.017916,"47":0,"48":0,"49":0.228429,"50":0,"51":0.004479,"52":0.008958,"53":0,"54":0.004479,"55":0.210513,"56":0.013437,"57":0.017916,"58":0.040311,"59":0.008958,"60":0.143328,"61":0.004479,"62":0.008958,"63":0.425505,"64":0.17916,"65":0.904758,"66":11.470719,"67":0.062706,"68":0.026874,"69":0},"firefox":{"2":0,"3":0,"3.5":0,"3.6":0,"4":0,"5":0,"6":0,"7":0,"8":0,"9":0,"10":0,"11":0,"12":0,"13":0,"14":0,"15":0.004479,"16":0,"17":0,"18":0,"19":0,"20":0.017916,"21":0,"22":0,"23":0,"24":0,"25":0.008958,"26":0,"27":0,"28":0,"29":0.008958,"30":0.004479,"31":0,"32":0,"33":1.191414,"34":0,"35":0,"36":0,"37":0.008958,"38":0,"39":0,"40":0,"41":0.004479,"42":0,"43":0.008958,"44":0.004479,"45":0.004479,"46":0,"47":0.013437,"48":0.017916,"49":0,"50":0,"51":0.004479,"52":0.049269,"53":0,"54":0.004479,"55":0,"56":0.008958,"57":0.004479,"58":0.031353,"59":1.155582,"60":0.667371,"61":0.049269,"62":0.004479},"opera":{"9":0,"9.5-9.6":0,"10.0-10.1":0,"10.5":0,"10.6":0,"11":0,"11.1":0,"11.5":0,"11.6":0,"12":0,"12.1":0.008958,"15":0,"16":0,"17":0,"18":0,"19":0,"20":0,"21":0,"22":0,"23":0,"24":0,"25":0,"26":0,"27":0,"28":0,"29":0,"30":0,"31":0,"32":0.008958,"33":0.026874,"34":0,"35":0,"36":0,"37":0.004479,"38":0,"39":0,"40":0,"41":0,"42":0,"43":0,"44":0,"45":0.017916,"46":0.004479,"47":0,"48":0.004479,"49":0,"50":0,"51":0.004479,"52":0.291135,"53":0.076143},"safari":{"3.1":0,"3.2":0,"4":0,"5":0,"5.1":0,"6":0,"6.1":0.004479,"7":0,"7.1":0,"8":0,"9":0,"9.1":0.008958,"10":0.013437,"10.1":0.026874,"11":0.098538,"11.1":0.067185,"0":null},"ios_saf":{"3.2":0.000533269927536,"4.0-4.1":0,"4.2-4.3":0.00106653985507,"5.0-5.1":0.00853231884058,"6.0-6.1":0.00533269927536,"7.0-7.1":0.0223973369565,"8":0.00533269927536,"8.1-8.4":0.0378621648551,"9.0-9.2":0.029863115942,"9.3":0.184511394928,"10.0-10.2":0.171179646739,"10.3":0.391420126812,"11.0-11.2":1.16466152174,"11.3":3.27587716486},"android":{"2.1":0,"2.2":0,"2.3":0,"3":0,"4":0,"4.1":0.280366930693,"4.2-4.3":0.642792475248,"4.4":2.42756732673,"4.4.3-4.4.4":1.48389326733,"66":null},"op_mob":{"10":null,"11":null,"11.1":null,"11.5":null,"12":null,"12.1":null,"0":null},"ie":{"5.5":0,"6":0,"7":0,"8":0.017916,"9":0.120933,"10":0.013437,"11":0.904758},"edge":{"12":0.035832,"13":0.017916,"14":0.053748,"15":0.022395,"16":0.40311,"17":0.058227,"18":null},"samsung":{"4":1.56165428571,"5":0.387861848739,"6.2":1.57186117647},"bb":{"7":0.0132504,"10":0.0530016},"ie_mob":{"10":0.2959256,"11":0.0739814},"and_uc":{"0":4.190439},"op_mini":{"0":3.30864423196},"and_chr":{"0":52.699143},"baidu":{"0":null},"and_ff":{"0":0.093857},"and_qq":{"1.2":null}},"total":93.8709385429}