{"id":"DK","name":"Denmark","month":"2018-05","access_date":"2018-06-04","data":{"chrome":{"4":0,"5":0,"6":0,"7":0,"8":0,"9":0,"10":0,"11":0,"12":0,"13":0,"14":0,"15":0,"16":0,"17":0,"18":0.029772,"19":0,"20":0,"21":0,"22":0.007443,"23":0,"24":0,"25":0,"26":0,"27":0,"28":0,"29":0.07443,"30":0,"31":0,"32":0,"33":0.007443,"34":0.14886,"35":0,"36":0.007443,"37":0.007443,"38":0.022329,"39":0.007443,"40":0.007443,"41":0.007443,"42":0.007443,"43":0.022329,"44":0.014886,"45":0.007443,"46":0.014886,"47":0.230733,"48":0.022329,"49":0.468909,"50":0.014886,"51":0.171189,"52":0.022329,"53":0.156303,"54":1.071792,"55":1.056906,"56":0.066987,"57":0.044658,"58":0.07443,"59":0.066987,"60":0.081873,"61":0.044658,"62":0.096759,"63":0.282834,"64":0.632655,"65":3.408894,"66":20.892501,"67":0.111645,"68":0.014886,"69":0},"firefox":{"2":0,"3":0.007443,"3.5":0,"3.6":0,"4":0,"5":0,"6":0,"7":0,"8":0,"9":0,"10":0,"11":0,"12":0,"13":0,"14":0,"15":0,"16":0.007443,"17":0,"18":0,"19":0,"20":0.007443,"21":0,"22":0,"23":0,"24":0,"25":0,"26":0,"27":0,"28":0,"29":0,"30":0,"31":0.007443,"32":0,"33":0,"34":0,"35":0,"36":0.007443,"37":0,"38":0.007443,"39":0.007443,"40":0.007443,"41":0.007443,"42":0.007443,"43":0.007443,"44":0.007443,"45":0.014886,"46":0.007443,"47":0.014886,"48":2.463633,"49":0.07443,"50":0.14886,"51":0.014886,"52":0.506124,"53":0.022329,"54":0.044658,"55":0.089316,"56":0.052101,"57":0.037215,"58":0.059544,"59":2.493405,"60":1.607688,"61":0.104202,"62":0},"opera":{"9":0,"9.5-9.6":0,"10.0-10.1":0,"10.5":0,"10.6":0,"11":0.007443,"11.1":0,"11.5":0,"11.6":0,"12":0,"12.1":0.014886,"15":0.007443,"16":0,"17":0,"18":0,"19":0,"20":0,"21":0,"22":0,"23":0,"24":0,"25":0,"26":0,"27":0,"28":0,"29":0,"30":0,"31":0,"32":0.007443,"33":0.007443,"34":0,"35":0,"36":0.007443,"37":0.007443,"38":0,"39":0,"40":0,"41":0,"42":0,"43":0,"44":0,"45":0,"46":0.007443,"47":0,"48":0.007443,"49":0,"50":0,"51":0,"52":1.332297,"53":0.104202},"safari":{"3.1":0,"3.2":0,"4":0,"5":0.007443,"5.1":0.022329,"6":0,"6.1":0.014886,"7":0.007443,"7.1":0.014886,"8":0.022329,"9":0.193518,"9.1":0.178632,"10":0.104202,"10.1":0.44658,"11":0.617769,"11.1":2.389203,"0":null},"ios_saf":{"3.2":0.00232282286634,"4.0-4.1":0,"4.2-4.3":0.00464564573269,"5.0-5.1":0.0371651658615,"6.0-6.1":0.0232282286634,"7.0-7.1":0.0975585603865,"8":0.0232282286634,"8.1-8.4":0.16492042351,"9.0-9.2":0.130078080515,"9.3":0.803696711755,"10.0-10.2":0.745626140097,"10.3":1.7049519839,"11.0-11.2":5.0730451401,"11.3":14.269100868},"android":{"2.1":0,"2.2":0,"2.3":0,"3":0,"4":0,"4.1":0.0328350848656,"4.2-4.3":0.0752804384724,"4.4":0.284303783593,"4.4.3-4.4.4":0.173785693069,"66":null},"op_mob":{"10":null,"11":null,"11.1":null,"11.5":null,"12":null,"12.1":null,"0":null},"ie":{"5.5":0,"6":0.0074860853835,"7":0.0074860853835,"8":0.134749536903,"9":0.0823469392185,"10":1.542133589,"11":3.39868276411},"edge":{"12":0.186075,"13":0.037215,"14":0.104202,"15":0.104202,"16":1.585359,"17":0.573111,"18":null},"samsung":{"4":0.203820867188,"5":0.118001554688,"6.2":0.847465710937},"bb":{"7":0.0005114,"10":0.0020456},"ie_mob":{"10":0.0555234285714,"11":0.138808571429},"and_uc":{"0":0.322182},"op_mini":{"0":0.169456168385},"and_chr":{"0":20.731096},"baidu":{"0":null},"and_ff":{"0":0.202003},"and_qq":{"1.2":null}},"total":97.0044293012}