{"id":"DM","name":"Dominica","month":"2018-05","access_date":"2018-06-04","data":{"chrome":{"4":0,"5":0,"6":0,"7":0,"8":0,"9":0,"10":0,"11":0,"12":0,"13":0,"14":0,"15":0,"16":0,"17":0,"18":0,"19":0,"20":0,"21":0,"22":0.005196,"23":0,"24":0,"25":0,"26":0,"27":0,"28":0,"29":0.005196,"30":0,"31":0,"32":0.005196,"33":0,"34":0,"35":0,"36":0.005196,"37":0.005196,"38":0.005196,"39":0.005196,"40":0.072744,"41":0,"42":0,"43":0,"44":0,"45":0,"46":0,"47":0,"48":0.005196,"49":0.109116,"50":0,"51":0,"52":0.015588,"53":0,"54":0.005196,"55":0.239016,"56":0.015588,"57":0.005196,"58":0.083136,"59":0.020784,"60":0.41568,"61":0.093528,"62":0.02598,"63":0.057156,"64":0.067548,"65":1.314588,"66":15.125556,"67":0.161076,"68":0.015588,"69":0},"firefox":{"2":0,"3":0,"3.5":0.005196,"3.6":0,"4":0,"5":0,"6":0,"7":0,"8":0,"9":0,"10":0,"11":0.005196,"12":0,"13":0,"14":0,"15":0,"16":0,"17":0,"18":0,"19":0,"20":0,"21":0,"22":0,"23":0,"24":0,"25":0.010392,"26":0,"27":0,"28":0,"29":0,"30":0,"31":0,"32":0,"33":0.010392,"34":0.005196,"35":0.005196,"36":0,"37":0,"38":0.015588,"39":0,"40":0,"41":0,"42":0,"43":0,"44":0,"45":0.005196,"46":0,"47":0.031176,"48":0.005196,"49":0,"50":0.020784,"51":0.015588,"52":0.010392,"53":0.005196,"54":0,"55":0.010392,"56":0.010392,"57":0.005196,"58":0.171468,"59":0.665088,"60":0.566364,"61":0,"62":0},"opera":{"9":0,"9.5-9.6":0,"10.0-10.1":0,"10.5":0,"10.6":0,"11":0,"11.1":0,"11.5":0,"11.6":0,"12":0,"12.1":0,"15":0,"16":0,"17":0.005196,"18":0,"19":0,"20":0,"21":0,"22":0,"23":0,"24":0,"25":0,"26":0,"27":0,"28":0,"29":0.015588,"30":0,"31":0,"32":0.005196,"33":0.005196,"34":0,"35":0,"36":0,"37":0.005196,"38":0,"39":0,"40":0,"41":0,"42":0,"43":0,"44":0,"45":0,"46":0,"47":0,"48":0.005196,"49":0,"50":0,"51":0,"52":0.264996,"53":0.05196},"safari":{"3.1":0,"3.2":0,"4":0,"5":0,"5.1":0,"6":0,"6.1":0,"7":0,"7.1":0,"8":0.005196,"9":0,"9.1":0.005196,"10":0.046764,"10.1":0.041568,"11":0.2598,"11.1":0.800184,"0":null},"ios_saf":{"3.2":0.00146058776167,"4.0-4.1":0,"4.2-4.3":0.00292117552335,"5.0-5.1":0.0233694041868,"6.0-6.1":0.0146058776167,"7.0-7.1":0.0613446859903,"8":0.0146058776167,"8.1-8.4":0.103701731079,"9.0-9.2":0.0817929146538,"9.3":0.505363365539,"10.0-10.2":0.468848671498,"10.3":1.07207141707,"11.0-11.2":3.1899236715,"11.3":8.97239061997},"android":{"2.1":0,"2.2":0,"2.3":0,"3":0,"4":0,"4.1":0.199939660537,"4.2-4.3":0.45839824611,"4.4":1.73118486563,"4.4.3-4.4.4":1.05821722772,"66":null},"op_mob":{"10":null,"11":null,"11.1":null,"11.5":null,"12":null,"12.1":null,"0":null},"ie":{"5.5":0,"6":0,"7":0,"8":0.036372,"9":0.015588,"10":0.010392,"11":0.665088},"edge":{"12":0.015588,"13":0.036372,"14":0.171468,"15":0.254604,"16":1.27302,"17":0.46764,"18":null},"samsung":{"4":0.656652715232,"5":0.109442119205,"6.2":2.34206135099},"bb":{"7":0.0019216,"10":0.0076864},"ie_mob":{"10":0.0117431111111,"11":0.199632888889},"and_uc":{"0":0.499616},"op_mini":{"0":0.318368178694},"and_chr":{"0":51.118412},"baidu":{"0":null},"and_ff":{"0":0.331476},"and_qq":{"1.2":null}},"total":97.4847323641}