{"id":"EC","name":"Ecuador","month":"2018-05","access_date":"2018-06-04","data":{"chrome":{"4":0,"5":0,"6":0,"7":0,"8":0,"9":0,"10":0,"11":0.00755,"12":0,"13":0,"14":0,"15":0,"16":0,"17":0,"18":0.02265,"19":0,"20":0,"21":0.0151,"22":0.0755,"23":0,"24":0,"25":0,"26":0.02265,"27":0,"28":0.00755,"29":0.03775,"30":0.02265,"31":0.0151,"32":0.00755,"33":0,"34":0.0151,"35":0.00755,"36":0.03775,"37":0.03775,"38":0.1057,"39":0.00755,"40":0.00755,"41":0,"42":0.00755,"43":0.02265,"44":0.0151,"45":0.00755,"46":0.0151,"47":0.00755,"48":0.0151,"49":0.755,"50":0.0151,"51":0.0151,"52":0.02265,"53":0.02265,"54":0.0453,"55":0.0906,"56":0.0755,"57":0.0453,"58":0.1812,"59":0.11325,"60":0.12835,"61":0.1057,"62":0.17365,"63":0.3473,"64":0.3473,"65":2.2197,"66":37.448,"67":0.29445,"68":0.0302,"69":0},"firefox":{"2":0,"3":0,"3.5":0,"3.6":0,"4":0,"5":0,"6":0,"7":0,"8":0,"9":0,"10":0,"11":0,"12":0,"13":0,"14":0,"15":0,"16":0.00755,"17":0,"18":0,"19":0,"20":0,"21":0,"22":0,"23":0,"24":0,"25":0,"26":0,"27":0,"28":0,"29":0.00755,"30":0,"31":0.02265,"32":0,"33":0.00755,"34":0.0151,"35":0.00755,"36":0.00755,"37":0.00755,"38":0.00755,"39":0.00755,"40":0.00755,"41":0.0151,"42":0.0151,"43":0.0453,"44":0.0151,"45":0.02265,"46":0.0151,"47":0.0604,"48":0.1359,"49":0.03775,"50":0.03775,"51":0.0453,"52":0.18875,"53":0.0302,"54":0.0453,"55":0.03775,"56":0.08305,"57":0.1359,"58":0.1057,"59":3.2767,"60":2.27255,"61":0.03775,"62":0},"opera":{"9":0,"9.5-9.6":0,"10.0-10.1":0,"10.5":0,"10.6":0,"11":0,"11.1":0,"11.5":0,"11.6":0,"12":0,"12.1":0.00755,"15":0,"16":0,"17":0,"18":0,"19":0,"20":0,"21":0,"22":0,"23":0,"24":0,"25":0,"26":0,"27":0,"28":0,"29":0,"30":0,"31":0,"32":0,"33":0,"34":0,"35":0,"36":0.00755,"37":0,"38":0,"39":0,"40":0,"41":0,"42":0,"43":0,"44":0,"45":0,"46":0.00755,"47":0.00755,"48":0.00755,"49":0.00755,"50":0.00755,"51":0.00755,"52":0.76255,"53":0.18875},"safari":{"3.1":0,"3.2":0,"4":0,"5":0.00755,"5.1":0.02265,"6":0.00755,"6.1":0.00755,"7":0,"7.1":0,"8":0.2114,"9":0.09815,"9.1":0.2416,"10":0.1208,"10.1":0.40015,"11":0.6342,"11.1":1.54775,"0":null},"ios_saf":{"3.2":0.000477651972625,"4.0-4.1":0,"4.2-4.3":0.00095530394525,"5.0-5.1":0.007642431562,"6.0-6.1":0.00477651972625,"7.0-7.1":0.0200613828502,"8":0.00477651972625,"8.1-8.4":0.0339132900564,"9.0-9.2":0.026748510467,"9.3":0.165267582528,"10.0-10.2":0.153326283213,"10.3":0.350596547907,"11.0-11.2":1.04319190821,"11.3":2.93421606783},"android":{"2.1":0,"2.2":0,"2.3":0,"3":0,"4":0,"4.1":0.0952597595474,"4.2-4.3":0.218400424328,"4.4":0.824810113154,"4.4.3-4.4.4":0.50417970297,"66":null},"op_mob":{"10":null,"11":null,"11.1":null,"11.5":null,"12":null,"12.1":null,"0":null},"ie":{"5.5":0,"6":0,"7":0,"8":0.0613587301587,"9":0.0230095238095,"10":0.0306793650794,"11":0.368152380952},"edge":{"12":0.02265,"13":0.02265,"14":0.05285,"15":0.0755,"16":0.5285,"17":0.12835,"18":null},"samsung":{"4":0.708518382353,"5":0.0616102941176,"6.2":1.27327941176},"bb":{"7":0.00735,"10":0.0294},"ie_mob":{"10":0.0247333333333,"11":0.234966666667},"and_uc":{"0":0.1813},"op_mini":{"0":0.289937714777},"and_chr":{"0":32.39795},"baidu":{"0":null},"and_ff":{"0":0.1029},"and_qq":{"1.2":null}},"total":97.109995803}