{"id":"EG","name":"Egypt","month":"2018-05","access_date":"2018-06-04","data":{"chrome":{"4":0,"5":0,"6":0,"7":0,"8":0,"9":0,"10":0,"11":0.010774,"12":0,"13":0,"14":0,"15":0,"16":0.005387,"17":0.010774,"18":0.010774,"19":0.005387,"20":0.005387,"21":0,"22":0.010774,"23":0.005387,"24":0.070031,"25":0.010774,"26":0.021548,"27":0.010774,"28":0.016161,"29":0.080805,"30":0.043096,"31":0.032322,"32":0.010774,"33":0.102353,"34":0.016161,"35":0.075418,"36":0.026935,"37":0.005387,"38":0.021548,"39":0.010774,"40":0.037709,"41":0.010774,"42":0.005387,"43":1.330589,"44":0.021548,"45":0.026935,"46":0.048483,"47":0.032322,"48":0.032322,"49":0.70031,"50":0.010774,"51":0.043096,"52":0.010774,"53":0.016161,"54":0.048483,"55":0.05387,"56":0.123901,"57":0.043096,"58":0.113127,"59":0.043096,"60":0.123901,"61":0.043096,"62":0.188545,"63":0.333994,"64":0.366316,"65":1.050465,"66":15.713879,"67":0.140062,"68":0.037709,"69":0},"firefox":{"2":0.026935,"3":0,"3.5":0,"3.6":0.005387,"4":0.005387,"5":0.005387,"6":0,"7":0,"8":0,"9":0,"10":0.005387,"11":0.005387,"12":0.005387,"13":0.005387,"14":0,"15":0.032322,"16":0.005387,"17":0,"18":0.005387,"19":0,"20":0,"21":0.005387,"22":0.005387,"23":0.032322,"24":0,"25":0.005387,"26":0.005387,"27":0,"28":0,"29":0.005387,"30":0.021548,"31":0.005387,"32":0.005387,"33":0.005387,"34":0.005387,"35":0.010774,"36":0.010774,"37":0.005387,"38":0.010774,"39":0.005387,"40":0.021548,"41":0.010774,"42":0.005387,"43":0.048483,"44":0.010774,"45":0.010774,"46":0.005387,"47":0.091579,"48":0.091579,"49":0.021548,"50":0.016161,"51":0.032322,"52":0.603344,"53":0.016161,"54":0.016161,"55":0.016161,"56":0.05387,"57":0.043096,"58":0.043096,"59":1.664583,"60":1.389846,"61":0.075418,"62":0},"opera":{"9":0,"9.5-9.6":0,"10.0-10.1":0.026935,"10.5":0,"10.6":0,"11":0,"11.1":0,"11.5":0,"11.6":0,"12":0,"12.1":0.005387,"15":0,"16":0,"17":0,"18":0,"19":0,"20":0,"21":0,"22":0.005387,"23":0,"24":0,"25":0,"26":0,"27":0,"28":0,"29":0,"30":0,"31":0,"32":0,"33":0.005387,"34":0,"35":0,"36":0.032322,"37":0.059257,"38":0,"39":0,"40":0,"41":0,"42":0.010774,"43":0.021548,"44":0,"45":0.005387,"46":0.010774,"47":0.005387,"48":0.005387,"49":0.005387,"50":0.010774,"51":0.010774,"52":0.70031,"53":0.226254},"safari":{"3.1":0,"3.2":0,"4":0,"5":0.005387,"5.1":0.005387,"6":0,"6.1":0,"7":0.005387,"7.1":0,"8":0.016161,"9":0.010774,"9.1":0.05387,"10":0.032322,"10.1":0.086192,"11":0.091579,"11.1":0.242415,"0":null},"ios_saf":{"3.2":0.0006616181562,"4.0-4.1":0,"4.2-4.3":0.0013232363124,"5.0-5.1":0.0105858904992,"6.0-6.1":0.006616181562,"7.0-7.1":0.0277879625604,"8":0.006616181562,"8.1-8.4":0.0469748890902,"9.0-9.2":0.0370506167472,"9.3":0.228919882045,"10.0-10.2":0.21237942814,"10.3":0.485627726651,"11.0-11.2":1.44497405314,"11.3":4.06432033353},"android":{"2.1":0,"2.2":0,"2.3":0,"3":0,"4":0,"4.1":0.282510181047,"4.2-4.3":0.647706268741,"4.4":2.44612473833,"4.4.3-4.4.4":1.49523681188,"66":null},"op_mob":{"10":null,"11":null,"11.1":null,"11.5":null,"12":null,"12.1":null,"0":null},"ie":{"5.5":0,"6":0.00546507246377,"7":0,"8":0.125696666667,"9":0.071045942029,"10":0.0437205797101,"11":0.50825173913},"edge":{"12":0.021548,"13":0.026935,"14":0.059257,"15":0.05387,"16":0.258576,"17":0.048483,"18":null},"samsung":{"4":1.00931664706,"5":0.122341411765,"6.2":1.24380435294},"bb":{"7":0.0027678,"10":0.0110712},"ie_mob":{"10":0.0221424,"11":0.1439256},"and_uc":{"0":2.264983},"op_mini":{"0":0.711868331615},"and_chr":{"0":50.112712},"baidu":{"0":null},"and_ff":{"0":0.290619},"and_qq":{"1.2":null}},"total":96.2121917434}