{"id":"ER","name":"Eritrea","month":"2018-05","access_date":"2018-06-04","data":{"chrome":{"4":0,"5":0,"6":0,"7":0,"8":0,"9":0,"10":0,"11":0,"12":0,"13":0,"14":0,"15":0,"16":0,"17":0,"18":0,"19":0,"20":0,"21":0.016094,"22":0,"23":0,"24":0.056329,"25":0,"26":0.024141,"27":0,"28":0,"29":0,"30":0,"31":0.016094,"32":0,"33":0,"34":0,"35":0,"36":0,"37":0,"38":0,"39":0,"40":0,"41":0,"42":0,"43":0,"44":0,"45":0,"46":0,"47":0,"48":0,"49":0,"50":0.032188,"51":0.008047,"52":0,"53":0,"54":0.40235,"55":0.152893,"56":0.008047,"57":0.008047,"58":0.008047,"59":0.209222,"60":0.08047,"61":0.072423,"62":0.032188,"63":0.096564,"64":0.024141,"65":0.40235,"66":1.078298,"67":0,"68":0,"69":0},"firefox":{"2":0,"3":0,"3.5":0,"3.6":4.538508,"4":0.595478,"5":0.458679,"6":0.08047,"7":0.152893,"8":0,"9":0.024141,"10":0.877123,"11":0.088517,"12":0,"13":0.096564,"14":0.008047,"15":0.281645,"16":0.016094,"17":0.008047,"18":0,"19":0.257504,"20":0,"21":0.072423,"22":0,"23":0.032188,"24":0.619619,"25":0.120705,"26":0.032188,"27":0,"28":0.305786,"29":1.899092,"30":0.112658,"31":0.233363,"32":5.343208,"33":6.397365,"34":2.261207,"35":0.297739,"36":0.305786,"37":0.458679,"38":0.152893,"39":0.072423,"40":4.796012,"41":0.337974,"42":0.506961,"43":9.33452,"44":0.040235,"45":0.088517,"46":0.128752,"47":2.17269,"48":2.317536,"49":1.432366,"50":0.474773,"51":0.700089,"52":1.174862,"53":3.798184,"54":0.144846,"55":1.150721,"56":2.269254,"57":1.094392,"58":0.354068,"59":1.955421,"60":0.458679,"61":0,"62":0},"opera":{"9":0,"9.5-9.6":0,"10.0-10.1":0,"10.5":0,"10.6":0,"11":0,"11.1":0,"11.5":0,"11.6":0,"12":0.024141,"12.1":0.072423,"15":0,"16":0,"17":0,"18":0,"19":0,"20":0.016094,"21":0,"22":0,"23":0,"24":0,"25":0.024141,"26":0,"27":0,"28":0,"29":0,"30":0,"31":0,"32":0,"33":0,"34":0,"35":0,"36":0.024141,"37":0,"38":0,"39":0,"40":0,"41":0.008047,"42":0,"43":0,"44":0,"45":0,"46":0,"47":0,"48":0,"49":0,"50":0,"51":0,"52":0.040235,"53":0.008047},"safari":{"3.1":0,"3.2":0,"4":0,"5":0,"5.1":0,"6":0,"6.1":0,"7":0,"7.1":0,"8":0,"9":0,"9.1":0,"10":0,"10.1":0.008047,"11":0,"11.1":0,"0":null},"ios_saf":{"3.2":6.08105877617e-5,"4.0-4.1":0,"4.2-4.3":0.000121621175523,"5.0-5.1":0.000972969404187,"6.0-6.1":0.000608105877617,"7.0-7.1":0.00255404468599,"8":0.000608105877617,"8.1-8.4":0.00431755173108,"9.0-9.2":0.00340539291465,"9.3":0.0210404633655,"10.0-10.2":0.0195201986715,"10.3":0.0446349714171,"11.0-11.2":0.132810323671,"11.3":0.37355944062},"android":{"2.1":0,"2.2":0,"2.3":0,"3":0,"4":0,"4.1":0.0752338981612,"4.2-4.3":0.172487473833,"4.4":0.651415459689,"4.4.3-4.4.4":0.398189168317,"66":null},"op_mob":{"10":null,"11":null,"11.1":null,"11.5":null,"12":null,"12.1":null,"0":null},"ie":{"5.5":0,"6":0,"7":0,"8":0.056329,"9":0.008047,"10":0,"11":0.168987},"edge":{"12":0.008047,"13":0,"14":0,"15":0,"16":0.008047,"17":0,"18":null},"samsung":{"4":0.252129098361,"5":0.121021967213,"6.2":0.221873606557},"bb":{"7":0,"10":0},"ie_mob":{"10":0,"11":0},"and_uc":{"0":5.235993},"op_mini":{"0":1.46438758763},"and_chr":{"0":20.263549},"baidu":{"0":null},"and_ff":{"0":0.076167},"and_qq":{"1.2":null}},"total":93.6712512598}