{"id":"ET","name":"Ethiopia","month":"2018-05","access_date":"2018-06-04","data":{"chrome":{"4":0,"5":0,"6":0,"7":0,"8":0,"9":0,"10":0,"11":0.016668,"12":0,"13":0,"14":0,"15":0,"16":0,"17":0,"18":0,"19":0.001852,"20":0,"21":0,"22":0,"23":0,"24":0,"25":0.001852,"26":0.007408,"27":0,"28":0,"29":0,"30":0.001852,"31":0.003704,"32":0.001852,"33":0.01852,"34":0,"35":0,"36":0.003704,"37":0,"38":0.001852,"39":0,"40":0.020372,"41":0,"42":0,"43":0.229648,"44":0.003704,"45":0.001852,"46":0.003704,"47":0.003704,"48":0,"49":0.025928,"50":0.005556,"51":0.003704,"52":0.001852,"53":0.001852,"54":0.001852,"55":0.014816,"56":0.003704,"57":0.003704,"58":0.014816,"59":0.005556,"60":0.025928,"61":0.040744,"62":0.00926,"63":0.01852,"64":0.029632,"65":0.0926,"66":1.0649,"67":0.012964,"68":0.005556,"69":0},"firefox":{"2":0,"3":0,"3.5":0,"3.6":0.001852,"4":0.005556,"5":0.005556,"6":0,"7":0,"8":0,"9":0,"10":0.001852,"11":0.003704,"12":0.005556,"13":0,"14":0.001852,"15":0.001852,"16":0.003704,"17":0.001852,"18":0.001852,"19":0.001852,"20":0.011112,"21":0.001852,"22":0.020372,"23":0.003704,"24":0.007408,"25":0.003704,"26":0.005556,"27":0.001852,"28":0.012964,"29":0.007408,"30":0.007408,"31":0.014816,"32":0.003704,"33":0.00926,"34":0.007408,"35":0.005556,"36":0.005556,"37":0.00926,"38":0.00926,"39":0.011112,"40":0.00926,"41":0.007408,"42":0.005556,"43":0.022224,"44":0.014816,"45":0.014816,"46":0.005556,"47":0.042596,"48":0.025928,"49":0.011112,"50":0.007408,"51":0.003704,"52":0.044448,"53":0.005556,"54":0.012964,"55":0.007408,"56":0.01852,"57":0.01852,"58":0.016668,"59":0.270392,"60":0.253724,"61":0.062968,"62":0.001852},"opera":{"9":0,"9.5-9.6":0,"10.0-10.1":0,"10.5":0,"10.6":0,"11":0.001852,"11.1":0,"11.5":0,"11.6":0,"12":0.011112,"12.1":0.033336,"15":0.005556,"16":0.003704,"17":0.007408,"18":0.020372,"19":0.01852,"20":0.042596,"21":0.011112,"22":0.00926,"23":0.020372,"24":0.022224,"25":0,"26":0.001852,"27":0.003704,"28":0.02778,"29":0.011112,"30":0.038892,"31":0.003704,"32":0.011112,"33":0.01852,"34":0.003704,"35":0.00926,"36":0.001852,"37":0.00926,"38":0,"39":0,"40":0.001852,"41":0,"42":0.007408,"43":0.001852,"44":0,"45":0.005556,"46":0.012964,"47":0,"48":0,"49":0.003704,"50":0.003704,"51":0.005556,"52":0.114824,"53":0.020372},"safari":{"3.1":0,"3.2":0,"4":0,"5":0,"5.1":0,"6":0,"6.1":0,"7":0,"7.1":0,"8":0.001852,"9":0.001852,"9.1":0.005556,"10":0.001852,"10.1":0.005556,"11":0.011112,"11.1":0.014816,"0":null},"ios_saf":{"3.2":0.000135832125604,"4.0-4.1":0,"4.2-4.3":0.000271664251208,"5.0-5.1":0.00217331400966,"6.0-6.1":0.00135832125604,"7.0-7.1":0.00570494927536,"8":0.00135832125604,"8.1-8.4":0.00964408091787,"9.0-9.2":0.00760659903382,"9.3":0.0469979154589,"10.0-10.2":0.0436021123188,"10.3":0.0997007801932,"11.0-11.2":0.296657362319,"11.3":0.834416747585},"android":{"2.1":0,"2.2":0,"2.3":0,"3":0,"4":0,"4.1":0.465541951909,"4.2-4.3":1.06734008487,"4.4":4.03091202263,"4.4.3-4.4.4":2.46396594059,"66":null},"op_mob":{"10":null,"11":null,"11.1":null,"11.5":null,"12":null,"12.1":null,"0":null},"ie":{"5.5":0,"6":0,"7":0.003704,"8":0.031484,"9":0.003704,"10":0.011112,"11":0.081488},"edge":{"12":0.012964,"13":0.011112,"14":0.005556,"15":0.00926,"16":0.03704,"17":0.005556,"18":null},"samsung":{"4":1.415715,"5":0.173145,"6.2":0.234255},"bb":{"7":0.0016296,"10":0.0065184},"ie_mob":{"10":0.0988624,"11":0.1129856},"and_uc":{"0":7.5369},"op_mini":{"0":31.658256},"and_chr":{"0":32.222132},"baidu":{"0":null},"and_ff":{"0":0.130368},"and_qq":{"1.2":null}},"total":86.535107}