{"id":"FI","name":"Finland","month":"2018-05","access_date":"2018-06-04","data":{"chrome":{"4":0,"5":0,"6":0,"7":0,"8":0,"9":0,"10":0,"11":0.012242,"12":0,"13":0,"14":0,"15":0,"16":0,"17":0,"18":0,"19":0,"20":0,"21":0,"22":0.012242,"23":0,"24":0,"25":0,"26":0,"27":0,"28":0,"29":0.079573,"30":0,"31":0,"32":0,"33":0,"34":0.006121,"35":0,"36":0,"37":0,"38":0.030605,"39":0.012242,"40":0.012242,"41":0.006121,"42":0.006121,"43":0.030605,"44":0,"45":0.006121,"46":0.006121,"47":0.006121,"48":0.012242,"49":0.208114,"50":0.006121,"51":0.012242,"52":0.06121,"53":0.006121,"54":0.018363,"55":0.036726,"56":0.018363,"57":0.030605,"58":0.055089,"59":0.036726,"60":0.055089,"61":0.06121,"62":0.079573,"63":0.140783,"64":0.177509,"65":1.462919,"66":17.034743,"67":0.116299,"68":0.012242,"69":0},"firefox":{"2":0,"3":0,"3.5":0,"3.6":0.006121,"4":0,"5":0,"6":0,"7":0,"8":0,"9":0,"10":0,"11":0,"12":0,"13":0,"14":0,"15":0,"16":0,"17":0,"18":0,"19":0,"20":0,"21":0,"22":0,"23":0,"24":0.006121,"25":0,"26":0,"27":0,"28":0,"29":0,"30":0.006121,"31":0,"32":0,"33":0,"34":0,"35":0,"36":0,"37":0,"38":0.006121,"39":0.006121,"40":0.006121,"41":0,"42":0,"43":0.018363,"44":0.006121,"45":0.085694,"46":0.006121,"47":0.018363,"48":0.048968,"49":0.006121,"50":0.018363,"51":0.012242,"52":0.563132,"53":0.024484,"54":0.128541,"55":0.018363,"56":0.091815,"57":0.06121,"58":0.079573,"59":3.24413,"60":2.687119,"61":0.036726,"62":0},"opera":{"9":0,"9.5-9.6":0,"10.0-10.1":0,"10.5":0,"10.6":0,"11":0,"11.1":0,"11.5":0,"11.6":0,"12":0,"12.1":0.012242,"15":0,"16":0,"17":0,"18":0,"19":0,"20":0,"21":0,"22":0,"23":0,"24":0,"25":0,"26":0,"27":0,"28":0,"29":0,"30":0,"31":0,"32":0,"33":0.006121,"34":0,"35":0,"36":0.012242,"37":0,"38":0,"39":0,"40":0,"41":0,"42":0,"43":0.006121,"44":0,"45":0.006121,"46":0.006121,"47":0.006121,"48":0.006121,"49":0.006121,"50":0,"51":0.006121,"52":0.514164,"53":0.134662},"safari":{"3.1":0,"3.2":0,"4":0,"5":0.006121,"5.1":0.012242,"6":0,"6.1":0.006121,"7":0,"7.1":0,"8":0.012242,"9":0.018363,"9.1":0.128541,"10":0.067331,"10.1":0.220356,"11":0.330534,"11.1":1.438435,"0":null},"ios_saf":{"3.2":0.00193937600644,"4.0-4.1":0,"4.2-4.3":0.00387875201288,"5.0-5.1":0.0310300161031,"6.0-6.1":0.0193937600644,"7.0-7.1":0.0814537922705,"8":0.0193937600644,"8.1-8.4":0.137695696457,"9.0-9.2":0.108605056361,"9.3":0.671024098229,"10.0-10.2":0.622539698068,"10.3":1.42350198873,"11.0-11.2":4.23559719807,"11.3":11.9135868076},"android":{"2.1":0,"2.2":0,"2.3":0,"3":0,"4":0,"4.1":0.0345843988685,"4.2-4.3":0.0792910608204,"4.4":0.299450282885,"4.4.3-4.4.4":0.183044257426,"66":null},"op_mob":{"10":null,"11":null,"11.1":null,"11.5":null,"12":null,"12.1":null,"0":null},"ie":{"5.5":0,"6":0.00613589294404,"7":0,"8":0.0306794647202,"9":0.0490871435523,"10":0.0122717858881,"11":2.4236777129},"edge":{"12":0.006121,"13":0.030605,"14":0.091815,"15":0.153025,"16":1.193595,"17":0.42847,"18":null},"samsung":{"4":0.542541070234,"5":0.297865685619,"6.2":2.11697397993},"bb":{"7":0.0007758,"10":0.0031032},"ie_mob":{"10":0.046548,"11":0.384021},"and_uc":{"0":0.073701},"op_mini":{"0":0.304808087629},"and_chr":{"0":38.181197},"baidu":{"0":null},"and_ff":{"0":0.496512},"and_qq":{"1.2":null}},"total":96.7630448234}