{"id":"FK","name":"Falkland Islands (Malvinas)","month":"2018-05","access_date":"2018-06-04","data":{"chrome":{"4":0,"5":0,"6":0,"7":0,"8":0,"9":0,"10":0,"11":0,"12":0,"13":0,"14":0,"15":0,"16":0,"17":0,"18":0,"19":0,"20":0,"21":0,"22":0,"23":0,"24":0,"25":0,"26":0,"27":0,"28":0,"29":0,"30":0,"31":0,"32":0,"33":0,"34":0,"35":0.014652,"36":0,"37":0,"38":0,"39":0,"40":0.014652,"41":0,"42":0,"43":0,"44":0,"45":0,"46":0,"47":0,"48":0,"49":1.142856,"50":0,"51":0,"52":0,"53":0,"54":0,"55":0,"56":0,"57":1.589742,"58":0,"59":0,"60":0,"61":0,"62":0,"63":0,"64":0.10989,"65":4.454208,"66":10.534788,"67":0,"68":0,"69":0},"firefox":{"2":0,"3":0,"3.5":0,"3.6":0,"4":0,"5":0,"6":0,"7":0,"8":0,"9":0,"10":0,"11":0,"12":0,"13":0,"14":0,"15":0,"16":0,"17":0,"18":0,"19":0,"20":0,"21":0,"22":0,"23":0,"24":0,"25":0,"26":0,"27":0,"28":0,"29":0,"30":0,"31":0,"32":0,"33":0,"34":0,"35":0,"36":0,"37":0,"38":0,"39":0,"40":0,"41":0,"42":0,"43":0,"44":0,"45":0.065934,"46":0,"47":0,"48":0,"49":0,"50":0,"51":0.351648,"52":0.3663,"53":0,"54":0,"55":0,"56":0,"57":0.65934,"58":0.080586,"59":2.586078,"60":1.157508,"61":0,"62":0},"opera":{"9":0,"9.5-9.6":0,"10.0-10.1":0,"10.5":0,"10.6":0,"11":0,"11.1":0,"11.5":0,"11.6":0,"12":0,"12.1":0,"15":0,"16":0,"17":0,"18":0,"19":0,"20":0,"21":0,"22":0,"23":0,"24":0,"25":0,"26":0,"27":0,"28":0,"29":0,"30":0,"31":0,"32":0,"33":0,"34":0,"35":0,"36":0,"37":0,"38":0,"39":0,"40":0,"41":0,"42":0,"43":0,"44":0,"45":0,"46":0,"47":0,"48":0,"49":0,"50":0,"51":0,"52":0.175824,"53":0},"safari":{"3.1":0,"3.2":0,"4":0,"5":0,"5.1":0,"6":0.14652,"6.1":0.029304,"7":0,"7.1":0,"8":0.336996,"9":1.142856,"9.1":0.593406,"10":0,"10.1":0.593406,"11":0.065934,"11.1":0.754578,"0":null},"ios_saf":{"3.2":0.00241683494364,"4.0-4.1":0,"4.2-4.3":0.00483366988728,"5.0-5.1":0.0386693590982,"6.0-6.1":0.0241683494364,"7.0-7.1":0.101507067633,"8":0.0241683494364,"8.1-8.4":0.171595280998,"9.0-9.2":0.135342756844,"9.3":0.836224890499,"10.0-10.2":0.775804016908,"10.3":1.77395684863,"11.0-11.2":5.27836751691,"11.3":14.8466170588},"android":{"2.1":0,"2.2":0,"2.3":0,"3":0,"4":0,"4.1":0.0305888995757,"4.2-4.3":0.0701306478076,"4.4":0.264855106082,"4.4.3-4.4.4":0.161897346535,"66":null},"op_mob":{"10":null,"11":null,"11.1":null,"11.5":null,"12":null,"12.1":null,"0":null},"ie":{"5.5":0,"6":0,"7":0.029304,"8":0.051282,"9":0.388278,"10":0.131868,"11":14.747238},"edge":{"12":0.051282,"13":0,"14":0.080586,"15":0.388278,"16":1.750914,"17":0.161172,"18":null},"samsung":{"4":0.0475340869565,"5":0.285204521739,"6.2":3.3392696087},"bb":{"7":0,"10":0},"ie_mob":{"10":0,"11":0},"and_uc":{"0":0},"op_mini":{"0":0.296193742268},"and_chr":{"0":23.718196},"baidu":{"0":null},"and_ff":{"0":0.077546},"and_qq":{"1.2":null}},"total":97.0522959597}