{"id":"FM","name":"Micronesia, Federated States of","month":"2018-05","access_date":"2018-06-04","data":{"chrome":{"4":null,"5":null,"6":null,"7":null,"8":null,"9":null,"10":null,"11":null,"12":null,"13":null,"14":null,"15":null,"16":null,"17":null,"18":null,"19":null,"20":null,"21":null,"22":null,"23":null,"24":null,"25":null,"26":2.48369,"27":null,"28":null,"29":null,"30":null,"31":null,"32":null,"33":0.018535,"34":null,"35":null,"36":null,"37":null,"38":null,"39":null,"40":0.029656,"41":null,"42":0.011121,"43":0.011121,"44":null,"45":null,"46":0.048191,"47":null,"48":null,"49":0.292853,"50":null,"51":null,"52":0.081554,"53":0.752521,"54":0.003707,"55":0.040777,"56":null,"57":0.018535,"58":0.07414,"59":0.033363,"60":0.055605,"61":0.085261,"62":0.155694,"63":0.081554,"64":0.100089,"65":1.156584,"66":18.182835,"67":0.040777,"68":0.014828,"69":null},"firefox":{"2":null,"3":null,"3.5":null,"3.6":null,"4":0.011121,"5":null,"6":null,"7":null,"8":null,"9":null,"10":0.003707,"11":null,"12":null,"13":null,"14":0.003707,"15":null,"16":null,"17":null,"18":0.011121,"19":null,"20":null,"21":null,"22":null,"23":null,"24":null,"25":null,"26":null,"27":null,"28":0.011121,"29":null,"30":null,"31":null,"32":null,"33":null,"34":null,"35":null,"36":0.114917,"37":null,"38":null,"39":null,"40":null,"41":null,"42":null,"43":0.003707,"44":0.011121,"45":0.014828,"46":null,"47":0.033363,"48":0.088968,"49":0.051898,"50":null,"51":null,"52":0.088968,"53":0.244662,"54":null,"55":null,"56":0.040777,"57":null,"58":0.003707,"59":1.734876,"60":1.078737,"61":0.040777,"62":null},"opera":{"9":null,"9.5-9.6":null,"10.0-10.1":0,"10.5":null,"10.6":null,"11":null,"11.1":null,"11.5":null,"11.6":null,"12":null,"12.1":null,"15":null,"16":null,"17":null,"18":null,"19":null,"20":null,"21":null,"22":null,"23":null,"24":null,"25":null,"26":null,"27":null,"28":null,"29":null,"30":null,"31":null,"32":null,"33":null,"34":null,"35":null,"36":0.018535,"37":0.003707,"38":null,"39":null,"40":null,"41":null,"42":null,"43":null,"44":null,"45":null,"46":null,"47":null,"48":null,"49":null,"50":null,"51":0.307681,"52":0.248369,"53":0.126038},"safari":{"3.1":null,"3.2":null,"4":0,"5":null,"5.1":0.003707,"6":null,"6.1":0.007414,"7":null,"7.1":null,"8":0.007414,"9":0.025949,"9.1":0.081554,"10":null,"10.1":0.070433,"11":0.029656,"11.1":0.537515,"0":null},"ios_saf":{"3.2":0.000265375100644,"4.0-4.1":0,"4.2-4.3":0.000530750201288,"5.0-5.1":0.00424600161031,"6.0-6.1":0.00265375100644,"7.0-7.1":0.0111457542271,"8":0.00265375100644,"8.1-8.4":0.0188416321457,"9.0-9.2":0.0148610056361,"9.3":0.0918197848229,"10.0-10.2":0.0851854073068,"10.3":0.194785323873,"11.0-11.2":0.579579219807,"11.3":1.63019924326},"android":{"2.1":0,"2.2":0,"2.3":0,"3":0,"4":0,"4.1":0.163128445545,"4.2-4.3":0.37400180198,"4.4":1.41245361386,"4.4.3-4.4.4":0.863387138614,"66":null},"op_mob":{"10":null,"11":null,"11.1":null,"11.5":null,"12":null,"12.1":null,"0":null},"ie":{"5.5":null,"6":null,"7":null,"8":0.044484,"9":0.03707,"10":0.066726,"11":3.176899},"edge":{"12":0.114917,"13":0.240955,"14":0.163108,"15":0.700623,"16":1.423488,"17":0.063019,"18":null},"samsung":{"4":0.401927916667,"5":0.206395416667,"6.2":0.304161666667},"bb":{"7":0.0025172,"10":0.0100688},"ie_mob":{"10":0,"11":0.056637},"and_uc":{"0":6.538427},"op_mini":{"0":0.536202525773},"and_chr":{"0":44.235123},"baidu":{"0":null},"and_ff":{"0":0.056637},"and_qq":{"1.2":null}},"total":92.6621705258}