{"id":"FO","name":"Faroe Islands","month":"2018-05","access_date":"2018-06-04","data":{"chrome":{"4":0,"5":0,"6":0,"7":0,"8":0,"9":0,"10":0,"11":0,"12":0,"13":0,"14":0,"15":0,"16":0,"17":0,"18":0,"19":0,"20":0,"21":0,"22":0,"23":0,"24":0,"25":0,"26":0,"27":0,"28":0,"29":0,"30":0,"31":0,"32":0,"33":0.018042,"34":0.03007,"35":0,"36":0,"37":0,"38":0.012028,"39":0,"40":0,"41":0,"42":0,"43":0,"44":0,"45":0,"46":0,"47":0.006014,"48":0,"49":0.463078,"50":0,"51":0,"52":0,"53":0,"54":0.006014,"55":0,"56":0.012028,"57":0.006014,"58":0.042098,"59":0.006014,"60":0.042098,"61":0.018042,"62":0.054126,"63":0.024056,"64":0.048112,"65":0.817904,"66":12.286602,"67":0.06014,"68":0.006014,"69":0},"firefox":{"2":0,"3":0,"3.5":0,"3.6":0,"4":0,"5":0,"6":0,"7":0,"8":0,"9":0,"10":0,"11":0,"12":0,"13":0,"14":0,"15":0,"16":0,"17":0,"18":0,"19":0,"20":0,"21":0,"22":0,"23":0,"24":0,"25":0,"26":0,"27":0,"28":0,"29":0,"30":0,"31":0,"32":0,"33":0,"34":0,"35":0,"36":0,"37":0,"38":0,"39":0,"40":0,"41":0,"42":0,"43":0,"44":0,"45":0.006014,"46":0,"47":0,"48":0.054126,"49":0,"50":0.006014,"51":0.012028,"52":0.445036,"53":0,"54":0,"55":0,"56":0.012028,"57":0.024056,"58":0.018042,"59":1.214828,"60":1.040422,"61":0.006014,"62":0},"opera":{"9":0,"9.5-9.6":0,"10.0-10.1":0,"10.5":0,"10.6":0,"11":0,"11.1":0,"11.5":0,"11.6":0,"12":0,"12.1":0,"15":0,"16":0,"17":0,"18":0,"19":0,"20":0,"21":0,"22":0,"23":0,"24":0,"25":0,"26":0,"27":0,"28":0,"29":0,"30":0,"31":0,"32":0,"33":0,"34":0,"35":0,"36":0,"37":0,"38":0,"39":0,"40":0,"41":0,"42":0,"43":0,"44":0,"45":0,"46":0.006014,"47":0,"48":0,"49":0,"50":0,"51":0,"52":0.066154,"53":0.012028},"safari":{"3.1":0,"3.2":0,"4":0,"5":0.006014,"5.1":0.006014,"6":0,"6.1":0.042098,"7":0,"7.1":0,"8":0.024056,"9":0.018042,"9.1":0.306714,"10":0.036084,"10.1":0.378882,"11":0.246574,"11.1":1.196786,"0":null},"ios_saf":{"3.2":0.00476366626409,"4.0-4.1":0,"4.2-4.3":0.00952733252818,"5.0-5.1":0.0762186602254,"6.0-6.1":0.0476366626409,"7.0-7.1":0.200073983092,"8":0.0476366626409,"8.1-8.4":0.33822030475,"9.0-9.2":0.266765310789,"9.3":1.64822852738,"10.0-10.2":1.52913687077,"10.3":3.49653103784,"11.0-11.2":10.4038471208,"11.3":29.2632018603},"android":{"2.1":0,"2.2":0,"2.3":0,"3":0,"4":0,"4.1":0.0106655671853,"4.2-4.3":0.0244527637907,"4.4":0.0923482036775,"4.4.3-4.4.4":0.0564494653465,"66":null},"op_mob":{"10":null,"11":null,"11.1":null,"11.5":null,"12":null,"12.1":null,"0":null},"ie":{"5.5":0,"6":0,"7":0.024056,"8":0.036084,"9":0.054126,"10":0.06014,"11":6.086168},"edge":{"12":0.006014,"13":0.06014,"14":0.09021,"15":0.192448,"16":2.447698,"17":1.040422,"18":null},"samsung":{"4":0.461820310992,"5":0.237150970509,"6.2":3.33259521716},"bb":{"7":0.0015944,"10":0.0063776},"ie_mob":{"10":0.0143496,"11":0.2008944},"and_uc":{"0":0},"op_mini":{"0":0.0641526838488},"and_chr":{"0":15.472842},"baidu":{"0":null},"and_ff":{"0":0.095664},"and_qq":{"1.2":null}},"total":96.6432131825}