{"id":"FR","name":"France","month":"2018-05","access_date":"2018-06-04","data":{"chrome":{"4":0,"5":0,"6":0,"7":0,"8":0,"9":0,"10":0,"11":0.006126,"12":0,"13":0,"14":0,"15":0,"16":0.006126,"17":0,"18":0.012252,"19":0,"20":0,"21":0,"22":0,"23":0.006126,"24":0,"25":0.012252,"26":0,"27":0,"28":0,"29":0.067386,"30":0.006126,"31":0.006126,"32":0,"33":0,"34":0.018378,"35":0.006126,"36":0.006126,"37":0.006126,"38":0.012252,"39":0.012252,"40":0.006126,"41":0.012252,"42":0.036756,"43":0.018378,"44":0.006126,"45":0.006126,"46":0.018378,"47":0.024504,"48":0.018378,"49":0.502332,"50":0.018378,"51":0.049008,"52":0.018378,"53":0.03063,"54":0.27567,"55":0.159276,"56":0.079638,"57":0.036756,"58":0.110268,"59":0.098016,"60":0.159276,"61":0.12252,"62":0.140898,"63":0.281796,"64":0.287922,"65":1.280334,"66":14.543124,"67":0.098016,"68":0.012252,"69":0},"firefox":{"2":0,"3":0,"3.5":0,"3.6":0.006126,"4":0,"5":0,"6":0,"7":0,"8":0,"9":0,"10":0,"11":0.006126,"12":0.006126,"13":0,"14":0,"15":0,"16":0.006126,"17":0,"18":0,"19":0,"20":0,"21":0,"22":0,"23":0,"24":0.012252,"25":0,"26":0,"27":0,"28":0,"29":0.006126,"30":0,"31":0.006126,"32":0,"33":0.006126,"34":0.006126,"35":0.006126,"36":0.006126,"37":0.006126,"38":0.03063,"39":0.006126,"40":0.006126,"41":0.006126,"42":0.006126,"43":0.012252,"44":0.006126,"45":0.073512,"46":0.006126,"47":0.024504,"48":0.361434,"49":0.03063,"50":0.036756,"51":0.018378,"52":0.716742,"53":0.03063,"54":0.049008,"55":0.042882,"56":0.073512,"57":0.079638,"58":0.085764,"59":2.615802,"60":2.291124,"61":0.03063,"62":0},"opera":{"9":0,"9.5-9.6":0,"10.0-10.1":0,"10.5":0,"10.6":0,"11":0,"11.1":0,"11.5":0,"11.6":0,"12":0,"12.1":0.006126,"15":0,"16":0,"17":0,"18":0,"19":0,"20":0,"21":0,"22":0,"23":0,"24":0,"25":0,"26":0,"27":0,"28":0,"29":0,"30":0,"31":0,"32":0,"33":0.006126,"34":0,"35":0,"36":0.018378,"37":0.006126,"38":0,"39":0,"40":0,"41":0,"42":0,"43":0,"44":0,"45":0.006126,"46":0.006126,"47":0.006126,"48":0.006126,"49":0.012252,"50":0.024504,"51":0.03063,"52":1.978698,"53":0.563592},"safari":{"3.1":0,"3.2":0,"4":0.012252,"5":0.018378,"5.1":0.036756,"6":0,"6.1":0.03063,"7":0.006126,"7.1":0,"8":0.024504,"9":0.042882,"9.1":0.196032,"10":0.098016,"10.1":0.33693,"11":0.508458,"11.1":1.641768,"0":null},"ios_saf":{"3.2":0.00198433997585,"4.0-4.1":0,"4.2-4.3":0.00396867995169,"5.0-5.1":0.0317494396135,"6.0-6.1":0.0198433997585,"7.0-7.1":0.0833422789855,"8":0.0198433997585,"8.1-8.4":0.140888138285,"9.0-9.2":0.111123038647,"9.3":0.686581631643,"10.0-10.2":0.636973132246,"10.3":1.45650554227,"11.0-11.2":4.33379850725,"11.3":12.1898004716},"android":{"2.1":0,"2.2":0,"2.3":0,"3":0,"4":0,"4.1":0.0629860905233,"4.2-4.3":0.144407134371,"4.4":0.545367369165,"4.4.3-4.4.4":0.333365405941,"66":null},"op_mob":{"10":null,"11":null,"11.1":null,"11.5":null,"12":null,"12.1":null,"0":null},"ie":{"5.5":0,"6":0.00624348493151,"7":0.00624348493151,"8":0.0998957589041,"9":0.0749218191781,"10":0.168574093151,"11":1.9229933589},"edge":{"12":0.024504,"13":0.024504,"14":0.079638,"15":0.110268,"16":1.292586,"17":0.330804,"18":null},"samsung":{"4":0.390613033175,"5":0.137242417062,"6.2":1.49910947867},"bb":{"7":0.003874,"10":0.015496},"ie_mob":{"10":0.0221371428571,"11":0.132822857143},"and_uc":{"0":0.472628},"op_mini":{"0":0.146706116838},"and_chr":{"0":38.237862},"baidu":{"0":null},"and_ff":{"0":0.247936},"and_qq":{"1.2":null}},"total":97.2293130457}