{"id":"GD","name":"Grenada","month":"2018-05","access_date":"2018-06-04","data":{"chrome":{"4":0,"5":0,"6":0,"7":0,"8":0,"9":0,"10":0,"11":0.008364,"12":0,"13":0,"14":0,"15":0,"16":0,"17":0,"18":0,"19":0,"20":0,"21":0,"22":0.016728,"23":0,"24":0,"25":0,"26":0,"27":0,"28":0,"29":0,"30":0,"31":0,"32":0,"33":0,"34":0,"35":0.02091,"36":0.037638,"37":0.004182,"38":0.029274,"39":0,"40":0,"41":0,"42":0,"43":0.004182,"44":0.004182,"45":0,"46":0.004182,"47":0,"48":0,"49":0.280194,"50":0,"51":0.004182,"52":0,"53":0.004182,"54":0,"55":0.025092,"56":0.008364,"57":0.004182,"58":0.016728,"59":0.008364,"60":0.06273,"61":0.004182,"62":0.012546,"63":0.02091,"64":0.079458,"65":0.589662,"66":8.911842,"67":0.037638,"68":0.037638,"69":0},"firefox":{"2":0,"3":0,"3.5":0,"3.6":0,"4":0.016728,"5":0,"6":0,"7":0,"8":0,"9":0,"10":0,"11":0,"12":0,"13":0,"14":0,"15":0,"16":0,"17":0,"18":0,"19":0,"20":0,"21":0,"22":0,"23":0,"24":0,"25":0,"26":0,"27":0,"28":0,"29":0,"30":0,"31":0,"32":0,"33":0,"34":0,"35":0.004182,"36":0,"37":0,"38":0.008364,"39":0,"40":0,"41":0,"42":0,"43":0.004182,"44":0,"45":0,"46":0,"47":0.008364,"48":0.033456,"49":0,"50":0.117096,"51":0,"52":0.046002,"53":0.004182,"54":0,"55":0,"56":0.004182,"57":0.012546,"58":0.008364,"59":0.677484,"60":0.405654,"61":0.004182,"62":0},"opera":{"9":0,"9.5-9.6":0,"10.0-10.1":0,"10.5":0,"10.6":0,"11":0,"11.1":0,"11.5":0,"11.6":0,"12":0,"12.1":0.004182,"15":0,"16":0,"17":0.016728,"18":0,"19":0,"20":0,"21":0,"22":0.004182,"23":0,"24":0,"25":0,"26":0,"27":0.004182,"28":0,"29":0,"30":0,"31":0.004182,"32":0,"33":0.008364,"34":0,"35":0,"36":0,"37":0.004182,"38":0,"39":0,"40":0,"41":0,"42":0,"43":0.004182,"44":0.004182,"45":0,"46":0,"47":0,"48":0,"49":0,"50":0,"51":0,"52":0.259284,"53":0.087822},"safari":{"3.1":0,"3.2":0,"4":0,"5":0,"5.1":0.004182,"6":0,"6.1":0.004182,"7":0.004182,"7.1":0,"8":0.004182,"9":0.012546,"9.1":0.06273,"10":0.016728,"10.1":0.10455,"11":0.096186,"11.1":0.451656,"0":null},"ios_saf":{"3.2":0.00115328703704,"4.0-4.1":0,"4.2-4.3":0.00230657407407,"5.0-5.1":0.0184525925926,"6.0-6.1":0.0115328703704,"7.0-7.1":0.0484380555556,"8":0.0115328703704,"8.1-8.4":0.0818833796296,"9.0-9.2":0.0645840740741,"9.3":0.399037314815,"10.0-10.2":0.370205138889,"10.3":0.846512685185,"11.0-11.2":2.51877888889,"11.3":7.08464226852},"android":{"2.1":0,"2.2":0,"2.3":0,"3":0,"4":0,"4.1":0.206377994342,"4.2-4.3":0.473159304102,"4.4":1.78693141443,"4.4.3-4.4.4":1.09229328713,"66":null},"op_mob":{"10":null,"11":null,"11.1":null,"11.5":null,"12":null,"12.1":null,"0":null},"ie":{"5.5":0,"6":0,"7":0,"8":0.004182,"9":0.008364,"10":0.008364,"11":0.706758},"edge":{"12":0.004182,"13":0.033456,"14":0.075276,"15":0.142188,"16":1.095684,"17":0.196554,"18":null},"samsung":{"4":0.530356631579,"5":0.165736447368,"6.2":1.73470814912},"bb":{"7":0.017454,"10":0.069816},"ie_mob":{"10":0.011636,"11":0.221084},"and_uc":{"0":0.2909},"op_mini":{"0":0.710545742268},"and_chr":{"0":64.271946},"baidu":{"0":null},"and_ff":{"0":0.075634},"and_qq":{"1.2":null}},"total":98.1477469703}