{"id":"GF","name":"French Guiana","month":"2018-05","access_date":"2018-06-04","data":{"chrome":{"4":0,"5":0,"6":0,"7":0,"8":0,"9":0,"10":0,"11":0,"12":0,"13":0,"14":0,"15":0,"16":0,"17":0,"18":0,"19":0,"20":0,"21":0,"22":0,"23":0.005128,"24":0,"25":0,"26":0.10256,"27":0,"28":0,"29":0,"30":0,"31":0.02564,"32":0.005128,"33":0,"34":0,"35":0,"36":0.010256,"37":0.005128,"38":0.010256,"39":0.005128,"40":0,"41":0,"42":0,"43":0,"44":0,"45":0.010256,"46":0,"47":0,"48":0,"49":0.420496,"50":0.005128,"51":0,"52":0.056408,"53":0.005128,"54":0.005128,"55":0.169224,"56":0.020512,"57":0.030768,"58":0.07692,"59":0.005128,"60":0.087176,"61":0.02564,"62":0.035896,"63":0.107688,"64":0.041024,"65":1.046112,"66":12.184128,"67":0.071792,"68":0.005128,"69":0},"firefox":{"2":0,"3":0,"3.5":0,"3.6":0,"4":0,"5":0,"6":0,"7":0,"8":0,"9":0,"10":0,"11":0,"12":0.005128,"13":0,"14":0,"15":0,"16":0,"17":0,"18":0,"19":0,"20":0,"21":0,"22":0,"23":0,"24":0,"25":0,"26":0,"27":0,"28":0,"29":0,"30":0,"31":0,"32":0.005128,"33":0.005128,"34":0,"35":0,"36":0,"37":0,"38":0.010256,"39":0,"40":0,"41":0.010256,"42":0,"43":0.020512,"44":0.010256,"45":0.005128,"46":0,"47":0.030768,"48":0.05128,"49":0.015384,"50":0.005128,"51":0.015384,"52":0.07692,"53":0.005128,"54":0.005128,"55":0,"56":0.010256,"57":0.030768,"58":0.056408,"59":1.979408,"60":1.569168,"61":0.005128,"62":0},"opera":{"9":0,"9.5-9.6":0,"10.0-10.1":0,"10.5":0,"10.6":0,"11":0,"11.1":0,"11.5":0,"11.6":0,"12":0,"12.1":0,"15":0,"16":0,"17":0,"18":0,"19":0,"20":0,"21":0,"22":0,"23":0,"24":0,"25":0,"26":0,"27":0,"28":0,"29":0,"30":0,"31":0,"32":0,"33":0,"34":0,"35":0,"36":0,"37":0,"38":0,"39":0,"40":0,"41":0,"42":0,"43":0.005128,"44":0,"45":0,"46":0.005128,"47":0,"48":0,"49":0,"50":0,"51":0,"52":0.482032,"53":0.030768},"safari":{"3.1":0,"3.2":0,"4":0,"5":0.020512,"5.1":0.010256,"6":0,"6.1":0.005128,"7":0.005128,"7.1":0,"8":0.005128,"9":0.005128,"9.1":0.348704,"10":0.02564,"10.1":0.189736,"11":0.112816,"11.1":1.246104,"0":null},"ios_saf":{"3.2":0.00150100483092,"4.0-4.1":0,"4.2-4.3":0.00300200966184,"5.0-5.1":0.0240160772947,"6.0-6.1":0.0150100483092,"7.0-7.1":0.0630422028986,"8":0.0150100483092,"8.1-8.4":0.106571342995,"9.0-9.2":0.0840562705314,"9.3":0.519347671498,"10.0-10.2":0.481822550725,"10.3":1.10173754589,"11.0-11.2":3.27819455072,"11.3":9.22067267633},"android":{"2.1":0,"2.2":0,"2.3":0,"3":0,"4":0,"4.1":0.0709871796322,"4.2-4.3":0.162751094767,"4.4":0.614645091938,"4.4.3-4.4.4":0.375712633663,"66":null},"op_mob":{"10":null,"11":null,"11.1":null,"11.5":null,"12":null,"12.1":null,"0":null},"ie":{"5.5":0,"6":0,"7":0,"8":0.00545883870968,"9":0.0109176774194,"10":0.00545883870968,"11":0.993508645161},"edge":{"12":0.005128,"13":0.164096,"14":0.10256,"15":0.07692,"16":1.364048,"17":0.169224,"18":null},"samsung":{"4":0.799625342466,"5":0.138601726027,"6.2":1.92976249315},"bb":{"7":0,"10":0},"ie_mob":{"10":0,"11":0.04872},"and_uc":{"0":0.258216},"op_mini":{"0":0.498149443299},"and_chr":{"0":53.116128},"baidu":{"0":null},"and_ff":{"0":0.180264},"and_qq":{"1.2":null}},"total":97.0091550049}