{"id":"GG","name":"Guernsey","month":"2018-05","access_date":"2018-06-04","data":{"chrome":{"4":0,"5":0,"6":0,"7":0,"8":0,"9":0,"10":0,"11":0,"12":0,"13":0,"14":0,"15":0,"16":0,"17":0,"18":0,"19":0,"20":0,"21":0,"22":0,"23":0,"24":0,"25":0,"26":0,"27":0,"28":0,"29":0,"30":0,"31":0,"32":0,"33":0,"34":0,"35":0,"36":0,"37":0.006092,"38":0.006092,"39":0,"40":0,"41":0,"42":0,"43":0,"44":0.012184,"45":0,"46":0,"47":0.012184,"48":0,"49":0.651844,"50":0,"51":0.115748,"52":0,"53":0,"54":0,"55":0,"56":0.006092,"57":0.012184,"58":0.03046,"59":0.006092,"60":0.06092,"61":0.012184,"62":0.012184,"63":0.140116,"64":0.115748,"65":1.224492,"66":12.70182,"67":0.164484,"68":0,"69":0},"firefox":{"2":0,"3":0,"3.5":0,"3.6":0,"4":0,"5":0,"6":0,"7":0,"8":0,"9":0,"10":0,"11":0,"12":0,"13":0,"14":0,"15":0,"16":0.006092,"17":0,"18":0,"19":0,"20":0,"21":0,"22":0,"23":0,"24":0,"25":0,"26":0,"27":0,"28":0,"29":0,"30":0.024368,"31":0,"32":0,"33":0,"34":0,"35":0,"36":0,"37":0,"38":0,"39":0,"40":0,"41":0,"42":0,"43":0.006092,"44":0.006092,"45":0.292416,"46":0,"47":0,"48":0.079196,"49":0.006092,"50":0.024368,"51":0,"52":0.079196,"53":0,"54":0,"55":0,"56":0.006092,"57":0.018276,"58":0.115748,"59":1.43162,"60":1.12702,"61":0.073104,"62":0},"opera":{"9":0,"9.5-9.6":0,"10.0-10.1":0,"10.5":0,"10.6":0,"11":0,"11.1":0,"11.5":0,"11.6":0,"12":0,"12.1":0,"15":0,"16":0,"17":0,"18":0,"19":0,"20":0,"21":0,"22":0,"23":0,"24":0,"25":0,"26":0,"27":0,"28":0,"29":0,"30":0,"31":0,"32":0,"33":0,"34":0,"35":0,"36":0,"37":0,"38":0,"39":0,"40":0,"41":0,"42":0,"43":0,"44":0,"45":0,"46":0,"47":0,"48":0,"49":0,"50":0,"51":0.006092,"52":0.073104,"53":0.018276},"safari":{"3.1":0,"3.2":0,"4":0,"5":0.006092,"5.1":0.024368,"6":0,"6.1":0.054828,"7":0,"7.1":0,"8":0.006092,"9":0.012184,"9.1":0.18276,"10":0.036552,"10.1":0.261956,"11":0.530004,"11.1":2.290592,"0":null},"ios_saf":{"3.2":0.00501518760064,"4.0-4.1":0,"4.2-4.3":0.0100303752013,"5.0-5.1":0.0802430016103,"6.0-6.1":0.0501518760064,"7.0-7.1":0.210637879227,"8":0.0501518760064,"8.1-8.4":0.356078319646,"9.0-9.2":0.280850505636,"9.3":1.73525490982,"10.0-10.2":1.60987521981,"10.3":3.68114769887,"11.0-11.2":10.9531697198,"11.3":30.8082974308},"android":{"2.1":0,"2.2":0,"2.3":0,"3":0,"4":0,"4.1":0.0654373917963,"4.2-4.3":0.150027190948,"4.4":0.566592050919,"4.4.3-4.4.4":0.346339366337,"66":null},"op_mob":{"10":null,"11":null,"11.1":null,"11.5":null,"12":null,"12.1":null,"0":null},"ie":{"5.5":0,"6":0,"7":0,"8":0.012184,"9":0.036552,"10":0.024368,"11":5.1782},"edge":{"12":0.006092,"13":0.036552,"14":0.109656,"15":0.073104,"16":1.523,"17":0.597016,"18":null},"samsung":{"4":0.430144949153,"5":0.0506052881356,"6.2":1.11331633898},"bb":{"7":0.0015632,"10":0.0062528},"ie_mob":{"10":0.0130266666667,"11":0.104213333333},"and_uc":{"0":0.003908},"op_mini":{"0":0.0073996838488},"and_chr":{"0":14.606016},"baidu":{"0":null},"and_ff":{"0":0.539304},"and_qq":{"1.2":null}},"total":97.5213662601}