{"id":"GH","name":"Ghana","month":"2018-05","access_date":"2018-06-04","data":{"chrome":{"4":0,"5":0,"6":0,"7":0,"8":0,"9":0,"10":0,"11":0.003014,"12":0,"13":0,"14":0,"15":0,"16":0,"17":0,"18":0,"19":0,"20":0,"21":0,"22":0,"23":0,"24":0,"25":0.003014,"26":0,"27":0,"28":0.003014,"29":0.003014,"30":0.003014,"31":0.003014,"32":0.003014,"33":0.006028,"34":0,"35":0.003014,"36":0.003014,"37":0,"38":0.003014,"39":0,"40":0.006028,"41":0,"42":0,"43":0.024112,"44":0,"45":0.003014,"46":0.003014,"47":0.006028,"48":0.003014,"49":0.10549,"50":0.012056,"51":0.006028,"52":0.006028,"53":0.006028,"54":0.003014,"55":0.01507,"56":0.009042,"57":0.009042,"58":0.039182,"59":0.012056,"60":0.114532,"61":0.021098,"62":0.036168,"63":0.07535,"64":0.078364,"65":0.36168,"66":3.921214,"67":0.06028,"68":0.024112,"69":0},"firefox":{"2":0,"3":0,"3.5":0,"3.6":0,"4":0,"5":0,"6":0,"7":0.003014,"8":0,"9":0,"10":0.003014,"11":0,"12":0.003014,"13":0.003014,"14":0,"15":0.003014,"16":0,"17":0,"18":0,"19":0.003014,"20":0.003014,"21":0.003014,"22":0.003014,"23":0.003014,"24":0,"25":0,"26":0.003014,"27":0.003014,"28":0.003014,"29":0.006028,"30":0.006028,"31":0.003014,"32":0.003014,"33":0.003014,"34":0.006028,"35":0.006028,"36":0.003014,"37":0.006028,"38":0.009042,"39":0.003014,"40":0.009042,"41":0.009042,"42":0.009042,"43":0.033154,"44":0.024112,"45":0.012056,"46":0.01507,"47":0.054252,"48":0.033154,"49":0.012056,"50":0.012056,"51":0.009042,"52":0.066308,"53":0.009042,"54":0.024112,"55":0.012056,"56":0.036168,"57":0.042196,"58":0.042196,"59":0.79871,"60":0.63294,"61":0.141658,"62":0},"opera":{"9":0,"9.5-9.6":0,"10.0-10.1":0,"10.5":0,"10.6":0,"11":0,"11.1":0,"11.5":0,"11.6":0.003014,"12":0.003014,"12.1":0.057266,"15":0.003014,"16":0.006028,"17":0.003014,"18":0.006028,"19":0.012056,"20":0.048224,"21":0.003014,"22":0.006028,"23":0.051238,"24":0.003014,"25":0,"26":0.003014,"27":0.003014,"28":0.009042,"29":0.009042,"30":0.009042,"31":0.003014,"32":0.036168,"33":0.06028,"34":0.003014,"35":0.006028,"36":0.006028,"37":0.009042,"38":0,"39":0,"40":0.003014,"41":0,"42":0.01507,"43":0.009042,"44":0.003014,"45":0.012056,"46":0.018084,"47":0.003014,"48":0.003014,"49":0.006028,"50":0.009042,"51":0.012056,"52":0.36168,"53":0.084392},"safari":{"3.1":0,"3.2":0,"4":0,"5":0,"5.1":0.003014,"6":0,"6.1":0,"7":0,"7.1":0,"8":0.003014,"9":0.006028,"9.1":0.012056,"10":0.01507,"10.1":0.027126,"11":0.07535,"11.1":0.117546,"0":null},"ios_saf":{"3.2":0.000769963164251,"4.0-4.1":0,"4.2-4.3":0.0015399263285,"5.0-5.1":0.012319410628,"6.0-6.1":0.00769963164251,"7.0-7.1":0.0323384528986,"8":0.00769963164251,"8.1-8.4":0.0546673846618,"9.0-9.2":0.0431179371981,"9.3":0.266407254831,"10.0-10.2":0.247158175725,"10.3":0.56515296256,"11.0-11.2":1.68159955072,"11.3":4.729883718},"android":{"2.1":0,"2.2":0,"2.3":0,"3":0,"4":0,"4.1":0.106926608204,"4.2-4.3":0.245148809052,"4.4":0.925827949081,"4.4.3-4.4.4":0.565928633663,"66":null},"op_mob":{"10":null,"11":null,"11.1":null,"11.5":null,"12":null,"12.1":null,"0":null},"ie":{"5.5":0,"6":0,"7":0,"8":0.024112,"9":0.003014,"10":0.012056,"11":0.253176},"edge":{"12":0.03014,"13":0.03014,"14":0.04521,"15":0.04521,"16":0.147686,"17":0.024112,"18":null},"samsung":{"4":0.777250331126,"5":0.103633377483,"6.2":0.632163602649},"bb":{"7":0.0181636,"10":0.0726544},"ie_mob":{"10":0.0795569850746,"11":0.681917014925},"and_uc":{"0":8.236494},"op_mini":{"0":27.7717386838},"and_chr":{"0":28.80712},"baidu":{"0":null},"and_ff":{"0":0.391216},"and_qq":{"1.2":null}},"total":85.9694499951}