{"id":"GI","name":"Gibraltar","month":"2018-05","access_date":"2018-06-04","data":{"chrome":{"4":0,"5":0,"6":0,"7":0,"8":0,"9":0,"10":0,"11":0,"12":0,"13":0,"14":0,"15":0,"16":0,"17":0,"18":0,"19":0,"20":0,"21":0,"22":0,"23":0,"24":0,"25":0,"26":0,"27":0,"28":0,"29":0.042684,"30":0,"31":0,"32":0.007114,"33":0,"34":0,"35":0.007114,"36":0,"37":0,"38":0.007114,"39":0,"40":0,"41":0.064026,"42":0,"43":0,"44":0.007114,"45":0.007114,"46":0,"47":0,"48":0,"49":0.690058,"50":0.007114,"51":0.014228,"52":0.007114,"53":0.042684,"54":0.007114,"55":0.007114,"56":0.056912,"57":0.042684,"58":0.128052,"59":0.007114,"60":0.021342,"61":0.028456,"62":0.14228,"63":0.67583,"64":0.120938,"65":3.84156,"66":22.522924,"67":0.135166,"68":0.014228,"69":0},"firefox":{"2":0,"3":0.007114,"3.5":0,"3.6":0.03557,"4":0,"5":0,"6":0,"7":0,"8":0,"9":0,"10":0,"11":0,"12":0,"13":0,"14":0,"15":0,"16":0,"17":0,"18":0,"19":0,"20":0,"21":0,"22":0,"23":0,"24":0,"25":0,"26":0,"27":0,"28":0,"29":0,"30":0,"31":0,"32":0,"33":0,"34":0,"35":0,"36":0,"37":0,"38":0,"39":0,"40":0,"41":0,"42":0,"43":0,"44":0,"45":0.007114,"46":0,"47":0,"48":0.028456,"49":0,"50":0.014228,"51":0.021342,"52":0.056912,"53":0.014228,"54":0.007114,"55":0,"56":0,"57":0.014228,"58":0.021342,"59":2.198226,"60":1.131126,"61":0.028456,"62":0},"opera":{"9":0,"9.5-9.6":0,"10.0-10.1":0,"10.5":0,"10.6":0,"11":0,"11.1":0,"11.5":0,"11.6":0,"12":0,"12.1":0,"15":0,"16":0,"17":0,"18":0,"19":0,"20":0,"21":0,"22":0,"23":0,"24":0,"25":0,"26":0,"27":0,"28":0,"29":0,"30":0,"31":0,"32":0,"33":0,"34":0,"35":0,"36":0,"37":0.007114,"38":0,"39":0,"40":0,"41":0,"42":0,"43":0,"44":0.007114,"45":0,"46":0,"47":0,"48":0,"49":0,"50":0,"51":0,"52":0.761198,"53":0.03557},"safari":{"3.1":0,"3.2":0,"4":0.014228,"5":0.021342,"5.1":0.064026,"6":0,"6.1":0,"7":0,"7.1":0,"8":0.049798,"9":0.10671,"9.1":0.085368,"10":0.07114,"10.1":0.184964,"11":0.81811,"11.1":1.935008,"0":null},"ios_saf":{"3.2":0.0033478989533,"4.0-4.1":0,"4.2-4.3":0.0066957979066,"5.0-5.1":0.0535663832528,"6.0-6.1":0.033478989533,"7.0-7.1":0.140611756039,"8":0.033478989533,"8.1-8.4":0.237700825684,"9.0-9.2":0.187482341385,"9.3":1.15837303784,"10.0-10.2":1.07467556401,"10.3":2.45735783172,"11.0-11.2":7.31181131401,"11.3":20.5661432701},"android":{"2.1":0,"2.2":0,"2.3":0,"3":0,"4":0,"4.1":0.0562442291372,"4.2-4.3":0.128950183876,"4.4":0.4869927157,"4.4.3-4.4.4":0.297682871287,"66":null},"op_mob":{"10":null,"11":null,"11.1":null,"11.5":null,"12":null,"12.1":null,"0":null},"ie":{"5.5":0,"6":0,"7":0.00740401918465,"8":3.3762327482,"9":0.0666361726619,"10":0.0962522494005,"11":2.53957858034},"edge":{"12":0.007114,"13":0.014228,"14":0.170736,"15":0.064026,"16":1.515282,"17":0.53355,"18":null},"samsung":{"4":0.326300658228,"5":0.0450069873418,"6.2":1.02390896203},"bb":{"7":0,"10":0},"ie_mob":{"10":0.020202,"11":0.020202},"and_uc":{"0":0.112554},"op_mini":{"0":0.0464487319588},"and_chr":{"0":17.068968},"baidu":{"0":null},"and_ff":{"0":0.121212},"and_qq":{"1.2":null}},"total":97.8127751093}