{"id":"GL","name":"Greenland","month":"2018-05","access_date":"2018-06-04","data":{"chrome":{"4":0,"5":0,"6":0,"7":0,"8":0,"9":0,"10":0,"11":0,"12":0,"13":0,"14":0,"15":0,"16":0,"17":0,"18":0,"19":0,"20":0,"21":0,"22":0,"23":0,"24":0,"25":0,"26":0,"27":0,"28":0,"29":0,"30":0,"31":0,"32":0.005276,"33":0.005276,"34":0,"35":0,"36":0,"37":0,"38":0,"39":0,"40":0,"41":0.005276,"42":0,"43":0.02638,"44":0,"45":0,"46":0,"47":0,"48":0,"49":0.216316,"50":0,"51":0,"52":0,"53":0,"54":0,"55":0,"56":0,"57":0.015828,"58":0.021104,"59":0.005276,"60":0.042208,"61":0.005276,"62":0.005276,"63":0.036932,"64":0.015828,"65":1.23986,"66":11.81824,"67":0.15828,"68":0,"69":0},"firefox":{"2":0,"3":0.005276,"3.5":0,"3.6":0,"4":0,"5":0,"6":0,"7":0,"8":0,"9":0,"10":0,"11":0,"12":0,"13":0,"14":0,"15":0,"16":0,"17":0,"18":0,"19":0,"20":0,"21":0,"22":0,"23":0,"24":0,"25":0,"26":0,"27":0,"28":0,"29":0,"30":0,"31":0,"32":0,"33":0.005276,"34":0,"35":0,"36":0,"37":0,"38":0,"39":0,"40":0,"41":0,"42":0,"43":0,"44":0,"45":0,"46":0,"47":0.005276,"48":0.015828,"49":0.005276,"50":0.005276,"51":0,"52":0.195212,"53":0,"54":0.036932,"55":0,"56":0.168832,"57":0.005276,"58":0.005276,"59":1.218756,"60":0.63312,"61":0.005276,"62":0},"opera":{"9":0,"9.5-9.6":0,"10.0-10.1":0,"10.5":0,"10.6":0,"11":0,"11.1":0,"11.5":0,"11.6":0,"12":0,"12.1":0.015828,"15":0,"16":0,"17":0,"18":0,"19":0,"20":0.005276,"21":0,"22":0,"23":0,"24":0,"25":0,"26":0,"27":0,"28":0,"29":0,"30":0,"31":0,"32":0,"33":0,"34":0,"35":0,"36":0,"37":0,"38":0,"39":0,"40":0,"41":0,"42":0,"43":0,"44":0,"45":0,"46":0,"47":0,"48":0,"49":0,"50":0,"51":0,"52":0.18466,"53":0.733364},"safari":{"3.1":0,"3.2":0,"4":0,"5":0,"5.1":0.010552,"6":0,"6.1":0,"7":0,"7.1":0,"8":0.005276,"9":0,"9.1":0.200488,"10":0.110796,"10.1":0.137176,"11":0.195212,"11.1":1.862428,"0":null},"ios_saf":{"3.2":0.00260448470209,"4.0-4.1":0,"4.2-4.3":0.00520896940419,"5.0-5.1":0.0416717552335,"6.0-6.1":0.0260448470209,"7.0-7.1":0.109388357488,"8":0.0260448470209,"8.1-8.4":0.184918413849,"9.0-9.2":0.145851143317,"9.3":0.901151706924,"10.0-10.2":0.836039589372,"10.3":1.91169177134,"11.0-11.2":5.68819458937,"11.3":15.999349525},"android":{"2.1":0,"2.2":0,"2.3":0,"3":0,"4":0,"4.1":0.284665261669,"4.2-4.3":0.65264718529,"4.4":2.46478458274,"4.4.3-4.4.4":1.5066429703,"66":null},"op_mob":{"10":null,"11":null,"11.1":null,"11.5":null,"12":null,"12.1":null,"0":null},"ie":{"5.5":0,"6":0,"7":0,"8":0.015828,"9":0.005276,"10":0.005276,"11":3.366088},"edge":{"12":0.010552,"13":0.073864,"14":0.07914,"15":0.480116,"16":1.313724,"17":0.506496,"18":null},"samsung":{"4":0.871381634204,"5":0.154422061758,"6.2":3.15462211876},"bb":{"7":0,"10":0},"ie_mob":{"10":0.030706,"11":0.030706},"and_uc":{"0":7.922148},"op_mini":{"0":3.59131953952},"and_chr":{"0":19.380608},"baidu":{"0":null},"and_ff":{"0":0.056688},"and_qq":{"1.2":null}},"total":91.2304373542}