{"id":"GM","name":"Gambia","month":"2018-05","access_date":"2018-06-04","data":{"chrome":{"4":0,"5":0,"6":0,"7":0,"8":0,"9":0,"10":0,"11":0.01191,"12":0,"13":0,"14":0,"15":0,"16":0,"17":0,"18":0,"19":0,"20":0,"21":0,"22":0,"23":0.026202,"24":0,"25":0.002382,"26":0.002382,"27":0.002382,"28":0,"29":0,"30":0,"31":0,"32":0.002382,"33":0,"34":0.014292,"35":0,"36":0.004764,"37":0,"38":0.002382,"39":0.002382,"40":0.002382,"41":0,"42":0.016674,"43":0.014292,"44":0,"45":0.002382,"46":0,"47":0,"48":0,"49":0.050022,"50":0.002382,"51":0.004764,"52":0,"53":0,"54":0.002382,"55":0.038112,"56":0.002382,"57":0.004764,"58":0.021438,"59":0.004764,"60":0.22629,"61":0.002382,"62":0.002382,"63":0.004764,"64":0.01191,"65":0.159594,"66":2.260518,"67":0.045258,"68":0.016674,"69":0},"firefox":{"2":0,"3":0.004764,"3.5":0,"3.6":0,"4":0,"5":0,"6":0.050022,"7":0,"8":0,"9":0,"10":0,"11":0,"12":0.002382,"13":0,"14":0,"15":0,"16":0,"17":0,"18":0,"19":0,"20":0,"21":0,"22":0,"23":0.002382,"24":0,"25":0,"26":0,"27":0,"28":0,"29":0.002382,"30":0.002382,"31":0,"32":0,"33":0.002382,"34":0.004764,"35":0.002382,"36":0.004764,"37":0.002382,"38":0.004764,"39":0.002382,"40":0.004764,"41":0.002382,"42":0,"43":0.009528,"44":0.004764,"45":0,"46":0.009528,"47":0.014292,"48":0.038112,"49":0.004764,"50":0.007146,"51":0.002382,"52":0.07146,"53":0.002382,"54":0.007146,"55":0.01191,"56":0.009528,"57":0.004764,"58":0.009528,"59":0.507366,"60":0.435906,"61":0.097662,"62":0},"opera":{"9":0,"9.5-9.6":0,"10.0-10.1":0,"10.5":0,"10.6":0,"11":0,"11.1":0,"11.5":0,"11.6":0,"12":0,"12.1":0.171504,"15":0,"16":0.014292,"17":0,"18":0.002382,"19":0.002382,"20":0.01191,"21":0.002382,"22":0.002382,"23":0.004764,"24":0,"25":0,"26":0,"27":0.002382,"28":0,"29":0.002382,"30":0.002382,"31":0,"32":0.007146,"33":0.009528,"34":0,"35":0,"36":0.007146,"37":0.007146,"38":0,"39":0,"40":0,"41":0,"42":0.007146,"43":0,"44":0,"45":0,"46":0.002382,"47":0,"48":0.007146,"49":0,"50":0,"51":0.042876,"52":0.254874,"53":0.045258},"safari":{"3.1":0,"3.2":0,"4":0,"5":0,"5.1":0.002382,"6":0,"6.1":0.002382,"7":0,"7.1":0,"8":0,"9":0,"9.1":0.014292,"10":0.007146,"10.1":0.040494,"11":0.028584,"11.1":0.111954,"0":null},"ios_saf":{"3.2":0.00076871557971,"4.0-4.1":0,"4.2-4.3":0.00153743115942,"5.0-5.1":0.0122994492754,"6.0-6.1":0.0076871557971,"7.0-7.1":0.0322860543478,"8":0.0076871557971,"8.1-8.4":0.0545788061594,"9.0-9.2":0.0430480724638,"9.3":0.26597559058,"10.0-10.2":0.246757701087,"10.3":0.564237235507,"11.0-11.2":1.67887482609,"11.3":4.72221980616},"android":{"2.1":0,"2.2":0,"2.3":0,"3":0,"4":0,"4.1":0.52208019802,"4.2-4.3":1.19696435644,"4.4":4.52045049505,"4.4.3-4.4.4":2.7632049505,"66":null},"op_mob":{"10":null,"11":null,"11.1":null,"11.5":null,"12":null,"12.1":null,"0":null},"ie":{"5.5":0,"6":0,"7":0,"8":0.014292,"9":0.009528,"10":0.066696,"11":0.13101},"edge":{"12":0.03573,"13":0.033348,"14":0.016674,"15":0.028584,"16":0.138156,"17":0.019056,"18":null},"samsung":{"4":2.38310034483,"5":0.561953793103,"6.2":0.957402758621},"bb":{"7":0.0137124,"10":0.0548496},"ie_mob":{"10":0.0667231724138,"11":0.900762827586},"and_uc":{"0":6.140108},"op_mini":{"0":14.6841007698},"and_chr":{"0":44.252094},"baidu":{"0":null},"and_ff":{"0":0.137124},"and_qq":{"1.2":null}},"total":92.4141096663}