{"id":"GP","name":"Guadeloupe","month":"2018-05","access_date":"2018-06-04","data":{"chrome":{"4":0,"5":0,"6":0,"7":0,"8":0,"9":0,"10":0,"11":0.005849,"12":0,"13":0,"14":0,"15":0,"16":0,"17":0,"18":0,"19":0,"20":0,"21":0,"22":0.035094,"23":0,"24":0,"25":0,"26":0,"27":0,"28":0,"29":0.187168,"30":0,"31":0,"32":0,"33":0,"34":0,"35":0.011698,"36":0.005849,"37":0,"38":0.011698,"39":0,"40":0.005849,"41":0,"42":0.005849,"43":0.005849,"44":0,"45":0,"46":0.005849,"47":0,"48":0,"49":0.397732,"50":0.005849,"51":0.029245,"52":0.017547,"53":0.005849,"54":0,"55":0.298299,"56":0.005849,"57":0,"58":0.070188,"59":0.005849,"60":0.017547,"61":0.035094,"62":0.087735,"63":0.076037,"64":0.128678,"65":1.117159,"66":14.487973,"67":0.064339,"68":0.005849,"69":0},"firefox":{"2":0,"3":0,"3.5":0,"3.6":0,"4":0,"5":0,"6":0,"7":0,"8":0,"9":0,"10":0,"11":0,"12":0,"13":0,"14":0,"15":0,"16":0,"17":0,"18":0,"19":0,"20":0,"21":0,"22":0,"23":0,"24":0,"25":0.005849,"26":0,"27":0,"28":0,"29":0,"30":0,"31":0,"32":0,"33":0.005849,"34":0.005849,"35":0,"36":0.005849,"37":0,"38":0.005849,"39":0,"40":0,"41":0.005849,"42":0,"43":0.005849,"44":0,"45":0.023396,"46":0.011698,"47":0.017547,"48":0.245658,"49":0,"50":0.005849,"51":0,"52":0.122829,"53":0.040943,"54":0.005849,"55":0.005849,"56":0.023396,"57":0.023396,"58":0.029245,"59":3.076574,"60":2.871859,"61":0.017547,"62":0},"opera":{"9":0,"9.5-9.6":0,"10.0-10.1":0,"10.5":0,"10.6":0,"11":0,"11.1":0,"11.5":0,"11.6":0,"12":0,"12.1":0,"15":0,"16":0,"17":0,"18":0,"19":0,"20":0,"21":0,"22":0,"23":0,"24":0,"25":0,"26":0,"27":0,"28":0,"29":0,"30":0,"31":0,"32":0,"33":0,"34":0,"35":0,"36":0.005849,"37":0,"38":0,"39":0,"40":0,"41":0,"42":0,"43":0,"44":0,"45":0,"46":0.064339,"47":0,"48":0,"49":0,"50":0,"51":0,"52":0.23396,"53":0.093584},"safari":{"3.1":0,"3.2":0,"4":0,"5":0.011698,"5.1":0.111131,"6":0.011698,"6.1":0.029245,"7":0.029245,"7.1":0,"8":0.076037,"9":0.035094,"9.1":0.298299,"10":0.298299,"10.1":0.415279,"11":0.619994,"11.1":1.959415,"0":null},"ios_saf":{"3.2":0.00169796698873,"4.0-4.1":0,"4.2-4.3":0.00339593397746,"5.0-5.1":0.0271674718196,"6.0-6.1":0.0169796698873,"7.0-7.1":0.0713146135266,"8":0.0169796698873,"8.1-8.4":0.1205556562,"9.0-9.2":0.0950861513688,"9.3":0.5874965781,"10.0-10.2":0.545047403382,"10.3":1.24630776973,"11.0-11.2":3.70835990338,"11.3":10.4306112118},"android":{"2.1":0,"2.2":0,"2.3":0,"3":0,"4":0,"4.1":0.0623572305516,"4.2-4.3":0.14296535785,"4.4":0.539922362093,"4.4.3-4.4.4":0.330037049505,"66":null},"op_mob":{"10":null,"11":null,"11.1":null,"11.5":null,"12":null,"12.1":null,"0":null},"ie":{"5.5":0,"6":0,"7":0,"8":0.011698,"9":0.011698,"10":0.023396,"11":1.22829},"edge":{"12":0.023396,"13":0.076037,"14":0.128678,"15":0.105282,"16":1.485646,"17":0.204715,"18":null},"samsung":{"4":0.495068602649,"5":0.215247218543,"6.2":2.35695704305},"bb":{"7":0.0016604,"10":0.0066416},"ie_mob":{"10":0,"11":0.062265},"and_uc":{"0":0.058114},"op_mini":{"0":0.188635134021},"and_chr":{"0":44.485689},"baidu":{"0":null},"and_ff":{"0":0.195097},"and_qq":{"1.2":null}},"total":97.3038069983}