{"id":"GQ","name":"Equatorial Guinea","month":"2018-05","access_date":"2018-06-04","data":{"chrome":{"4":0.004944,"5":0.004944,"6":0,"7":0,"8":0,"9":0,"10":0,"11":0.004944,"12":0,"13":0,"14":0,"15":0,"16":0,"17":0,"18":0,"19":0,"20":0,"21":0.029664,"22":0,"23":0,"24":0,"25":0.014832,"26":0,"27":0,"28":0,"29":0,"30":0,"31":0.044496,"32":0.004944,"33":0.004944,"34":0.029664,"35":0,"36":0,"37":0,"38":0,"39":0,"40":0.004944,"41":0,"42":0,"43":0.02472,"44":0.004944,"45":0.02472,"46":0.009888,"47":0.02472,"48":0.029664,"49":0.138432,"50":0.004944,"51":0.014832,"52":0.004944,"53":0.04944,"54":0,"55":0.29664,"56":0.262032,"57":0.266976,"58":0.069216,"59":0.004944,"60":0.069216,"61":0.108768,"62":0.079104,"63":0.311472,"64":0.088992,"65":0.627888,"66":9.1464,"67":0.825648,"68":0.02472,"69":0},"firefox":{"2":0,"3":0,"3.5":0,"3.6":0,"4":0.009888,"5":0.004944,"6":0,"7":0,"8":0.464736,"9":0,"10":0,"11":0.004944,"12":0.004944,"13":0.004944,"14":0,"15":0.004944,"16":0.009888,"17":0,"18":0.009888,"19":0.004944,"20":0.004944,"21":0.004944,"22":0,"23":0.014832,"24":0,"25":0,"26":0,"27":0,"28":0,"29":0.034608,"30":0.336192,"31":0.014832,"32":0.009888,"33":0.009888,"34":0.02472,"35":0.004944,"36":0,"37":0.004944,"38":0.009888,"39":0.009888,"40":0.02472,"41":0,"42":0,"43":0.128544,"44":0.004944,"45":0.004944,"46":0.009888,"47":0.093936,"48":0.004944,"49":0.004944,"50":0.069216,"51":0.039552,"52":0.232368,"53":0.009888,"54":0.02472,"55":0.064272,"56":0.336192,"57":0.3708,"58":0.004944,"59":1.231056,"60":1.06296,"61":0.059328,"62":0.029664},"opera":{"9":0,"9.5-9.6":0,"10.0-10.1":0,"10.5":0,"10.6":0,"11":0,"11.1":0,"11.5":0,"11.6":0.004944,"12":0.004944,"12.1":0.019776,"15":0,"16":0,"17":0,"18":0,"19":0,"20":0.004944,"21":0,"22":0,"23":0,"24":0,"25":0,"26":0,"27":0,"28":0,"29":0,"30":0.014832,"31":0,"32":0,"33":0.004944,"34":0.004944,"35":0.009888,"36":0.02472,"37":0,"38":0,"39":0,"40":0,"41":0,"42":0,"43":0,"44":0,"45":0.004944,"46":0,"47":0,"48":0.014832,"49":0.009888,"50":0,"51":0.009888,"52":0.064272,"53":0.014832},"safari":{"3.1":0,"3.2":0,"4":0,"5":0,"5.1":0,"6":0,"6.1":0.014832,"7":0,"7.1":0,"8":0.009888,"9":0,"9.1":0.187872,"10":0.014832,"10.1":0.088992,"11":0.711936,"11.1":0.677328,"0":null},"ios_saf":{"3.2":0.000311745571659,"4.0-4.1":0,"4.2-4.3":0.000623491143317,"5.0-5.1":0.00498792914654,"6.0-6.1":0.00311745571659,"7.0-7.1":0.0130933140097,"8":0.00311745571659,"8.1-8.4":0.0221339355878,"9.0-9.2":0.0174577520129,"9.3":0.107863967794,"10.0-10.2":0.100070328502,"10.3":0.228821249597,"11.0-11.2":0.680852328502,"11.3":1.9150530467},"android":{"2.1":0,"2.2":0,"2.3":0,"3":0,"4":0,"4.1":0.43635227157,"4.2-4.3":1.00041740311,"4.4":3.7781721075,"4.4.3-4.4.4":2.30947421782,"66":null},"op_mob":{"10":null,"11":null,"11.1":null,"11.5":null,"12":null,"12.1":null,"0":null},"ie":{"5.5":0,"6":0,"7":0.00513944363104,"8":0.190159414348,"9":0.0154183308931,"10":0.0565338799414,"11":3.24298893119},"edge":{"12":0.044496,"13":0.232368,"14":0.034608,"15":0.103824,"16":0.39552,"17":0.014832,"18":null},"samsung":{"4":1.40350670769,"5":0.5288576,"6.2":0.589879630769},"bb":{"7":0.0091008,"10":0.0364032},"ie_mob":{"10":0.0105935238095,"11":0.21187047619},"and_uc":{"0":0.424704},"op_mini":{"0":1.43122155326},"and_chr":{"0":56.855632},"baidu":{"0":null},"and_ff":{"0":0.40448},"and_qq":{"1.2":null}},"total":96.2643134917}