{"id":"GR","name":"Greece","month":"2018-05","access_date":"2018-06-04","data":{"chrome":{"4":0,"5":0,"6":0,"7":0,"8":0,"9":0,"10":0,"11":0.04879,"12":0,"13":0,"14":0,"15":0,"16":0.00697,"17":0,"18":0,"19":0,"20":0,"21":0,"22":0.11152,"23":0.01394,"24":0,"25":0,"26":0.02788,"27":0,"28":0,"29":0.03485,"30":0.02788,"31":0.00697,"32":0.00697,"33":0,"34":0.1394,"35":0.01394,"36":0.00697,"37":0.00697,"38":0.0697,"39":0.02091,"40":0.01394,"41":0,"42":0.0697,"43":0.04182,"44":0.02788,"45":0.01394,"46":0.01394,"47":0.02091,"48":0.04879,"49":2.35586,"50":0.03485,"51":0.01394,"52":0.01394,"53":0.04182,"54":0.04879,"55":0.04182,"56":0.04182,"57":0.02091,"58":0.11152,"59":0.02788,"60":0.04182,"61":0.07667,"62":0.12546,"63":0.1394,"64":0.23698,"65":1.45673,"66":25.789,"67":0.16031,"68":0.01394,"69":0},"firefox":{"2":0,"3":0,"3.5":0,"3.6":0,"4":0,"5":0,"6":0,"7":0,"8":0,"9":0,"10":0.00697,"11":0,"12":0.02091,"13":0,"14":0,"15":0,"16":0,"17":0,"18":0.03485,"19":0,"20":0,"21":0,"22":0,"23":0,"24":0,"25":0,"26":0,"27":0,"28":0,"29":0,"30":0,"31":0,"32":0,"33":0.00697,"34":0.00697,"35":0.00697,"36":0.00697,"37":0,"38":0.00697,"39":0.00697,"40":0.00697,"41":0.00697,"42":0.00697,"43":0.02091,"44":0,"45":0.01394,"46":0.00697,"47":0.03485,"48":0.06273,"49":0.01394,"50":0.02091,"51":0.01394,"52":1.14308,"53":0.01394,"54":0.04879,"55":0.02091,"56":0.04879,"57":0.04182,"58":0.05576,"59":3.72895,"60":3.26196,"61":0.02788,"62":0.00697},"opera":{"9":0,"9.5-9.6":0,"10.0-10.1":0,"10.5":0,"10.6":0,"11":0,"11.1":0,"11.5":0,"11.6":0,"12":0.11849,"12.1":0.03485,"15":0,"16":0,"17":0,"18":0,"19":0,"20":0,"21":0,"22":0,"23":0,"24":0,"25":0,"26":0,"27":0,"28":0,"29":0,"30":0,"31":0.29274,"32":0,"33":0.01394,"34":0,"35":0.00697,"36":0.06273,"37":0.02091,"38":0,"39":0,"40":0.05576,"41":0,"42":0,"43":0,"44":0,"45":0.00697,"46":0.00697,"47":0,"48":0,"49":0.00697,"50":0,"51":0.00697,"52":0.56457,"53":0.12546},"safari":{"3.1":0,"3.2":0,"4":0.00697,"5":0.09061,"5.1":0.00697,"6":0,"6.1":0.00697,"7":0.00697,"7.1":0,"8":0.01394,"9":0.01394,"9.1":0.06273,"10":0.02091,"10.1":0.08364,"11":0.08364,"11.1":0.41123,"0":null},"ios_saf":{"3.2":0.000772774758454,"4.0-4.1":0,"4.2-4.3":0.00154554951691,"5.0-5.1":0.0123643961353,"6.0-6.1":0.00772774758454,"7.0-7.1":0.0324565398551,"8":0.00772774758454,"8.1-8.4":0.0548670078502,"9.0-9.2":0.0432753864734,"9.3":0.267380066425,"10.0-10.2":0.248060697464,"10.3":0.567216672705,"11.0-11.2":1.68774007246,"11.3":4.74715534118},"android":{"2.1":0,"2.2":0,"2.3":0,"3":0,"4":0,"4.1":0.126735813296,"4.2-4.3":0.290565035361,"4.4":1.0973466761,"4.4.3-4.4.4":0.670772475248,"66":null},"op_mob":{"10":null,"11":null,"11.1":null,"11.5":null,"12":null,"12.1":null,"0":null},"ie":{"5.5":0,"6":0.02788,"7":0,"8":0.10455,"9":0.0697,"10":0.07667,"11":1.49158},"edge":{"12":0.00697,"13":0.01394,"14":0.06273,"15":0.07667,"16":0.78064,"17":0.25789,"18":null},"samsung":{"4":0.670604869565,"5":0.0532226086957,"6.2":1.61796730435},"bb":{"7":0.001212,"10":0.004848},"ie_mob":{"10":0.0229642105263,"11":0.195195789474},"and_uc":{"0":0.11514},"op_mini":{"0":0.180722319588},"and_chr":{"0":38.03692},"baidu":{"0":null},"and_ff":{"0":0.1212},"and_qq":{"1.2":null}},"total":96.2862871022}