{"id":"GT","name":"Guatemala","month":"2018-05","access_date":"2018-06-04","data":{"chrome":{"4":0,"5":0,"6":0,"7":0,"8":0,"9":0,"10":0,"11":0.00568,"12":0,"13":0,"14":0,"15":0,"16":0,"17":0,"18":0,"19":0,"20":0,"21":0,"22":0.01136,"23":0,"24":0,"25":0,"26":0.00568,"27":0,"28":0,"29":0,"30":0,"31":0.00568,"32":0,"33":0,"34":0.01136,"35":0,"36":0,"37":0.00568,"38":0.0284,"39":0.01136,"40":0.00568,"41":0,"42":0,"43":0.01136,"44":0.01136,"45":0.00568,"46":0.00568,"47":0,"48":0.00568,"49":0.61344,"50":0.02272,"51":0.00568,"52":0.00568,"53":0.01136,"54":0.01136,"55":0.02272,"56":0.0284,"57":0.01704,"58":0.07384,"59":0.03408,"60":0.04544,"61":0.06816,"62":0.06816,"63":0.15336,"64":0.15336,"65":1.0792,"66":21.33408,"67":0.15904,"68":0.01136,"69":0},"firefox":{"2":0,"3":0.00568,"3.5":0,"3.6":0.00568,"4":0.01136,"5":0,"6":0,"7":0,"8":0,"9":0,"10":0,"11":0,"12":0,"13":0,"14":0,"15":0,"16":0,"17":0,"18":0,"19":0,"20":0,"21":0,"22":0,"23":0,"24":0,"25":0.00568,"26":0,"27":0,"28":0,"29":0,"30":0,"31":0,"32":0.00568,"33":0,"34":0,"35":0,"36":0,"37":0,"38":0,"39":0,"40":0,"41":0.00568,"42":0,"43":0.00568,"44":0,"45":0.01136,"46":0,"47":0.01704,"48":0.04544,"49":0.00568,"50":0.00568,"51":0.00568,"52":0.13064,"53":0.00568,"54":0.00568,"55":0.00568,"56":0.01136,"57":0.04544,"58":0.03408,"59":1.136,"60":0.91448,"61":0.01704,"62":0},"opera":{"9":0,"9.5-9.6":0,"10.0-10.1":0,"10.5":0,"10.6":0,"11":0,"11.1":0,"11.5":0,"11.6":0,"12":0,"12.1":0.01704,"15":0.01704,"16":0,"17":0,"18":0,"19":0,"20":0,"21":0,"22":0,"23":0,"24":0,"25":0,"26":0,"27":0,"28":0,"29":0.00568,"30":0,"31":0,"32":0.00568,"33":0.00568,"34":0,"35":0,"36":0.00568,"37":0.00568,"38":0,"39":0,"40":0,"41":0,"42":0,"43":0,"44":0,"45":0.00568,"46":0.00568,"47":0.00568,"48":0,"49":0.01136,"50":0,"51":0,"52":0.40328,"53":0.09088},"safari":{"3.1":0,"3.2":0,"4":0,"5":0.00568,"5.1":0.0568,"6":0,"6.1":0.01136,"7":0,"7.1":0,"8":0.04544,"9":0.07952,"9.1":0.14768,"10":0.09656,"10.1":0.2272,"11":0.3976,"11.1":1.17008,"0":null},"ios_saf":{"3.2":0.000625595813205,"4.0-4.1":0,"4.2-4.3":0.00125119162641,"5.0-5.1":0.0100095330113,"6.0-6.1":0.00625595813205,"7.0-7.1":0.0262750241546,"8":0.00625595813205,"8.1-8.4":0.0444173027375,"9.0-9.2":0.0350333655395,"9.3":0.216456151369,"10.0-10.2":0.200816256039,"10.3":0.459187326892,"11.0-11.2":1.36630125604,"11.3":3.84303508052},"android":{"2.1":0,"2.2":0,"2.3":0,"3":0,"4":0,"4.1":0.0945771994342,"4.2-4.3":0.21683553041,"4.4":0.818900141443,"4.4.3-4.4.4":0.500567128713,"66":null},"op_mob":{"10":null,"11":null,"11.1":null,"11.5":null,"12":null,"12.1":null,"0":null},"ie":{"5.5":0,"6":0,"7":0,"8":0.03408,"9":0.01704,"10":0.01704,"11":0.97696},"edge":{"12":0.01704,"13":0.01704,"14":0.04544,"15":0.05112,"16":0.40328,"17":0.06816,"18":null},"samsung":{"4":1.35412918728,"5":0.192003392226,"6.2":1.24296932862},"bb":{"7":0.00432,"10":0.01728},"ie_mob":{"10":0.01116,"11":0.12276},"and_uc":{"0":0.54864},"op_mini":{"0":1.10018226804},"and_chr":{"0":53.44672},"baidu":{"0":null},"and_ff":{"0":0.12096},"and_qq":{"1.2":null}},"total":96.9696041762}