{"id":"GU","name":"Guam","month":"2018-05","access_date":"2018-06-04","data":{"chrome":{"4":0,"5":0,"6":0,"7":0,"8":0,"9":0,"10":0,"11":0,"12":0,"13":0,"14":0,"15":0,"16":0,"17":0,"18":0,"19":0,"20":0,"21":0,"22":0,"23":0,"24":0,"25":0,"26":0,"27":0,"28":0,"29":0.00498,"30":0,"31":0,"32":0,"33":0,"34":0.02988,"35":0,"36":0,"37":0.00498,"38":0.00996,"39":0,"40":0,"41":0,"42":0,"43":0.00996,"44":0,"45":0,"46":0,"47":0,"48":0.01992,"49":0.249,"50":0.00498,"51":0.00498,"52":0,"53":0,"54":0.03984,"55":0.02988,"56":0.00498,"57":0.00498,"58":0.01494,"59":0.01494,"60":0.02988,"61":0.00996,"62":0.04482,"63":0.0996,"64":0.06474,"65":1.22508,"66":11.48886,"67":0.10956,"68":0.00996,"69":0},"firefox":{"2":0,"3":0,"3.5":0,"3.6":0,"4":0,"5":0,"6":0,"7":0,"8":0,"9":0,"10":0,"11":0,"12":0,"13":0,"14":0,"15":0,"16":0,"17":0,"18":0,"19":0,"20":0,"21":0,"22":0,"23":0,"24":0,"25":0,"26":0,"27":0,"28":0,"29":0,"30":0,"31":0,"32":0.00498,"33":0,"34":0,"35":0,"36":0,"37":0,"38":0,"39":0,"40":0,"41":0.00498,"42":0,"43":0,"44":0,"45":0,"46":0,"47":0.00996,"48":0.03486,"49":0,"50":0.00996,"51":0.00498,"52":0.05976,"53":0.00996,"54":0,"55":0,"56":0.00996,"57":0.0498,"58":0.00498,"59":1.98702,"60":1.00098,"61":0.00498,"62":0},"opera":{"9":0,"9.5-9.6":0,"10.0-10.1":0,"10.5":0,"10.6":0,"11":0,"11.1":0,"11.5":0,"11.6":0,"12":0,"12.1":0,"15":0,"16":0,"17":0,"18":0,"19":0,"20":0,"21":0,"22":0,"23":0,"24":0,"25":0,"26":0,"27":0,"28":0,"29":0.00498,"30":0,"31":0,"32":0,"33":0.00996,"34":0,"35":0,"36":0,"37":0.01494,"38":0,"39":0,"40":0,"41":0,"42":0,"43":0,"44":0.00498,"45":0,"46":0.00498,"47":0,"48":0,"49":0,"50":0,"51":0,"52":0.05478,"53":0.01992},"safari":{"3.1":0,"3.2":0,"4":0,"5":0.00996,"5.1":0.00498,"6":0,"6.1":0.00996,"7":0,"7.1":0,"8":0.01992,"9":0.01494,"9.1":0.15438,"10":0.06972,"10.1":0.28884,"11":0.41334,"11.1":0.97608,"0":null},"ios_saf":{"3.2":0.00432683776167,"4.0-4.1":0,"4.2-4.3":0.00865367552335,"5.0-5.1":0.0692294041868,"6.0-6.1":0.0432683776167,"7.0-7.1":0.18172718599,"8":0.0432683776167,"8.1-8.4":0.307205481079,"9.0-9.2":0.242302914654,"9.3":1.49708586554,"10.0-10.2":1.3889149215,"10.3":3.17589891707,"11.0-11.2":9.4498136715,"11.3":26.57976437},"android":{"2.1":0,"2.2":0,"2.3":0,"3":0,"4":0,"4.1":0.0428998019802,"4.2-4.3":0.0983556435644,"4.4":0.37144950495,"4.4.3-4.4.4":0.227055049505,"66":null},"op_mob":{"10":null,"11":null,"11.1":null,"11.5":null,"12":null,"12.1":null,"0":null},"ie":{"5.5":0,"6":0,"7":0,"8":0.0100375097276,"9":0.0200750194553,"10":0.0150562645914,"11":1.24465120623},"edge":{"12":0,"13":0.03984,"14":0.03984,"15":0.05976,"16":1.15536,"17":0.3486,"18":null},"samsung":{"4":0.271563208556,"5":0.214987540107,"6.2":2.17250566845},"bb":{"7":0,"10":0},"ie_mob":{"10":0,"11":0.00502},"and_uc":{"0":0.3263},"op_mini":{"0":0.175846632302},"and_chr":{"0":26.87486},"baidu":{"0":null},"and_ff":{"0":0.29618},"and_qq":{"1.2":null}},"total":95.8061830494}