{"id":"GW","name":"Guinea-Bissau","month":"2018-05","access_date":"2018-06-04","data":{"chrome":{"4":0,"5":0,"6":0,"7":0,"8":0,"9":0,"10":0,"11":0.002148,"12":0,"13":0,"14":0,"15":0,"16":0.002148,"17":0.002148,"18":0,"19":0,"20":0,"21":0,"22":0,"23":0,"24":0,"25":0.002148,"26":0.004296,"27":0,"28":0,"29":0,"30":0,"31":0,"32":0.002148,"33":0.027924,"34":0,"35":0,"36":0,"37":0,"38":0,"39":0.002148,"40":0.017184,"41":0,"42":0.002148,"43":0.234132,"44":0,"45":0,"46":0.002148,"47":0,"48":0.004296,"49":0.008592,"50":0.006444,"51":0.002148,"52":0,"53":0,"54":0,"55":0.002148,"56":0.002148,"57":0.008592,"58":0.002148,"59":0.004296,"60":0.057996,"61":0.008592,"62":0.045108,"63":0.036516,"64":0.004296,"65":0.24702,"66":1.76136,"67":0.008592,"68":0.004296,"69":0},"firefox":{"2":0,"3":0,"3.5":0,"3.6":0.002148,"4":0.006444,"5":0,"6":0,"7":0,"8":0,"9":0,"10":0,"11":0,"12":0.002148,"13":0.120288,"14":0,"15":0.025776,"16":0.002148,"17":0.002148,"18":0,"19":0,"20":0.002148,"21":0,"22":0,"23":0,"24":0,"25":0,"26":0,"27":0.002148,"28":0,"29":0,"30":0,"31":0,"32":0.025776,"33":0,"34":0,"35":0.004296,"36":0,"37":0.006444,"38":0.002148,"39":0,"40":0,"41":0,"42":0,"43":0.002148,"44":0,"45":0.002148,"46":0,"47":0.008592,"48":0.015036,"49":0,"50":0,"51":0.002148,"52":0.012888,"53":0,"54":0.002148,"55":0,"56":0.006444,"57":0.030072,"58":0.004296,"59":0.442488,"60":0.281388,"61":0.017184,"62":0},"opera":{"9":0,"9.5-9.6":0,"10.0-10.1":0.030072,"10.5":0,"10.6":0,"11":0,"11.1":0,"11.5":0,"11.6":0,"12":0,"12.1":0.008592,"15":0,"16":0,"17":0,"18":0,"19":0,"20":0,"21":0,"22":0.002148,"23":0.002148,"24":0,"25":0,"26":0,"27":0,"28":0,"29":0,"30":0,"31":0,"32":0,"33":0.002148,"34":0,"35":0,"36":0,"37":0,"38":0,"39":0,"40":0,"41":0,"42":0,"43":0,"44":0,"45":0,"46":0,"47":0,"48":0,"49":0.004296,"50":0,"51":0.002148,"52":0.092364,"53":0.004296},"safari":{"3.1":0,"3.2":0,"4":0,"5":0,"5.1":0,"6":0.004296,"6.1":0,"7":0,"7.1":0,"8":0.004296,"9":0.002148,"9.1":0.002148,"10":0,"10.1":0.004296,"11":0.002148,"11.1":0.004296,"0":null},"ios_saf":{"3.2":0.000324141304348,"4.0-4.1":0,"4.2-4.3":0.000648282608696,"5.0-5.1":0.00518626086957,"6.0-6.1":0.00324141304348,"7.0-7.1":0.0136139347826,"8":0.00324141304348,"8.1-8.4":0.0230140326087,"9.0-9.2":0.0181519130435,"9.3":0.112152891304,"10.0-10.2":0.104049358696,"10.3":0.237919717391,"11.0-11.2":0.707924608696,"11.3":1.99120003261},"android":{"2.1":0,"2.2":0,"2.3":0,"3":0,"4":0,"4.1":0.221970404526,"4.2-4.3":0.508907756719,"4.4":1.92193886846,"4.4.3-4.4.4":1.1748189703,"66":null},"op_mob":{"10":null,"11":null,"11.1":null,"11.5":null,"12":null,"12.1":null,"0":null},"ie":{"5.5":0,"6":0,"7":0,"8":0.032421375,"9":0.006484275,"10":0.006484275,"11":0.300438075},"edge":{"12":0.02148,"13":0.017184,"14":0.01074,"15":0.008592,"16":0.083772,"17":0.002148,"18":null},"samsung":{"4":1.15045108475,"5":0.285067525424,"6.2":0.946831423729},"bb":{"7":0.0031408,"10":0.0125632},"ie_mob":{"10":0.0948606486486,"11":1.07508735135},"and_uc":{"0":1.5704},"op_mini":{"0":12.8529819725},"and_chr":{"0":65.707456},"baidu":{"0":null},"and_ff":{"0":0.180596},"and_qq":{"1.2":null}},"total":95.1356720064}