{"id":"GY","name":"Guyana","month":"2018-05","access_date":"2018-06-04","data":{"chrome":{"4":0,"5":0,"6":0,"7":0,"8":0,"9":0,"10":0,"11":0.004015,"12":0,"13":0,"14":0,"15":0,"16":0,"17":0,"18":0,"19":0,"20":0,"21":0,"22":0.00803,"23":0,"24":0,"25":0,"26":0,"27":0,"28":0.004015,"29":0,"30":0,"31":0.004015,"32":0,"33":0.11242,"34":0.00803,"35":0,"36":0.004015,"37":0,"38":0.012045,"39":0,"40":0,"41":0,"42":0,"43":0.02409,"44":0,"45":0.004015,"46":0.004015,"47":0.004015,"48":0.004015,"49":0.05621,"50":0.00803,"51":0.004015,"52":0.004015,"53":0.004015,"54":0.00803,"55":0.10439,"56":0.00803,"57":0.01606,"58":0.052195,"59":0.00803,"60":0.23287,"61":0.02409,"62":0.044165,"63":0.044165,"64":0.076285,"65":0.815045,"66":8.47968,"67":0.06424,"68":0.01606,"69":0},"firefox":{"2":0,"3":0,"3.5":0,"3.6":0,"4":0,"5":0,"6":0,"7":0,"8":0,"9":0,"10":0,"11":0,"12":0,"13":0,"14":0,"15":0,"16":0,"17":0,"18":0,"19":0,"20":0,"21":0,"22":0,"23":0,"24":0,"25":0,"26":0,"27":0,"28":0,"29":0,"30":0,"31":0,"32":0,"33":0,"34":0,"35":0,"36":0,"37":0,"38":0.004015,"39":0,"40":0.004015,"41":0,"42":0,"43":0.004015,"44":0,"45":0,"46":0,"47":0.00803,"48":0.004015,"49":0,"50":0.004015,"51":0,"52":0.04015,"53":0.004015,"54":0.004015,"55":0,"56":0.012045,"57":0.01606,"58":0.01606,"59":0.686565,"60":0.61028,"61":0.060225,"62":0},"opera":{"9":0,"9.5-9.6":0,"10.0-10.1":0,"10.5":0,"10.6":0,"11":0,"11.1":0,"11.5":0,"11.6":0,"12":0.004015,"12.1":0.012045,"15":0,"16":0,"17":0.02409,"18":0,"19":0,"20":0,"21":0,"22":0.01606,"23":0,"24":0,"25":0,"26":0.00803,"27":0.004015,"28":0,"29":0.01606,"30":0,"31":0,"32":0.02409,"33":0.060225,"34":0,"35":0,"36":0,"37":0.020075,"38":0,"39":0,"40":0,"41":0,"42":0,"43":0.012045,"44":0,"45":0.004015,"46":0.00803,"47":0,"48":0,"49":0,"50":0.00803,"51":0,"52":0.301125,"53":0.0803},"safari":{"3.1":0,"3.2":0,"4":0,"5":0,"5.1":0,"6":0,"6.1":0.004015,"7":0,"7.1":0,"8":0,"9":0.004015,"9.1":0.004015,"10":0.004015,"10.1":0.020075,"11":0.020075,"11.1":0.108405,"0":null},"ios_saf":{"3.2":0.000945760366345,"4.0-4.1":0,"4.2-4.3":0.00189152073269,"5.0-5.1":0.0151321658615,"6.0-6.1":0.00945760366345,"7.0-7.1":0.0397219353865,"8":0.00945760366345,"8.1-8.4":0.0671489860105,"9.0-9.2":0.0529625805153,"9.3":0.327233086755,"10.0-10.2":0.303589077597,"10.3":0.694188108897,"11.0-11.2":2.0655406401,"11.3":5.80980593045},"android":{"2.1":0,"2.2":0,"2.3":0,"3":0,"4":0,"4.1":0.1786431471,"4.2-4.3":0.409572093352,"4.4":1.54678822489,"4.4.3-4.4.4":0.945501534653,"66":null},"op_mob":{"10":null,"11":null,"11.1":null,"11.5":null,"12":null,"12.1":null,"0":null},"ie":{"5.5":0,"6":0,"7":0,"8":0.0242796850394,"9":0.0161864566929,"10":0.0202330708661,"11":0.453220787402},"edge":{"12":0.124465,"13":0.04818,"14":0.052195,"15":0.084315,"16":0.74679,"17":0.108405,"18":null},"samsung":{"4":1.02234096774,"5":0.326279032258,"6.2":2.55585241935},"bb":{"7":0.140049,"10":0.560196},"ie_mob":{"10":0.0233415,"11":0.2100735},"and_uc":{"0":4.5486},"op_mini":{"0":2.48746677835},"and_chr":{"0":56.085315},"baidu":{"0":null},"and_ff":{"0":0.197505},"and_qq":{"1.2":null}},"total":94.8236091977}