{"id":"HK","name":"Hong Kong","month":"2018-05","access_date":"2018-06-04","data":{"chrome":{"4":0,"5":0,"6":0,"7":0,"8":0,"9":0,"10":0,"11":0.006484,"12":0,"13":0,"14":0,"15":0,"16":0,"17":0,"18":0.012968,"19":0,"20":0,"21":0.006484,"22":0.006484,"23":0,"24":0,"25":0,"26":0.006484,"27":0,"28":0,"29":0.084292,"30":0.006484,"31":0.019452,"32":0,"33":0,"34":0.012968,"35":0,"36":0.012968,"37":0.012968,"38":0.038904,"39":0.006484,"40":0.012968,"41":0,"42":0.006484,"43":0.012968,"44":0.012968,"45":0.038904,"46":0.012968,"47":0.025936,"48":0.03242,"49":0.732692,"50":0.012968,"51":0.025936,"52":0.012968,"53":0.025936,"54":0.038904,"55":0.447396,"56":0.090776,"57":0.077808,"58":0.103744,"59":0.071324,"60":0.090776,"61":0.077808,"62":0.175068,"63":0.460364,"64":0.466848,"65":2.2694,"66":22.557836,"67":0.155616,"68":0.045388,"69":0},"firefox":{"2":0,"3":0,"3.5":0.006484,"3.6":0.006484,"4":0,"5":0,"6":0,"7":0,"8":0,"9":0,"10":0.006484,"11":0,"12":0,"13":0,"14":0,"15":0,"16":0.006484,"17":0,"18":0,"19":0,"20":0,"21":0,"22":0,"23":0,"24":0,"25":0,"26":0,"27":0,"28":0,"29":0.006484,"30":0.006484,"31":0.006484,"32":0,"33":0,"34":0.006484,"35":0.006484,"36":0,"37":0,"38":0.006484,"39":0.006484,"40":0.006484,"41":0.006484,"42":0.006484,"43":0.012968,"44":0,"45":0.019452,"46":0.006484,"47":0.03242,"48":0.090776,"49":0.012968,"50":0.006484,"51":0.012968,"52":0.181552,"53":0.012968,"54":0.012968,"55":0.019452,"56":0.045388,"57":0.038904,"58":0.038904,"59":1.309768,"60":0.94018,"61":0.012968,"62":0},"opera":{"9":0,"9.5-9.6":0,"10.0-10.1":0,"10.5":0,"10.6":0,"11":0,"11.1":0,"11.5":0,"11.6":0,"12":0,"12.1":0,"15":0,"16":0,"17":0,"18":0,"19":0,"20":0,"21":0,"22":0,"23":0,"24":0,"25":0,"26":0,"27":0,"28":0,"29":0,"30":0,"31":0,"32":0,"33":0,"34":0,"35":0,"36":0.006484,"37":0.012968,"38":0,"39":0,"40":0,"41":0,"42":0,"43":0,"44":0,"45":0,"46":0.006484,"47":0,"48":0.006484,"49":0,"50":0,"51":0,"52":0.168584,"53":0.038904},"safari":{"3.1":0,"3.2":0,"4":0,"5":0.006484,"5.1":0.03242,"6":0.006484,"6.1":0.012968,"7":0.006484,"7.1":0,"8":0.058356,"9":0.051872,"9.1":0.22694,"10":0.123196,"10.1":0.512236,"11":0.58356,"11.1":1.569128,"0":null},"ios_saf":{"3.2":0.00263635144928,"4.0-4.1":0,"4.2-4.3":0.00527270289855,"5.0-5.1":0.0421816231884,"6.0-6.1":0.0263635144928,"7.0-7.1":0.11072676087,"8":0.0263635144928,"8.1-8.4":0.187180952899,"9.0-9.2":0.147635681159,"9.3":0.912177601449,"10.0-10.2":0.846268815217,"10.3":1.93508196377,"11.0-11.2":5.75779156522,"11.3":16.1951069529},"android":{"2.1":0,"2.2":0,"2.3":0,"3":0,"4":0,"4.1":0.0569059123055,"4.2-4.3":0.130467213579,"4.4":0.492721923621,"4.4.3-4.4.4":0.301184950495,"66":null},"op_mob":{"10":null,"11":null,"11.1":null,"11.5":null,"12":null,"12.1":null,"0":null},"ie":{"5.5":0,"6":0.00671316424116,"7":0,"8":0.0939842993763,"9":0.100697463617,"10":0.0738448066528,"11":2.95379226611},"edge":{"12":0.012968,"13":0.012968,"14":0.051872,"15":0.045388,"16":0.9726,"17":0.3242,"18":null},"samsung":{"4":0.423400421053,"5":0.127020126316,"6.2":2.25460724211},"bb":{"7":0.0007032,"10":0.0028128},"ie_mob":{"10":0,"11":0.014064},"and_uc":{"0":0.502788},"op_mini":{"0":0.116505257732},"and_chr":{"0":26.374852},"baidu":{"0":null},"and_ff":{"0":0.151188},"and_qq":{"1.2":null}},"total":96.4500170472}