{"id":"HN","name":"Honduras","month":"2018-05","access_date":"2018-06-04","data":{"chrome":{"4":0,"5":0,"6":0,"7":0,"8":0,"9":0,"10":0,"11":0.011222,"12":0,"13":0,"14":0,"15":0,"16":0,"17":0,"18":0.016833,"19":0,"20":0,"21":0,"22":0.016833,"23":0,"24":0,"25":0,"26":0.005611,"27":0,"28":0,"29":0.005611,"30":0,"31":0,"32":0.005611,"33":0,"34":0.011222,"35":0.005611,"36":0.011222,"37":0.005611,"38":0.044888,"39":0.005611,"40":0.011222,"41":0,"42":0,"43":0.005611,"44":0.005611,"45":0.005611,"46":0.005611,"47":0.005611,"48":0.005611,"49":0.359104,"50":0.005611,"51":0.039277,"52":0.016833,"53":0.022444,"54":0.005611,"55":0.028055,"56":0.050499,"57":0.016833,"58":0.067332,"59":0.039277,"60":0.084165,"61":0.039277,"62":0.117831,"63":0.129053,"64":0.117831,"65":1.161477,"66":20.654091,"67":0.134664,"68":0.016833,"69":0},"firefox":{"2":0,"3":0,"3.5":0,"3.6":0,"4":0,"5":0,"6":0,"7":0,"8":0,"9":0,"10":0,"11":0,"12":0,"13":0,"14":0,"15":0.005611,"16":0.05611,"17":0,"18":0,"19":0,"20":0,"21":0,"22":0,"23":0,"24":0,"25":0,"26":0,"27":0,"28":0,"29":0,"30":0,"31":0,"32":0,"33":0,"34":0,"35":0,"36":0,"37":0,"38":0.011222,"39":0,"40":0.005611,"41":0,"42":0,"43":0.005611,"44":0,"45":0.022444,"46":0.005611,"47":0.022444,"48":0.011222,"49":0.005611,"50":0,"51":0,"52":0.123442,"53":0,"54":0.005611,"55":0.011222,"56":0.016833,"57":0.117831,"58":0.044888,"59":1.442027,"60":0.95387,"61":0.011222,"62":0},"opera":{"9":0,"9.5-9.6":0,"10.0-10.1":0,"10.5":0,"10.6":0,"11":0,"11.1":0,"11.5":0,"11.6":0,"12":0,"12.1":0.011222,"15":0,"16":0,"17":0.044888,"18":0,"19":0,"20":0,"21":0,"22":0.011222,"23":0,"24":0,"25":0,"26":0,"27":0,"28":0,"29":0.022444,"30":0,"31":0,"32":0.005611,"33":0.022444,"34":0,"35":0,"36":0.011222,"37":0.005611,"38":0,"39":0,"40":0,"41":0.005611,"42":0,"43":0.005611,"44":0,"45":0,"46":0,"47":0.005611,"48":0,"49":0,"50":0,"51":0.005611,"52":0.460102,"53":0.100998},"safari":{"3.1":0,"3.2":0,"4":0,"5":0,"5.1":0.016833,"6":0,"6.1":0,"7":0,"7.1":0,"8":0.022444,"9":0.050499,"9.1":0.095387,"10":0.089776,"10.1":0.201996,"11":0.381548,"11.1":0.746263,"0":null},"ios_saf":{"3.2":0.000660006038647,"4.0-4.1":0,"4.2-4.3":0.00132001207729,"5.0-5.1":0.0105600966184,"6.0-6.1":0.00660006038647,"7.0-7.1":0.0277202536232,"8":0.00660006038647,"8.1-8.4":0.046860428744,"9.0-9.2":0.0369603381643,"9.3":0.228362089372,"10.0-10.2":0.211861938406,"10.3":0.484444432367,"11.0-11.2":1.44145318841,"11.3":4.05441709541},"android":{"2.1":0,"2.2":0,"2.3":0,"3":0,"4":0,"4.1":0.160795330976,"4.2-4.3":0.368652710042,"4.4":1.39225225601,"4.4.3-4.4.4":0.85103870297,"66":null},"op_mob":{"10":null,"11":null,"11.1":null,"11.5":null,"12":null,"12.1":null,"0":null},"ie":{"5.5":0,"6":0,"7":0,"8":0.028055,"9":0.011222,"10":0.022444,"11":0.331049},"edge":{"12":0.033666,"13":0.022444,"14":0.039277,"15":0.123442,"16":0.370326,"17":0.134664,"18":null},"samsung":{"4":0.970379955056,"5":0.206463820225,"6.2":1.50718588764},"bb":{"7":0.013167,"10":0.052668},"ie_mob":{"10":0.0214573333333,"11":0.0751006666667},"and_uc":{"0":0.465234},"op_mini":{"0":0.901683097938},"and_chr":{"0":53.339309},"baidu":{"0":null},"and_ff":{"0":0.109725},"and_qq":{"1.2":null}},"total":96.6077907609}