{"id":"HT","name":"Haiti","month":"2018-05","access_date":"2018-06-04","data":{"chrome":{"4":0,"5":0,"6":0,"7":0,"8":0,"9":0,"10":0,"11":0.003946,"12":0,"13":0,"14":0,"15":0,"16":0,"17":0.001973,"18":0,"19":0,"20":0,"21":0,"22":0,"23":0,"24":0,"25":0,"26":0,"27":0,"28":0.001973,"29":0.015784,"30":0.007892,"31":0.003946,"32":0.001973,"33":0,"34":0,"35":0,"36":0.011838,"37":0.015784,"38":0.005919,"39":0,"40":0,"41":0,"42":0,"43":0.005919,"44":0,"45":0.001973,"46":0.001973,"47":0.001973,"48":0.001973,"49":0.01973,"50":0.001973,"51":0.001973,"52":0.001973,"53":0.001973,"54":0.003946,"55":0.001973,"56":0.005919,"57":0.005919,"58":0.065109,"59":0.001973,"60":0.069055,"61":0.007892,"62":0.01973,"63":0.015784,"64":0.023676,"65":0.155867,"66":1.777673,"67":0.01973,"68":0,"69":0},"firefox":{"2":0,"3":0.01973,"3.5":0,"3.6":0,"4":0,"5":0,"6":0,"7":0,"8":0.001973,"9":0,"10":0,"11":0,"12":0,"13":0,"14":0,"15":0,"16":0,"17":0,"18":0,"19":0,"20":0,"21":0,"22":0,"23":0,"24":0,"25":0,"26":0.003946,"27":0,"28":0.001973,"29":0.003946,"30":0,"31":0.001973,"32":0.003946,"33":0,"34":0.007892,"35":0,"36":0,"37":0,"38":0,"39":0,"40":0,"41":0,"42":0,"43":0.001973,"44":0.001973,"45":0.003946,"46":0,"47":0.007892,"48":0.003946,"49":0.003946,"50":0,"51":0,"52":0.025649,"53":0,"54":0.001973,"55":0.001973,"56":0.001973,"57":0.009865,"58":0.003946,"59":0.228868,"60":0.155867,"61":0.003946,"62":0},"opera":{"9":0,"9.5-9.6":0,"10.0-10.1":0,"10.5":0,"10.6":0,"11":0,"11.1":0,"11.5":0,"11.6":0,"12":0,"12.1":0.011838,"15":0.007892,"16":0,"17":0.009865,"18":0,"19":0,"20":0.001973,"21":0.001973,"22":0.001973,"23":0,"24":0,"25":0,"26":0,"27":0,"28":0.001973,"29":0.011838,"30":0.001973,"31":0,"32":0.015784,"33":0.015784,"34":0,"35":0.001973,"36":0,"37":0.009865,"38":0,"39":0,"40":0,"41":0,"42":0.001973,"43":0.001973,"44":0,"45":0.001973,"46":0.009865,"47":0,"48":0,"49":0.001973,"50":0.001973,"51":0.003946,"52":0.199273,"53":0.037487},"safari":{"3.1":0,"3.2":0,"4":0,"5":0.001973,"5.1":0,"6":0,"6.1":0.001973,"7":0.001973,"7.1":0,"8":0.001973,"9":0.009865,"9.1":0.009865,"10":0.003946,"10.1":0.031568,"11":0.029595,"11.1":0.11838,"0":null},"ios_saf":{"3.2":0.000564208031401,"4.0-4.1":0,"4.2-4.3":0.0011284160628,"5.0-5.1":0.00902732850242,"6.0-6.1":0.00564208031401,"7.0-7.1":0.0236967373188,"8":0.00564208031401,"8.1-8.4":0.0400587702295,"9.0-9.2":0.0315956497585,"9.3":0.195215978865,"10.0-10.2":0.18111077808,"10.3":0.414128695048,"11.0-11.2":1.23223034058,"11.3":3.4659299369},"android":{"2.1":0,"2.2":0,"2.3":0,"3":0,"4":0,"4.1":0.289234934936,"4.2-4.3":0.663123997171,"4.4":2.50435126591,"4.4.3-4.4.4":1.53082880198,"66":null},"op_mob":{"10":null,"11":null,"11.1":null,"11.5":null,"12":null,"12.1":null,"0":null},"ie":{"5.5":0,"6":0,"7":0,"8":0.023676,"9":0.001973,"10":0.009865,"11":0.173624},"edge":{"12":0.013811,"13":0.017757,"14":0.009865,"15":0.015784,"16":0.112461,"17":0.017757,"18":null},"samsung":{"4":1.21942085106,"5":0.213398648936,"6.2":0.457282819149},"bb":{"7":0.008027,"10":0.032108},"ie_mob":{"10":0.0866916,"11":0.3467664},"and_uc":{"0":3.596096},"op_mini":{"0":10.2896485533},"and_chr":{"0":65.227478},"baidu":{"0":null},"and_ff":{"0":0.200675},"and_qq":{"1.2":null}},"total":96.0237488724}