{"id":"HU","name":"Hungary","month":"2018-05","access_date":"2018-06-04","data":{"chrome":{"4":0,"5":0,"6":0,"7":0,"8":0,"9":0,"10":0,"11":0.005963,"12":0,"13":0,"14":0,"15":0,"16":0,"17":0,"18":0.005963,"19":0,"20":0,"21":0,"22":0.011926,"23":0,"24":0,"25":0,"26":0.011926,"27":0,"28":0,"29":0,"30":0,"31":0,"32":0,"33":0,"34":0.023852,"35":0,"36":0.005963,"37":0,"38":0.041741,"39":0.005963,"40":0.005963,"41":0,"42":0,"43":0.011926,"44":0.005963,"45":0,"46":0.005963,"47":0.005963,"48":0.023852,"49":1.598084,"50":0.005963,"51":0.005963,"52":0.005963,"53":0.005963,"54":0.005963,"55":0.017889,"56":0.017889,"57":0.011926,"58":0.101371,"59":0.023852,"60":0.029815,"61":0.602263,"62":0.041741,"63":0.095408,"64":0.107334,"65":0.739412,"66":14.567609,"67":0.107334,"68":0.017889,"69":0},"firefox":{"2":0,"3":0.005963,"3.5":0,"3.6":0,"4":0,"5":0,"6":0,"7":0,"8":0,"9":0,"10":0,"11":0,"12":0,"13":0,"14":0,"15":0,"16":0,"17":0,"18":0,"19":0,"20":0,"21":0,"22":0,"23":0,"24":0,"25":0,"26":0,"27":0,"28":0,"29":0,"30":0.005963,"31":0.005963,"32":0,"33":0.005963,"34":0.005963,"35":0.005963,"36":0.005963,"37":0.005963,"38":0.011926,"39":0.005963,"40":0.005963,"41":0.005963,"42":0.005963,"43":0.017889,"44":0.005963,"45":0.017889,"46":0.005963,"47":0.035778,"48":0.035778,"49":0.011926,"50":0.023852,"51":2.868203,"52":0.471077,"53":0.017889,"54":0.017889,"55":0.029815,"56":2.629683,"57":0.065593,"58":0.125223,"59":2.587942,"60":2.170532,"61":0.041741,"62":0},"opera":{"9":0,"9.5-9.6":0,"10.0-10.1":0,"10.5":0,"10.6":0,"11":0,"11.1":0,"11.5":0,"11.6":0,"12":0,"12.1":1.604047,"15":0,"16":0,"17":0,"18":0.011926,"19":0,"20":0.005963,"21":0,"22":0,"23":0,"24":0,"25":0,"26":0,"27":0,"28":0,"29":0,"30":0,"31":0,"32":0.011926,"33":0.035778,"34":0,"35":0.005963,"36":0.023852,"37":0.053667,"38":0,"39":0,"40":0.005963,"41":0,"42":0.005963,"43":0.005963,"44":0,"45":0.005963,"46":0.011926,"47":0,"48":0,"49":0,"50":0,"51":0.005963,"52":0.733449,"53":0.208705},"safari":{"3.1":0,"3.2":0,"4":0,"5":0,"5.1":0.005963,"6":0,"6.1":0,"7":0,"7.1":0,"8":0.011926,"9":0.005963,"9.1":0.023852,"10":0.017889,"10.1":0.053667,"11":0.101371,"11.1":0.387595,"0":null},"ios_saf":{"3.2":0.000776064915459,"4.0-4.1":0,"4.2-4.3":0.00155212983092,"5.0-5.1":0.0124170386473,"6.0-6.1":0.00776064915459,"7.0-7.1":0.0325947264493,"8":0.00776064915459,"8.1-8.4":0.0551006089976,"9.0-9.2":0.0434596352657,"9.3":0.268518460749,"10.0-10.2":0.249116837862,"10.3":0.569631647947,"11.0-11.2":1.69492577536,"11.3":4.76736677566},"android":{"2.1":0,"2.2":0,"2.3":0,"3":0,"4":0,"4.1":0.137368615276,"4.2-4.3":0.314942678925,"4.4":1.18941118105,"4.4.3-4.4.4":0.727048524752,"66":null},"op_mob":{"10":null,"11":null,"11.1":null,"11.5":null,"12":null,"12.1":null,"0":null},"ie":{"5.5":0,"6":0.0362197037037,"7":0.00603661728395,"8":0.0422563209877,"9":0.0362197037037,"10":0.0181098518519,"11":0.839089802469},"edge":{"12":0.005963,"13":0.017889,"14":0.053667,"15":0.101371,"16":0.512818,"17":0.202742,"18":null},"samsung":{"4":0.759223646409,"5":0.102597790055,"6.2":0.87208121547},"bb":{"7":0.0032296,"10":0.0129184},"ie_mob":{"10":0.0219151428571,"11":0.208193857143},"and_uc":{"0":3.51219},"op_mini":{"0":2.54925451718},"and_chr":{"0":41.193636},"baidu":{"0":null},"and_ff":{"0":0.181665},"and_qq":{"1.2":null}},"total":94.2609471691}