{"id":"IE","name":"Ireland","month":"2018-05","access_date":"2018-06-04","data":{"chrome":{"4":0,"5":0,"6":0,"7":0,"8":0,"9":0,"10":0,"11":0.004491,"12":0,"13":0,"14":0,"15":0,"16":0,"17":0,"18":0.008982,"19":0,"20":0,"21":0,"22":0.004491,"23":0,"24":0,"25":0,"26":0,"27":0,"28":0,"29":0,"30":0,"31":0,"32":0,"33":0.004491,"34":0.004491,"35":0,"36":0,"37":0.004491,"38":0.017964,"39":0.004491,"40":0.071856,"41":0.04491,"42":0,"43":0.008982,"44":0.017964,"45":0.004491,"46":0.004491,"47":0.004491,"48":0.004491,"49":0.233532,"50":0.004491,"51":0.008982,"52":0.004491,"53":0.004491,"54":0.013473,"55":0.103293,"56":0.026946,"57":0.026946,"58":0.040419,"59":0.022455,"60":0.031437,"61":0.026946,"62":0.040419,"63":0.107784,"64":0.130239,"65":0.98802,"66":10.625706,"67":0.067365,"68":0.008982,"69":0},"firefox":{"2":0,"3":0.008982,"3.5":0,"3.6":0,"4":0,"5":0,"6":0,"7":0,"8":0,"9":0,"10":0.013473,"11":0,"12":0,"13":0,"14":0,"15":0,"16":0.004491,"17":0,"18":0,"19":0,"20":0,"21":0,"22":0,"23":0,"24":0,"25":0,"26":0,"27":0,"28":0,"29":0,"30":0,"31":0,"32":0,"33":0.004491,"34":0,"35":0,"36":0,"37":0,"38":0.004491,"39":0.004491,"40":0,"41":0,"42":0,"43":0.017964,"44":0,"45":0.008982,"46":0.004491,"47":0.004491,"48":0.04491,"49":0.004491,"50":0.008982,"51":0.004491,"52":0.08982,"53":0.008982,"54":0.008982,"55":0.008982,"56":0.017964,"57":0.017964,"58":0.017964,"59":0.785925,"60":0.610776,"61":0.013473,"62":0},"opera":{"9":0,"9.5-9.6":0,"10.0-10.1":0,"10.5":0,"10.6":0,"11":0,"11.1":0,"11.5":0,"11.6":0,"12":0,"12.1":0,"15":0,"16":0,"17":0,"18":0,"19":0,"20":0,"21":0,"22":0,"23":0,"24":0,"25":0,"26":0,"27":0,"28":0,"29":0,"30":0,"31":0,"32":0.004491,"33":0.008982,"34":0,"35":0,"36":0.004491,"37":0,"38":0,"39":0,"40":0,"41":0,"42":0,"43":0,"44":0,"45":0,"46":0,"47":0.004491,"48":0,"49":0.004491,"50":0,"51":0.004491,"52":0.152694,"53":0.040419},"safari":{"3.1":0,"3.2":0,"4":0,"5":0.008982,"5.1":0.008982,"6":0,"6.1":0.008982,"7":0,"7.1":0,"8":0.013473,"9":0.013473,"9.1":0.094311,"10":0.04491,"10.1":0.157185,"11":0.197604,"11.1":0.610776,"0":null},"ios_saf":{"3.2":0.00352927848229,"4.0-4.1":0,"4.2-4.3":0.00705855696457,"5.0-5.1":0.0564684557166,"6.0-6.1":0.0352927848229,"7.0-7.1":0.148229696256,"8":0.0352927848229,"8.1-8.4":0.250578772242,"9.0-9.2":0.197639595008,"9.3":1.22113035487,"10.0-10.2":1.13289839281,"10.3":2.590490406,"11.0-11.2":7.70794420531,"11.3":21.6803577167},"android":{"2.1":0,"2.2":0,"2.3":0,"3":0,"4":0,"4.1":0.0402884441301,"4.2-4.3":0.0923686280057,"4.4":0.348838967468,"4.4.3-4.4.4":0.213233960396,"66":null},"op_mob":{"10":null,"11":null,"11.1":null,"11.5":null,"12":null,"12.1":null,"0":null},"ie":{"5.5":0,"6":0,"7":0,"8":0.0135596430868,"9":0.167235598071,"10":0.0361590482315,"11":1.18872871061},"edge":{"12":0.008982,"13":0.017964,"14":0.058383,"15":0.094311,"16":0.76347,"17":0.193113,"18":null},"samsung":{"4":0.35710125,"5":0.14067625,"6.2":2.207535},"bb":{"7":0.0011018,"10":0.0044072},"ie_mob":{"10":0.0114770833333,"11":0.126247916667},"and_uc":{"0":0.049581},"op_mini":{"0":0.156466958763},"and_chr":{"0":40.297649},"baidu":{"0":null},"and_ff":{"0":0.203833},"and_qq":{"1.2":null}},"total":97.6948894588}