{"id":"IN","name":"India","month":"2018-05","access_date":"2018-06-04","data":{"chrome":{"4":0,"5":0,"6":0,"7":0,"8":0,"9":0,"10":0,"11":0.001936,"12":0,"13":0,"14":0,"15":0,"16":0,"17":0,"18":0.001936,"19":0,"20":0.001936,"21":0,"22":0,"23":0,"24":0,"25":0.001936,"26":0,"27":0.001936,"28":0.003872,"29":0.007744,"30":0.001936,"31":0.001936,"32":0.001936,"33":0.003872,"34":0,"35":0,"36":0.001936,"37":0.001936,"38":0.001936,"39":0,"40":0.001936,"41":0,"42":0,"43":0.001936,"44":0,"45":0,"46":0.003872,"47":0.001936,"48":0.013552,"49":0.056144,"50":0.001936,"51":0.005808,"52":0.001936,"53":0.001936,"54":0.001936,"55":0.003872,"56":0.003872,"57":0.001936,"58":0.017424,"59":0.003872,"60":0.00968,"61":0.005808,"62":0.00968,"63":0.021296,"64":0.023232,"65":0.139392,"66":2.164448,"67":0.025168,"68":0.00968,"69":0},"firefox":{"2":0,"3":0,"3.5":0,"3.6":0,"4":0.001936,"5":0,"6":0,"7":0,"8":0,"9":0,"10":0,"11":0,"12":0,"13":0,"14":0,"15":0,"16":0.001936,"17":0,"18":0,"19":0,"20":0,"21":0,"22":0,"23":0,"24":0,"25":0,"26":0,"27":0,"28":0,"29":0,"30":0,"31":0.011616,"32":0,"33":0,"34":0,"35":0.001936,"36":0,"37":0,"38":0.001936,"39":0.001936,"40":0.001936,"41":0,"42":0.001936,"43":0.003872,"44":0.001936,"45":0.001936,"46":0.001936,"47":0.030976,"48":0.003872,"49":0.001936,"50":0.001936,"51":0.001936,"52":0.027104,"53":0.001936,"54":0.003872,"55":0.001936,"56":0.005808,"57":0.005808,"58":0.005808,"59":0.149072,"60":0.133584,"61":0.025168,"62":0},"opera":{"9":0,"9.5-9.6":0,"10.0-10.1":0,"10.5":0,"10.6":0,"11":0,"11.1":0,"11.5":0,"11.6":0,"12":0,"12.1":0.003872,"15":0,"16":0,"17":0,"18":0,"19":0.001936,"20":0.001936,"21":0,"22":0,"23":0,"24":0,"25":0,"26":0,"27":0,"28":0,"29":0,"30":0.001936,"31":0,"32":0.001936,"33":0.005808,"34":0,"35":0,"36":0,"37":0.052272,"38":0,"39":0,"40":0,"41":0,"42":0,"43":0.001936,"44":0,"45":0.003872,"46":0.005808,"47":0,"48":0,"49":0,"50":0,"51":0.001936,"52":0.042592,"53":0.013552},"safari":{"3.1":0,"3.2":0,"4":0,"5":0,"5.1":0,"6":0,"6.1":0,"7":0,"7.1":0,"8":0,"9":0,"9.1":0.001936,"10":0.001936,"10.1":0.005808,"11":0.00968,"11.1":0.025168,"0":null},"ios_saf":{"3.2":0.000227552334944,"4.0-4.1":0,"4.2-4.3":0.000455104669887,"5.0-5.1":0.0036408373591,"6.0-6.1":0.00227552334944,"7.0-7.1":0.00955719806763,"8":0.00227552334944,"8.1-8.4":0.016156215781,"9.0-9.2":0.0127429307568,"9.3":0.0787331078905,"10.0-10.2":0.0730442995169,"10.3":0.167023413849,"11.0-11.2":0.496974299517,"11.3":1.39785399356},"android":{"2.1":0,"2.2":0,"2.3":0,"3":0,"4":0,"4.1":0.0671949985856,"4.2-4.3":0.154056826025,"4.4":0.581810353607,"4.4.3-4.4.4":0.355641821782,"66":null},"op_mob":{"10":null,"11":null,"11.1":null,"11.5":null,"12":null,"12.1":null,"0":null},"ie":{"5.5":0,"6":0,"7":0,"8":0.011616,"9":0.001936,"10":0.003872,"11":0.042592},"edge":{"12":0.003872,"13":0.003872,"14":0.00968,"15":0.007744,"16":0.02904,"17":0.005808,"18":null},"samsung":{"4":1.14290854054,"5":0.160408216216,"6.2":0.521326702703},"bb":{"7":0.0048384,"10":0.0193536},"ie_mob":{"10":0.0218202352941,"11":0.163651764706},"and_uc":{"0":32.183424},"op_mini":{"0":5.91671752577},"and_chr":{"0":41.7896},"baidu":{"0":null},"and_ff":{"0":0.096768},"and_qq":{"1.2":null}},"total":88.7491049852}