{"id":"IQ","name":"Iraq","month":"2018-05","access_date":"2018-06-04","data":{"chrome":{"4":0,"5":0,"6":0,"7":0,"8":0,"9":0,"10":0,"11":0.001962,"12":0,"13":0.001962,"14":0,"15":0,"16":0,"17":0,"18":0.001962,"19":0,"20":0,"21":0.001962,"22":0.001962,"23":0.001962,"24":0,"25":0,"26":0.001962,"27":0.001962,"28":0,"29":0.00981,"30":0.001962,"31":0.005886,"32":0.001962,"33":0.005886,"34":0.003924,"35":0,"36":0.001962,"37":0,"38":0.007848,"39":0.001962,"40":0.015696,"41":0,"42":0,"43":0.113796,"44":0.001962,"45":0.003924,"46":0.001962,"47":0.001962,"48":0,"49":0.021582,"50":0,"51":0.001962,"52":0.001962,"53":0.001962,"54":0.001962,"55":0.011772,"56":0.003924,"57":0.003924,"58":0.031392,"59":0.005886,"60":0.056898,"61":0.003924,"62":0.011772,"63":0.025506,"64":0.041202,"65":0.143226,"66":2.411298,"67":0.025506,"68":0.003924,"69":0},"firefox":{"2":0,"3":0,"3.5":0,"3.6":0,"4":0,"5":0,"6":0.001962,"7":0,"8":0,"9":0,"10":0,"11":0,"12":0,"13":0,"14":0,"15":0,"16":0,"17":0,"18":0,"19":0,"20":0,"21":0,"22":0,"23":0,"24":0,"25":0,"26":0,"27":0,"28":0,"29":0,"30":0,"31":0.001962,"32":0,"33":0.001962,"34":0,"35":0,"36":0,"37":0,"38":0.001962,"39":0,"40":0,"41":0.001962,"42":0,"43":0.001962,"44":0.001962,"45":0.001962,"46":0,"47":0.00981,"48":0.001962,"49":0,"50":0,"51":0.001962,"52":0.011772,"53":0.001962,"54":0.001962,"55":0,"56":0.003924,"57":0.005886,"58":0.003924,"59":0.154998,"60":0.143226,"61":0.00981,"62":0},"opera":{"9":0,"9.5-9.6":0,"10.0-10.1":0,"10.5":0,"10.6":0,"11":0,"11.1":0,"11.5":0,"11.6":0,"12":0,"12.1":0,"15":0,"16":0,"17":0,"18":0,"19":0,"20":0,"21":0,"22":0.001962,"23":0,"24":0,"25":0,"26":0,"27":0,"28":0,"29":0,"30":0,"31":0,"32":0,"33":0,"34":0,"35":0,"36":0,"37":0.001962,"38":0,"39":0,"40":0,"41":0,"42":0.001962,"43":0,"44":0,"45":0.001962,"46":0.001962,"47":0,"48":0,"49":0.001962,"50":0.001962,"51":0.001962,"52":0.082404,"53":0.025506},"safari":{"3.1":0,"3.2":0,"4":0,"5":0,"5.1":0,"6":0,"6.1":0,"7":0,"7.1":0,"8":0.001962,"9":0,"9.1":0.001962,"10":0.001962,"10.1":0.003924,"11":0.011772,"11.1":0.02943,"0":null},"ios_saf":{"3.2":0.00180183574879,"4.0-4.1":0,"4.2-4.3":0.00360367149758,"5.0-5.1":0.0288293719807,"6.0-6.1":0.0180183574879,"7.0-7.1":0.0756771014493,"8":0.0180183574879,"8.1-8.4":0.127930338164,"9.0-9.2":0.100902801932,"9.3":0.623435169082,"10.0-10.2":0.578389275362,"10.3":1.32254743961,"11.0-11.2":3.93520927536,"11.3":11.0686770048},"android":{"2.1":0,"2.2":0,"2.3":0,"3":0,"4":0,"4.1":0.247021810467,"4.2-4.3":0.566342687412,"4.4":2.13884738331,"4.4.3-4.4.4":1.30740811881,"66":null},"op_mob":{"10":null,"11":null,"11.1":null,"11.5":null,"12":null,"12.1":null,"0":null},"ie":{"5.5":0,"6":0,"7":0,"8":0.0162106229508,"9":0.0121579672131,"10":0.0040526557377,"11":0.0911847540984},"edge":{"12":0.003924,"13":0.003924,"14":0.003924,"15":0.005886,"16":0.04905,"17":0.013734,"18":null},"samsung":{"4":1.9890808871,"5":0.387347330645,"6.2":5.10879722581},"bb":{"7":0.0016076,"10":0.0064304},"ie_mob":{"10":0.012057,"11":0.036171},"and_uc":{"0":0.771648},"op_mini":{"0":0.289174646048},"and_chr":{"0":63.189408},"baidu":{"0":null},"and_ff":{"0":0.104494},"and_qq":{"1.2":null}},"total":97.8102200896}