{"id":"IR","name":"Iran, Islamic Republic of","month":"2018-05","access_date":"2018-06-04","data":{"chrome":{"4":null,"5":null,"6":null,"7":null,"8":null,"9":null,"10":null,"11":0.018609,"12":null,"13":null,"14":0.006203,"15":null,"16":null,"17":null,"18":0.049624,"19":0.012406,"20":0.018609,"21":0.012406,"22":0.012406,"23":0.018609,"24":0.018609,"25":0.012406,"26":0.012406,"27":0.012406,"28":null,"29":0.055827,"30":0.024812,"31":0.031015,"32":0.012406,"33":0.018609,"34":0.012406,"35":null,"36":0.018609,"37":0.012406,"38":0.043421,"39":0.037218,"40":0.012406,"41":0.012406,"42":0.018609,"43":0.031015,"44":0.018609,"45":0.024812,"46":0.031015,"47":0.024812,"48":0.037218,"49":0.595488,"50":0.018609,"51":0.037218,"52":0.024812,"53":0.037218,"54":0.043421,"55":0.093045,"56":0.086842,"57":0.06203,"58":0.117857,"59":0.093045,"60":0.117857,"61":0.099248,"62":0.198496,"63":0.260526,"64":0.223308,"65":1.246803,"66":28.341507,"67":0.192293,"68":0.043421,"69":null},"firefox":{"2":null,"3":0.006203,"3.5":null,"3.6":0.006203,"4":0.006203,"5":null,"6":null,"7":null,"8":null,"9":0.006203,"10":null,"11":0.006203,"12":0.024812,"13":null,"14":0.012406,"15":0.012406,"16":0.018609,"17":null,"18":null,"19":null,"20":0.012406,"21":0.006203,"22":null,"23":0.006203,"24":0.012406,"25":0.012406,"26":0.006203,"27":0.018609,"28":0.006203,"29":0.018609,"30":0.018609,"31":0.012406,"32":0.006203,"33":0.031015,"34":0.012406,"35":0.018609,"36":0.012406,"37":0.018609,"38":0.031015,"39":0.031015,"40":0.031015,"41":0.043421,"42":0.024812,"43":0.142669,"44":0.049624,"45":0.049624,"46":0.024812,"47":0.328759,"48":0.105451,"49":0.074436,"50":0.074436,"51":0.043421,"52":0.756766,"53":0.043421,"54":0.074436,"55":0.055827,"56":0.254323,"57":0.198496,"58":0.217105,"59":6.358075,"60":6.171985,"61":0.31015,"62":null},"opera":{"9":null,"9.5-9.6":null,"10.0-10.1":0,"10.5":null,"10.6":null,"11":null,"11.1":null,"11.5":null,"11.6":null,"12":null,"12.1":0.006203,"15":null,"16":null,"17":null,"18":null,"19":null,"20":null,"21":null,"22":null,"23":null,"24":null,"25":null,"26":null,"27":null,"28":null,"29":null,"30":null,"31":null,"32":null,"33":null,"34":null,"35":null,"36":0.012406,"37":null,"38":null,"39":null,"40":null,"41":null,"42":0.024812,"43":null,"44":null,"45":null,"46":0.018609,"47":0.06203,"48":0.024812,"49":0.031015,"50":0.037218,"51":0.031015,"52":0.316353,"53":0.12406},"safari":{"3.1":null,"3.2":null,"4":0.006203,"5":null,"5.1":0.006203,"6":null,"6.1":null,"7":null,"7.1":null,"8":0.018609,"9":0.012406,"9.1":0.049624,"10":0.049624,"10.1":0.099248,"11":0.217105,"11.1":0.266729,"0":null},"ios_saf":{"3.2":0.000381663043478,"4.0-4.1":0,"4.2-4.3":0.000763326086957,"5.0-5.1":0.00610660869565,"6.0-6.1":0.00381663043478,"7.0-7.1":0.0160298478261,"8":0.00381663043478,"8.1-8.4":0.027098076087,"9.0-9.2":0.0213731304348,"9.3":0.132055413043,"10.0-10.2":0.122513836957,"10.3":0.280140673913,"11.0-11.2":0.833552086957,"11.3":2.34455607609},"android":{"2.1":0,"2.2":0,"2.3":0,"3":0,"4":0,"4.1":0.128339162659,"4.2-4.3":0.294241007072,"4.4":1.11122933522,"4.4.3-4.4.4":0.67925849505,"66":null},"op_mob":{"10":null,"11":null,"11.1":null,"11.5":null,"12":null,"12.1":null,"0":null},"ie":{"5.5":null,"6":0.356068264273,"7":0.487251309005,"8":2.76109075103,"9":0.905787689818,"10":0.712136528546,"11":5.39099845733},"edge":{"12":0.049624,"13":0.049624,"14":0.093045,"15":0.099248,"16":0.508646,"17":0.12406,"18":null},"samsung":{"4":2.73701075195,"5":1.26087012168,"6.2":2.44998340718},"bb":{"7":0.0068328,"10":0.0273312},"ie_mob":{"10":0.02363725,"11":0.041756},"and_uc":{"0":0.356824},"op_mini":{"0":1.41955398625},"and_chr":{"0":22.739515},"baidu":{"0":null},"and_ff":{"0":0.774384},"and_qq":{"1.2":null}},"total":99.2340615171}