{"id":"IS","name":"Iceland","month":"2018-05","access_date":"2018-06-04","data":{"chrome":{"4":0,"5":0,"6":0,"7":0,"8":0,"9":0,"10":0,"11":0,"12":0,"13":0,"14":0,"15":0,"16":0,"17":0,"18":0,"19":0,"20":0,"21":0,"22":0,"23":0,"24":0,"25":0,"26":0,"27":0,"28":0,"29":0.008527,"30":0,"31":0,"32":0,"33":0,"34":0.008527,"35":0,"36":0,"37":0,"38":0.017054,"39":0.008527,"40":0,"41":0,"42":0,"43":0,"44":0.008527,"45":0.008527,"46":0.008527,"47":0.008527,"48":0,"49":0.468985,"50":0.068216,"51":0,"52":0,"53":0.008527,"54":0.042635,"55":0.008527,"56":0.008527,"57":0.017054,"58":0.042635,"59":0.059689,"60":0.059689,"61":0.025581,"62":0.051162,"63":0.392242,"64":0.289918,"65":3.615448,"66":52.586009,"67":0.119378,"68":0.017054,"69":0},"firefox":{"2":0,"3":0,"3.5":0,"3.6":0,"4":0.025581,"5":0,"6":0,"7":0,"8":0,"9":0,"10":0,"11":0,"12":0,"13":0,"14":0,"15":0,"16":0,"17":0,"18":0,"19":0,"20":0,"21":0,"22":0,"23":0,"24":0,"25":0,"26":0,"27":0,"28":0,"29":0,"30":0,"31":0,"32":0,"33":0,"34":0,"35":0.008527,"36":0,"37":0,"38":0.008527,"39":0,"40":0,"41":0,"42":0,"43":0,"44":0,"45":0.008527,"46":0.008527,"47":0.008527,"48":0.034108,"49":0.008527,"50":0.068216,"51":0.008527,"52":0.25581,"53":0.008527,"54":0.008527,"55":0.008527,"56":0.017054,"57":0.025581,"58":0.068216,"59":1.526333,"60":3.521651,"61":0.008527,"62":0},"opera":{"9":0,"9.5-9.6":0,"10.0-10.1":0,"10.5":0,"10.6":0,"11":0,"11.1":0,"11.5":0,"11.6":0,"12":0,"12.1":0,"15":0,"16":0,"17":0,"18":0,"19":0,"20":0,"21":0,"22":0,"23":0,"24":0,"25":0,"26":0,"27":0,"28":0,"29":0,"30":0,"31":0,"32":0,"33":0,"34":0,"35":0,"36":0,"37":0,"38":0,"39":0,"40":0,"41":0,"42":0,"43":0,"44":0,"45":0,"46":0,"47":0,"48":0,"49":0,"50":0,"51":0,"52":0.434877,"53":0.059689},"safari":{"3.1":0,"3.2":0,"4":0,"5":0.017054,"5.1":0.008527,"6":0,"6.1":0.034108,"7":0,"7.1":0,"8":0.025581,"9":0.017054,"9.1":0.213175,"10":0.093797,"10.1":0.383715,"11":0.494566,"11.1":2.353452,"0":null},"ios_saf":{"3.2":0.00143119565217,"4.0-4.1":0,"4.2-4.3":0.00286239130435,"5.0-5.1":0.0228991304348,"6.0-6.1":0.0143119565217,"7.0-7.1":0.0601102173913,"8":0.0143119565217,"8.1-8.4":0.101614891304,"9.0-9.2":0.0801469565217,"9.3":0.495193695652,"10.0-10.2":0.459413804348,"10.3":1.0504976087,"11.0-11.2":3.12573130435,"11.3":8.7918348913},"android":{"2.1":0,"2.2":0,"2.3":0,"3":0,"4":0,"4.1":0.00615887270156,"4.2-4.3":0.0141203422914,"4.4":0.053326824611,"4.4.3-4.4.4":0.032596960396,"66":null},"op_mob":{"10":null,"11":null,"11.1":null,"11.5":null,"12":null,"12.1":null,"0":null},"ie":{"5.5":0,"6":0,"7":0,"8":0.008527,"9":0.076743,"10":0.008527,"11":0.972078},"edge":{"12":0.008527,"13":0.017054,"14":0.068216,"15":0.051162,"16":0.972078,"17":0.289918,"18":null},"samsung":{"4":0.0715614179104,"5":0.102230597015,"6.2":0.868960074627},"bb":{"7":0.0002946,"10":0.0011784},"ie_mob":{"10":0,"11":0.011784},"and_uc":{"0":0.019149},"op_mini":{"0":0.048808943299},"and_chr":{"0":12.109987},"baidu":{"0":null},"and_ff":{"0":0.095745},"and_qq":{"1.2":null}},"total":97.8590530329}