{"id":"IT","name":"Italy","month":"2018-05","access_date":"2018-06-04","data":{"chrome":{"4":0,"5":0,"6":0,"7":0,"8":0,"9":0,"10":0,"11":0.005918,"12":0,"13":0,"14":0,"15":0,"16":0,"17":0,"18":0.005918,"19":0,"20":0,"21":0.005918,"22":0.011836,"23":0,"24":0,"25":0,"26":0.005918,"27":0,"28":0.005918,"29":0.071016,"30":0.011836,"31":0.011836,"32":0.011836,"33":0.005918,"34":0.02959,"35":0.005918,"36":0.02959,"37":0.017754,"38":0.035508,"39":0.005918,"40":0.011836,"41":0.017754,"42":0.05918,"43":0.011836,"44":0.005918,"45":0.005918,"46":0.011836,"47":0.02959,"48":0.011836,"49":0.781176,"50":0.08877,"51":0.035508,"52":0.005918,"53":0.023672,"54":0.065098,"55":0.076934,"56":0.02959,"57":0.023672,"58":0.05918,"59":0.035508,"60":0.041426,"61":0.053262,"62":0.05918,"63":0.165704,"64":0.171622,"65":1.077076,"66":17.215462,"67":0.130196,"68":0.023672,"69":0},"firefox":{"2":0,"3":0,"3.5":0,"3.6":0.005918,"4":0,"5":0,"6":0,"7":0,"8":0,"9":0,"10":0,"11":0,"12":0,"13":0,"14":0,"15":0,"16":0.011836,"17":0,"18":0,"19":0,"20":0,"21":0,"22":0,"23":0,"24":0,"25":0,"26":0,"27":0,"28":0,"29":0.005918,"30":0,"31":0.005918,"32":0,"33":0.005918,"34":0.011836,"35":0.005918,"36":0.005918,"37":0.065098,"38":0.011836,"39":0.005918,"40":0.005918,"41":0.011836,"42":0.005918,"43":0.011836,"44":0.011836,"45":0.017754,"46":0.005918,"47":0.017754,"48":0.319572,"49":0.011836,"50":0.023672,"51":0.023672,"52":0.319572,"53":0.094688,"54":0.02959,"55":0.02959,"56":0.053262,"57":0.035508,"58":0.053262,"59":2.154152,"60":1.739892,"61":0.035508,"62":0},"opera":{"9":0,"9.5-9.6":0,"10.0-10.1":0,"10.5":0,"10.6":0,"11":0,"11.1":0,"11.5":0,"11.6":0,"12":0,"12.1":0.005918,"15":0,"16":0,"17":0,"18":0,"19":0,"20":0,"21":0,"22":0,"23":0,"24":0,"25":0,"26":0,"27":0,"28":0,"29":0,"30":0,"31":0.005918,"32":0.005918,"33":0.017754,"34":0,"35":0.005918,"36":0.011836,"37":0.005918,"38":0,"39":0,"40":0.005918,"41":0,"42":0,"43":0,"44":0,"45":0,"46":0.005918,"47":0.005918,"48":0,"49":0,"50":0,"51":0.005918,"52":0.426096,"53":0.094688},"safari":{"3.1":0,"3.2":0,"4":0.005918,"5":0.023672,"5.1":0.041426,"6":0.005918,"6.1":0.023672,"7":0.005918,"7.1":0,"8":0.02959,"9":0.05918,"9.1":0.201212,"10":0.094688,"10.1":0.319572,"11":0.526702,"11.1":1.852334,"0":null},"ios_saf":{"3.2":0.00164587801932,"4.0-4.1":0,"4.2-4.3":0.00329175603865,"5.0-5.1":0.0263340483092,"6.0-6.1":0.0164587801932,"7.0-7.1":0.0691268768116,"8":0.0164587801932,"8.1-8.4":0.116857339372,"9.0-9.2":0.0921691690821,"9.3":0.569473794686,"10.0-10.2":0.528326844203,"10.3":1.20807446618,"11.0-11.2":3.5945975942,"11.3":10.1106286727},"android":{"2.1":0,"2.2":0,"2.3":0,"3":0,"4":0,"4.1":0.0931317029703,"4.2-4.3":0.213521465347,"4.4":0.806384257426,"4.4.3-4.4.4":0.492916574257,"66":null},"op_mob":{"10":null,"11":null,"11.1":null,"11.5":null,"12":null,"12.1":null,"0":null},"ie":{"5.5":0,"6":0.00598525,"7":0.00598525,"8":0.08977875,"9":0.047882,"10":0.12569025,"11":1.8314865},"edge":{"12":0.023672,"13":0.02959,"14":0.071016,"15":0.136114,"16":1.029732,"17":0.32549,"18":null},"samsung":{"4":0.659311489933,"5":0.188374711409,"6.2":1.98839973154},"bb":{"7":0.0016328,"10":0.0065312},"ie_mob":{"10":0.044902,"11":0.359216},"and_uc":{"0":0.371462},"op_mini":{"0":0.181634972509},"and_chr":{"0":41.466716},"baidu":{"0":null},"and_ff":{"0":0.179608},"and_qq":{"1.2":null}},"total":96.6841009054}