{"id":"JE","name":"Jersey","month":"2018-05","access_date":"2018-06-04","data":{"chrome":{"4":0,"5":0,"6":0,"7":0,"8":0,"9":0.005522,"10":0,"11":0.08283,"12":0,"13":0,"14":0,"15":0,"16":0,"17":0,"18":0,"19":0,"20":0,"21":0,"22":0.011044,"23":0,"24":0,"25":0,"26":0,"27":0,"28":0,"29":0,"30":0,"31":0,"32":0.005522,"33":0,"34":0,"35":0,"36":0,"37":0,"38":0.011044,"39":0.093874,"40":0,"41":0,"42":0.005522,"43":0,"44":0,"45":0,"46":0.005522,"47":0,"48":0,"49":0.171182,"50":0,"51":0.005522,"52":0,"53":0,"54":0,"55":0.011044,"56":0.005522,"57":0.011044,"58":0.02761,"59":0.005522,"60":0.022088,"61":0.02761,"62":0.049698,"63":0.044176,"64":0.05522,"65":1.247972,"66":12.34167,"67":0.071786,"68":0.011044,"69":0},"firefox":{"2":0,"3":0,"3.5":0,"3.6":0,"4":0,"5":0,"6":0,"7":0,"8":0,"9":0,"10":0.005522,"11":0,"12":0,"13":0.005522,"14":0,"15":0,"16":0,"17":0,"18":0,"19":0,"20":0,"21":0,"22":0,"23":0,"24":0,"25":0,"26":0,"27":0,"28":0,"29":0,"30":0,"31":0,"32":0,"33":0.005522,"34":0,"35":0,"36":0,"37":0,"38":0,"39":0,"40":0,"41":0,"42":0,"43":0,"44":0,"45":0.02761,"46":0,"47":0.038654,"48":0.060742,"49":0,"50":0.005522,"51":0,"52":0.077308,"53":0.044176,"54":0.005522,"55":0,"56":0.011044,"57":0.176704,"58":0.02761,"59":0.822778,"60":0.756514,"61":0.099396,"62":0},"opera":{"9":0,"9.5-9.6":0,"10.0-10.1":0,"10.5":0,"10.6":0,"11":0,"11.1":0,"11.5":0,"11.6":0,"12":0,"12.1":0,"15":0,"16":0,"17":0,"18":0,"19":0,"20":0,"21":0,"22":0,"23":0,"24":0,"25":0,"26":0,"27":0,"28":0,"29":0,"30":0,"31":0,"32":0,"33":0.033132,"34":0,"35":0,"36":0.005522,"37":0,"38":0,"39":0,"40":0,"41":0,"42":0,"43":0,"44":0,"45":0.011044,"46":0.022088,"47":0,"48":0,"49":0.005522,"50":0,"51":0,"52":0.281622,"53":0.071786},"safari":{"3.1":0,"3.2":0,"4":0,"5":0.005522,"5.1":0.060742,"6":0,"6.1":0.016566,"7":0,"7.1":0,"8":0.022088,"9":0.044176,"9.1":0.204314,"10":0.066264,"10.1":0.723382,"11":0.502502,"11.1":1.811216,"0":null},"ios_saf":{"3.2":0.00506730958132,"4.0-4.1":0,"4.2-4.3":0.0101346191626,"5.0-5.1":0.0810769533011,"6.0-6.1":0.0506730958132,"7.0-7.1":0.212827002415,"8":0.0506730958132,"8.1-8.4":0.359778980274,"9.0-9.2":0.283769336554,"9.3":1.75328911514,"10.0-10.2":1.6266063756,"10.3":3.71940523269,"11.0-11.2":11.0670041256,"11.3":31.1284827581},"android":{"2.1":0,"2.2":0,"2.3":0,"3":0,"4":0,"4.1":0.0353127722772,"4.2-4.3":0.080960990099,"4.4":0.305756930693,"4.4.3-4.4.4":0.186899306931,"66":null},"op_mob":{"10":null,"11":null,"11.1":null,"11.5":null,"12":null,"12.1":null,"0":null},"ie":{"5.5":0,"6":0,"7":0,"8":0.005522,"9":0.022088,"10":0.05522,"11":3.627954},"edge":{"12":0.011044,"13":0.038654,"14":0.077308,"15":0.077308,"16":1.27006,"17":0.298188,"18":null},"samsung":{"4":0.245586842975,"5":0.140335338843,"6.2":1.78927557025},"bb":{"7":0.0017912,"10":0.0071648},"ie_mob":{"10":0.0126198181818,"11":0.126198181818},"and_uc":{"0":0.04478},"op_mini":{"0":0.139902876289},"and_chr":{"0":17.823342},"baidu":{"0":null},"and_ff":{"0":0.165686},"and_qq":{"1.2":null}},"total":97.3249706284}