{"id":"JO","name":"Jordan","month":"2018-05","access_date":"2018-06-04","data":{"chrome":{"4":0,"5":0,"6":0,"7":0,"8":0,"9":0,"10":0,"11":0.005043,"12":0,"13":0,"14":0,"15":0,"16":0,"17":0,"18":0,"19":0,"20":0,"21":0.005043,"22":0,"23":0.005043,"24":0.973299,"25":0,"26":0,"27":0.005043,"28":0.005043,"29":0.090774,"30":0.489171,"31":0.005043,"32":0.005043,"33":0.010086,"34":0.005043,"35":0.983385,"36":0.005043,"37":0.005043,"38":0.005043,"39":0.005043,"40":0.010086,"41":0,"42":0,"43":0.025215,"44":0.005043,"45":0.005043,"46":0.005043,"47":0.005043,"48":0.005043,"49":0.393354,"50":0.005043,"51":0.005043,"52":0.005043,"53":0.010086,"54":0.015129,"55":0.040344,"56":0.020172,"57":0.010086,"58":0.060516,"59":0.015129,"60":0.105903,"61":0.030258,"62":0.040344,"63":0.080688,"64":0.121032,"65":0.892611,"66":13.590885,"67":0.105903,"68":0.025215,"69":0},"firefox":{"2":0.474042,"3":0,"3.5":0,"3.6":0,"4":0,"5":0,"6":0,"7":0,"8":0,"9":0,"10":0,"11":0,"12":0,"13":0.010086,"14":0,"15":0.489171,"16":0.005043,"17":0,"18":0,"19":0,"20":0,"21":0,"22":0,"23":0.494214,"24":0,"25":0,"26":0,"27":0.010086,"28":0,"29":0,"30":0,"31":0,"32":0,"33":0,"34":0.005043,"35":0,"36":0,"37":0,"38":0,"39":0,"40":0.020172,"41":0,"42":0,"43":0.005043,"44":0.005043,"45":0,"46":0,"47":0.010086,"48":0.095817,"49":0.005043,"50":0.005043,"51":0,"52":0.05043,"53":0.010086,"54":0.005043,"55":0.010086,"56":0.015129,"57":0.020172,"58":0.030258,"59":0.716106,"60":0.534558,"61":0.020172,"62":0},"opera":{"9":0,"9.5-9.6":0,"10.0-10.1":0.484128,"10.5":0,"10.6":0,"11":0,"11.1":0,"11.5":0,"11.6":0,"12":0,"12.1":0,"15":0,"16":0,"17":0,"18":0,"19":0,"20":0,"21":0,"22":0.005043,"23":0,"24":0,"25":0,"26":0,"27":0,"28":0,"29":0,"30":0.005043,"31":0,"32":0,"33":0.010086,"34":0,"35":0,"36":0,"37":0.015129,"38":0,"39":0,"40":0,"41":0,"42":0,"43":0.005043,"44":0,"45":0,"46":0.005043,"47":0,"48":0,"49":0.005043,"50":0.005043,"51":0.005043,"52":0.282408,"53":0.075645},"safari":{"3.1":0,"3.2":0,"4":0,"5":0.005043,"5.1":0,"6":0,"6.1":0,"7":0,"7.1":0,"8":0.025215,"9":0.010086,"9.1":0.040344,"10":0.035301,"10.1":0.115989,"11":0.171462,"11.1":0.35301,"0":null},"ios_saf":{"3.2":0.000892908615137,"4.0-4.1":0,"4.2-4.3":0.00178581723027,"5.0-5.1":0.0142865378422,"6.0-6.1":0.00892908615137,"7.0-7.1":0.0375021618357,"8":0.00892908615137,"8.1-8.4":0.0633965116747,"9.0-9.2":0.0500028824477,"9.3":0.308946380837,"10.0-10.2":0.286623665459,"10.3":0.65539492351,"11.0-11.2":1.95011241546,"11.3":5.48513762279},"android":{"2.1":0,"2.2":0,"2.3":0,"3":0,"4":0,"4.1":0.108754732673,"4.2-4.3":0.249340118812,"4.4":0.941656831683,"4.4.3-4.4.4":0.575604316832,"66":null},"op_mob":{"10":null,"11":null,"11.1":null,"11.5":null,"12":null,"12.1":null,"0":null},"ie":{"5.5":0,"6":0.015129,"7":0,"8":0.070602,"9":0.494214,"10":0.055473,"11":0.438741},"edge":{"12":0.010086,"13":0.010086,"14":0.035301,"15":0.040344,"16":0.363096,"17":0.10086,"18":null},"samsung":{"4":1.25298407339,"5":0.254671559633,"6.2":1.67064543119},"bb":{"7":0.0009914,"10":0.0039656},"ie_mob":{"10":0.0218108,"11":0.1417702},"and_uc":{"0":1.293777},"op_mini":{"0":0.577234984536},"and_chr":{"0":55.627687},"baidu":{"0":null},"and_ff":{"0":0.114011},"and_qq":{"1.2":null}},"total":96.2864270488}