{"id":"KE","name":"Kenya","month":"2018-05","access_date":"2018-06-04","data":{"chrome":{"4":0,"5":0,"6":0,"7":0,"8":0,"9":0,"10":0,"11":0.005607,"12":0,"13":0,"14":0,"15":0,"16":0,"17":0,"18":0.001869,"19":0,"20":0,"21":0,"22":0,"23":0,"24":0,"25":0,"26":0,"27":0,"28":0,"29":0,"30":0,"31":0.001869,"32":0,"33":0,"34":0.001869,"35":0,"36":0.001869,"37":0,"38":0.001869,"39":0,"40":0.003738,"41":0,"42":0,"43":0.003738,"44":0,"45":0,"46":0.001869,"47":0,"48":0,"49":0.035511,"50":0.003738,"51":0.001869,"52":0,"53":0.001869,"54":0.001869,"55":0.005607,"56":0.003738,"57":0.003738,"58":0.011214,"59":0.003738,"60":0.020559,"61":0.005607,"62":0.007476,"63":0.014952,"64":0.01869,"65":0.108402,"66":1.687707,"67":0.014952,"68":0.005607,"69":0},"firefox":{"2":0,"3":0,"3.5":0,"3.6":0.001869,"4":0,"5":0,"6":0,"7":0,"8":0,"9":0,"10":0,"11":0,"12":0.001869,"13":0,"14":0,"15":0,"16":0,"17":0,"18":0,"19":0,"20":0,"21":0,"22":0,"23":0,"24":0,"25":0,"26":0,"27":0,"28":0,"29":0,"30":0.001869,"31":0.001869,"32":0.003738,"33":0.001869,"34":0.001869,"35":0.001869,"36":0.001869,"37":0.001869,"38":0.001869,"39":0.001869,"40":0.001869,"41":0.001869,"42":0.001869,"43":0.007476,"44":0.003738,"45":0.003738,"46":0.001869,"47":0.014952,"48":0.011214,"49":0.003738,"50":0.003738,"51":0.001869,"52":0.048594,"53":0.003738,"54":0.003738,"55":0.003738,"56":0.009345,"57":0.009345,"58":0.014952,"59":0.325206,"60":0.291564,"61":0.046725,"62":0},"opera":{"9":0,"9.5-9.6":0,"10.0-10.1":0,"10.5":0,"10.6":0,"11":0.001869,"11.1":0,"11.5":0,"11.6":0,"12":0.003738,"12.1":0.071022,"15":0.007476,"16":0.009345,"17":0.001869,"18":0.003738,"19":0.009345,"20":0.054201,"21":0.009345,"22":0.005607,"23":0.069153,"24":0.003738,"25":0.001869,"26":0.003738,"27":0.003738,"28":0.01869,"29":0.009345,"30":0.014952,"31":0.005607,"32":0.035511,"33":0.048594,"34":0.001869,"35":0.003738,"36":0.001869,"37":0.028035,"38":0,"39":0,"40":0,"41":0,"42":0.001869,"43":0.011214,"44":0.001869,"45":0.007476,"46":0.014952,"47":0,"48":0.001869,"49":0,"50":0.001869,"51":0.001869,"52":0.097188,"53":0.026166},"safari":{"3.1":0,"3.2":0,"4":0,"5":0,"5.1":0,"6":0,"6.1":0,"7":0.001869,"7.1":0,"8":0.001869,"9":0.001869,"9.1":0.005607,"10":0.001869,"10.1":0.009345,"11":0.014952,"11.1":0.054201,"0":null},"ios_saf":{"3.2":0.0001197568438,"4.0-4.1":0,"4.2-4.3":0.000239513687601,"5.0-5.1":0.00191610950081,"6.0-6.1":0.001197568438,"7.0-7.1":0.00502978743961,"8":0.001197568438,"8.1-8.4":0.00850273590982,"9.0-9.2":0.00670638325282,"9.3":0.0414358679549,"10.0-10.2":0.0384419468599,"10.3":0.0879015233494,"11.0-11.2":0.26154894686,"11.3":0.735666291465},"android":{"2.1":0,"2.2":0,"2.3":0,"3":0,"4":0,"4.1":0.115262308345,"4.2-4.3":0.26425992645,"4.4":0.99800291372,"4.4.3-4.4.4":0.610046851485,"66":null},"op_mob":{"10":null,"11":null,"11.1":null,"11.5":null,"12":null,"12.1":null,"0":null},"ie":{"5.5":0,"6":0,"7":0,"8":0.00985013513514,"9":0.00197002702703,"10":0.00394005405405,"11":0.0571307837838},"edge":{"12":0.005607,"13":0.007476,"14":0.011214,"15":0.009345,"16":0.050463,"17":0.011214,"18":null},"samsung":{"4":0.722975084112,"5":0.0509137383178,"6.2":0.295299682243},"bb":{"7":0.0178882,"10":0.0715528},"ie_mob":{"10":0.169690434783,"11":0.610885565217},"and_uc":{"0":5.480294},"op_mini":{"0":45.6023921718},"and_chr":{"0":26.452496},"baidu":{"0":null},"and_ff":{"0":0.211406},"and_qq":{"1.2":null}},"total":86.5377236765}