{"id":"KH","name":"Cambodia","month":"2018-05","access_date":"2018-06-04","data":{"chrome":{"4":0,"5":0,"6":0,"7":0,"8":0,"9":0,"10":0,"11":0.023208,"12":0,"13":0,"14":0,"15":0,"16":0,"17":0,"18":0.046416,"19":0,"20":0.005802,"21":0,"22":0.005802,"23":0,"24":0.005802,"25":0,"26":0.011604,"27":0,"28":0,"29":0.017406,"30":0.005802,"31":0.011604,"32":0.005802,"33":0.023208,"34":0.005802,"35":0,"36":0.005802,"37":0,"38":0.005802,"39":0,"40":0.05802,"41":0.034812,"42":0,"43":0.139248,"44":0.017406,"45":0.017406,"46":0.005802,"47":0.017406,"48":0.040614,"49":0.5802,"50":0.011604,"51":0.034812,"52":0.017406,"53":0.011604,"54":0.011604,"55":0.185664,"56":0.243684,"57":0.08703,"58":0.226278,"59":0.168258,"60":0.46416,"61":0.34812,"62":0.353922,"63":0.719448,"64":0.626616,"65":1.299648,"66":16.27461,"67":0.284298,"68":0.139248,"69":0.005802},"firefox":{"2":0,"3":0.005802,"3.5":0,"3.6":0,"4":0,"5":0,"6":0,"7":0,"8":0,"9":0,"10":0.005802,"11":0,"12":0,"13":0,"14":0,"15":0.005802,"16":0.011604,"17":0,"18":0,"19":0,"20":0,"21":0.005802,"22":0,"23":0,"24":0,"25":0,"26":0.005802,"27":0,"28":0.005802,"29":0.005802,"30":0.011604,"31":0.005802,"32":0.005802,"33":0.005802,"34":0.005802,"35":0.011604,"36":0.005802,"37":0.005802,"38":0.017406,"39":0.046416,"40":0.017406,"41":0.02901,"42":0.023208,"43":0.069624,"44":0.017406,"45":0.005802,"46":0.005802,"47":0.11604,"48":0.179862,"49":0.034812,"50":0.075426,"51":0.046416,"52":0.243684,"53":0.023208,"54":0.110238,"55":0.081228,"56":0.11604,"57":0.208872,"58":0.226278,"59":1.937868,"60":1.79862,"61":0.243684,"62":0},"opera":{"9":0,"9.5-9.6":0,"10.0-10.1":0,"10.5":0,"10.6":0,"11":0,"11.1":0,"11.5":0,"11.6":0,"12":0,"12.1":0,"15":0,"16":0,"17":0,"18":0,"19":0,"20":0,"21":0,"22":0,"23":0,"24":0,"25":0,"26":0,"27":0,"28":0,"29":0,"30":0,"31":0,"32":0,"33":0,"34":0.005802,"35":0,"36":0,"37":0.220476,"38":0,"39":0,"40":0,"41":0,"42":0,"43":0,"44":0,"45":0,"46":0.011604,"47":0.023208,"48":0.034812,"49":0.005802,"50":0.040614,"51":0.02901,"52":0.52218,"53":0.133446},"safari":{"3.1":0,"3.2":0,"4":0.005802,"5":0.005802,"5.1":0.023208,"6":0,"6.1":0,"7":0,"7.1":0,"8":0.011604,"9":0.023208,"9.1":0.040614,"10":0.098634,"10.1":0.179862,"11":0.295902,"11.1":0.440952,"0":null},"ios_saf":{"3.2":0.00202640962158,"4.0-4.1":0,"4.2-4.3":0.00405281924316,"5.0-5.1":0.0324225539452,"6.0-6.1":0.0202640962158,"7.0-7.1":0.0851092041063,"8":0.0202640962158,"8.1-8.4":0.143875083132,"9.0-9.2":0.113478938808,"9.3":0.701137729066,"10.0-10.2":0.650477488527,"10.3":1.48738466224,"11.0-11.2":4.42567861353,"11.3":12.4482343054},"android":{"2.1":0,"2.2":0,"2.3":0,"3":0,"4":0,"4.1":0.186460229137,"4.2-4.3":0.427494183876,"4.4":1.6144727157,"4.4.3-4.4.4":0.986874871287,"66":null},"op_mob":{"10":null,"11":null,"11.1":null,"11.5":null,"12":null,"12.1":null,"0":null},"ie":{"5.5":0,"6":0.01299648,"7":0.01299648,"8":0.23393664,"9":0.08447712,"10":0.05848416,"11":0.57184512},"edge":{"12":0.02901,"13":0.023208,"14":0.034812,"15":0.05802,"16":0.43515,"17":0.17406,"18":null},"samsung":{"4":1.59889381481,"5":0.366625333333,"6.2":1.17116425926},"bb":{"7":0.0008396,"10":0.0033584},"ie_mob":{"10":0.012594,"11":0.037782},"and_uc":{"0":2.208148},"op_mini":{"0":0.850520570447},"and_chr":{"0":33.112596},"baidu":{"0":null},"and_ff":{"0":0.163722},"and_qq":{"1.2":null}},"total":95.1466759779}