{"id":"KI","name":"Kiribati","month":"2018-05","access_date":"2018-06-04","data":{"chrome":{"4":0,"5":0,"6":0,"7":0,"8":0,"9":0,"10":0,"11":0,"12":0,"13":0,"14":0.003161,"15":0,"16":0,"17":0,"18":0,"19":0,"20":0,"21":0,"22":0,"23":0,"24":0,"25":0,"26":0,"27":0,"28":0,"29":0,"30":0,"31":0,"32":0,"33":0,"34":0,"35":0,"36":0.003161,"37":0,"38":0.006322,"39":0,"40":0,"41":0,"42":0,"43":0.03161,"44":0,"45":0,"46":0.003161,"47":0,"48":0.003161,"49":0.018966,"50":0.006322,"51":0.022127,"52":0,"53":0,"54":0,"55":0,"56":0.003161,"57":0,"58":0.006322,"59":0.003161,"60":0.015805,"61":0,"62":0.006322,"63":1.188536,"64":0.132762,"65":0.224431,"66":3.701531,"67":0.018966,"68":0,"69":0},"firefox":{"2":0,"3":0,"3.5":0,"3.6":0,"4":0,"5":0,"6":0,"7":0,"8":0,"9":0,"10":0,"11":0,"12":0,"13":0,"14":0,"15":0,"16":0,"17":0,"18":0,"19":0.009483,"20":0,"21":0,"22":0,"23":0,"24":0,"25":0,"26":0,"27":0,"28":0,"29":0,"30":0,"31":0,"32":0,"33":0,"34":0,"35":0,"36":0,"37":0,"38":0,"39":0,"40":0,"41":0,"42":0.003161,"43":0.009483,"44":0,"45":0.003161,"46":0,"47":0.044254,"48":0.009483,"49":0,"50":0,"51":0,"52":0.009483,"53":0,"54":0.006322,"55":0.003161,"56":0.034771,"57":0.044254,"58":0.037932,"59":0.711225,"60":0.682776,"61":0.151728,"62":0},"opera":{"9":0,"9.5-9.6":0,"10.0-10.1":0,"10.5":0,"10.6":0,"11":0,"11.1":0,"11.5":0,"11.6":0,"12":0,"12.1":0,"15":0,"16":0,"17":0,"18":0,"19":0,"20":0,"21":0,"22":0,"23":0,"24":0,"25":0,"26":0,"27":0,"28":0,"29":0,"30":0,"31":0,"32":0,"33":0,"34":0,"35":0,"36":0,"37":0,"38":0,"39":0,"40":0,"41":0,"42":0,"43":0,"44":0,"45":0.025288,"46":0,"47":0,"48":0,"49":0,"50":0,"51":0,"52":0.135923,"53":0},"safari":{"3.1":0,"3.2":0,"4":0,"5":0,"5.1":0,"6":0,"6.1":0,"7":0,"7.1":0,"8":0,"9":0,"9.1":0.003161,"10":0,"10.1":0.003161,"11":0,"11.1":0.003161,"0":null},"ios_saf":{"3.2":0.000710193739936,"4.0-4.1":0,"4.2-4.3":0.00142038747987,"5.0-5.1":0.011363099839,"6.0-6.1":0.00710193739936,"7.0-7.1":0.0298281370773,"8":0.00710193739936,"8.1-8.4":0.0504237555354,"9.0-9.2":0.0397708494364,"9.3":0.245727034018,"10.0-10.2":0.227972190519,"10.3":0.521282205113,"11.0-11.2":1.55106312802,"11.3":4.36272014442},"android":{"2.1":0,"2.2":0,"2.3":0,"3":0,"4":0,"4.1":0.0894705247525,"4.2-4.3":0.205127544554,"4.4":0.774683811881,"4.4.3-4.4.4":0.473539118812,"66":null},"op_mob":{"10":null,"11":null,"11.1":null,"11.5":null,"12":null,"12.1":null,"0":null},"ie":{"5.5":0,"6":0,"7":0,"8":0.429896,"9":0,"10":0.015805,"11":0.512082},"edge":{"12":0.082186,"13":0.069542,"14":0.091669,"15":0.139084,"16":0.243397,"17":0,"18":null},"samsung":{"4":4.73565857143,"5":0.326234257143,"6.2":0.0841894857143},"bb":{"7":0.0013678,"10":0.0054712},"ie_mob":{"10":0,"11":0.123102},"and_uc":{"0":2.660371},"op_mini":{"0":0.271938381443},"and_chr":{"0":71.381591},"baidu":{"0":null},"and_ff":{"0":0.143619},"and_qq":{"1.2":null}},"total":97.2468686957}