{"id":"KM","name":"Comoros","month":"2018-05","access_date":"2018-06-04","data":{"chrome":{"4":0,"5":0,"6":0,"7":0,"8":0,"9":0.006632,"10":0.003316,"11":0,"12":0,"13":0.003316,"14":0,"15":0,"16":0,"17":0,"18":0,"19":0,"20":0,"21":0,"22":0,"23":0,"24":0,"25":0,"26":0,"27":0,"28":0.013264,"29":0.003316,"30":0.03316,"31":0,"32":0.019896,"33":0.03316,"34":0,"35":0,"36":0.019896,"37":0.009948,"38":0.01658,"39":0.003316,"40":0.006632,"41":0,"42":0,"43":0.205592,"44":0,"45":0,"46":0,"47":0,"48":0,"49":0.391288,"50":0.006632,"51":0.026528,"52":0,"53":0.006632,"54":0,"55":0.013264,"56":0.076268,"57":0,"58":0.059688,"59":0.009948,"60":0.195644,"61":0.013264,"62":0.023212,"63":0.0829,"64":0.13264,"65":0.61346,"66":4.85794,"67":0.026528,"68":0,"69":0},"firefox":{"2":0,"3":0.003316,"3.5":0,"3.6":0,"4":0,"5":0,"6":0,"7":0,"8":0,"9":0,"10":0,"11":0.003316,"12":0,"13":0,"14":0,"15":0,"16":0.003316,"17":0,"18":0,"19":0,"20":0.006632,"21":0.003316,"22":0.003316,"23":0.003316,"24":0,"25":0,"26":0.013264,"27":0,"28":0.013264,"29":0.009948,"30":0,"31":0.026528,"32":0.013264,"33":0.006632,"34":0.006632,"35":0,"36":0,"37":0,"38":0.04974,"39":0,"40":0,"41":0.013264,"42":0,"43":0.036476,"44":0,"45":0.003316,"46":0.029844,"47":0.04974,"48":0.026528,"49":0.006632,"50":0.01658,"51":0.003316,"52":0.063004,"53":0.006632,"54":0.006632,"55":0.285176,"56":0.03316,"57":0.036476,"58":0.023212,"59":0.988168,"60":0.739468,"61":0.006632,"62":0},"opera":{"9":0,"9.5-9.6":0,"10.0-10.1":0,"10.5":0,"10.6":0.003316,"11":0,"11.1":0,"11.5":0,"11.6":0,"12":0,"12.1":0.019896,"15":0,"16":0,"17":0,"18":0,"19":0,"20":0.036476,"21":0,"22":0.003316,"23":0,"24":0,"25":0,"26":0,"27":0,"28":0,"29":0,"30":0,"31":0,"32":0,"33":0.023212,"34":0,"35":0,"36":0,"37":0,"38":0,"39":0.126008,"40":0,"41":0,"42":0,"43":0,"44":0.053056,"45":0,"46":0.003316,"47":0,"48":0.006632,"49":0,"50":0.003316,"51":0.026528,"52":0.119376,"53":0.036476},"safari":{"3.1":0,"3.2":0,"4":0,"5":0,"5.1":0.003316,"6":0,"6.1":0,"7":0,"7.1":0,"8":0,"9":0.003316,"9.1":0.026528,"10":0,"10.1":0.053056,"11":0.023212,"11.1":0.026528,"0":null},"ios_saf":{"3.2":0.00024432568438,"4.0-4.1":0,"4.2-4.3":0.00048865136876,"5.0-5.1":0.00390921095008,"6.0-6.1":0.0024432568438,"7.0-7.1":0.010261678744,"8":0.0024432568438,"8.1-8.4":0.017347123591,"9.0-9.2":0.0136822383253,"9.3":0.0845366867955,"10.0-10.2":0.078428544686,"10.3":0.179335052335,"11.0-11.2":0.533607294686,"11.3":1.50089267915},"android":{"2.1":0,"2.2":0,"2.3":0,"3":0,"4":0,"4.1":0.822569951909,"4.2-4.3":1.88589208487,"4.4":7.12225202263,"4.4.3-4.4.4":4.35360194059,"66":null},"op_mob":{"10":null,"11":null,"11.1":null,"11.5":null,"12":null,"12.1":null,"0":null},"ie":{"5.5":0,"6":0,"7":0.003316,"8":0.069636,"9":0.013264,"10":0.036476,"11":0.208908},"edge":{"12":0.053056,"13":0.029844,"14":0.019896,"15":0.03316,"16":0.109428,"17":0,"18":null},"samsung":{"4":0.460016470588,"5":0.132893647059,"6.2":0.102225882353},"bb":{"7":0.0013368,"10":0.0053472},"ie_mob":{"10":0,"11":0.113628},"and_uc":{"0":5.240256},"op_mini":{"0":3.10070989691},"and_chr":{"0":59.196828},"baidu":{"0":null},"and_ff":{"0":0.909024},"and_qq":{"1.2":null}},"total":96.5019818969}