{"id":"KN","name":"Saint Kitts and Nevis","month":"2018-05","access_date":"2018-06-04","data":{"chrome":{"4":0,"5":0,"6":0,"7":0,"8":0,"9":0,"10":0,"11":0.005439,"12":0,"13":0,"14":0,"15":0,"16":0,"17":0,"18":0,"19":0,"20":0,"21":0,"22":0,"23":0.005439,"24":0,"25":0,"26":0.005439,"27":0,"28":0.005439,"29":0.005439,"30":0,"31":0,"32":0,"33":0,"34":0.021756,"35":0,"36":0,"37":0.005439,"38":0.065268,"39":0,"40":0,"41":0.005439,"42":0,"43":0.005439,"44":0.010878,"45":0,"46":0.005439,"47":0.005439,"48":0,"49":0.222999,"50":0.005439,"51":0,"52":0,"53":0.005439,"54":0,"55":0.010878,"56":0,"57":0,"58":0.038073,"59":0.005439,"60":0.097902,"61":0.016317,"62":0.05439,"63":0.076146,"64":0.125097,"65":1.783992,"66":14.282814,"67":0.103341,"68":0.043512,"69":0},"firefox":{"2":0,"3":0,"3.5":0,"3.6":0,"4":0,"5":0,"6":0,"7":0,"8":0,"9":0,"10":0,"11":0.005439,"12":0,"13":0,"14":0,"15":0,"16":0,"17":0,"18":0,"19":0,"20":0,"21":0,"22":0,"23":0,"24":0.005439,"25":0,"26":0,"27":0,"28":0,"29":0.010878,"30":0,"31":0,"32":0,"33":0,"34":0,"35":0,"36":0,"37":0,"38":0.027195,"39":0,"40":0,"41":0,"42":0,"43":0,"44":0,"45":0.027195,"46":0,"47":0.005439,"48":0,"49":0.010878,"50":0,"51":0,"52":1.060605,"53":0,"54":0,"55":0.27195,"56":0.010878,"57":0.005439,"58":0.016317,"59":0.527583,"60":0.516705,"61":0.010878,"62":0},"opera":{"9":0,"9.5-9.6":0,"10.0-10.1":0,"10.5":0,"10.6":0,"11":0,"11.1":0,"11.5":0,"11.6":0,"12":0,"12.1":0.005439,"15":0,"16":0,"17":0.005439,"18":0,"19":0,"20":0,"21":0,"22":0,"23":0,"24":0,"25":0,"26":0,"27":0,"28":0,"29":0,"30":0,"31":0,"32":0,"33":0,"34":0,"35":0,"36":0,"37":0,"38":0,"39":0,"40":0,"41":0,"42":0,"43":0.005439,"44":0,"45":0,"46":0,"47":0,"48":0,"49":0,"50":0,"51":0.005439,"52":0.304584,"53":0.065268},"safari":{"3.1":0,"3.2":0,"4":0,"5":0,"5.1":0.005439,"6":0,"6.1":0,"7":0,"7.1":0,"8":0.135975,"9":0.081585,"9.1":0.141414,"10":0.059829,"10.1":0.081585,"11":0.277389,"11.1":1.310799,"0":null},"ios_saf":{"3.2":0.00179702516103,"4.0-4.1":0,"4.2-4.3":0.00359405032206,"5.0-5.1":0.0287524025765,"6.0-6.1":0.0179702516103,"7.0-7.1":0.0754750567633,"8":0.0179702516103,"8.1-8.4":0.127588786433,"9.0-9.2":0.100633409018,"9.3":0.621770705717,"10.0-10.2":0.576845076691,"10.3":1.3190164682,"11.0-11.2":3.92470295169,"11.3":11.0391255642},"android":{"2.1":0,"2.2":0,"2.3":0,"3":0,"4":0,"4.1":0.118969937765,"4.2-4.3":0.27276034512,"4.4":1.0301055587,"4.4.3-4.4.4":0.629670158416,"66":null},"op_mob":{"10":null,"11":null,"11.1":null,"11.5":null,"12":null,"12.1":null,"0":null},"ie":{"5.5":0,"6":0,"7":0,"8":0.016317,"9":0.386169,"10":0.005439,"11":1.038849},"edge":{"12":0.059829,"13":0.065268,"14":0.315462,"15":0.070707,"16":2.246307,"17":0.413364,"18":null},"samsung":{"4":0.284326275591,"5":0.0546781299213,"6.2":2.19806082283},"bb":{"7":0.0510832,"10":0.2043328},"ie_mob":{"10":0.0109464,"11":0.0985176},"and_uc":{"0":1.085518},"op_mini":{"0":0.686571561856},"and_chr":{"0":44.805256},"baidu":{"0":null},"and_ff":{"0":0.752565},"and_qq":{"1.2":null}},"total":96.7788257902}