{"id":"KP","name":"Korea, Democratic People's Republic of","month":"2018-05","access_date":"2018-06-04","data":{"chrome":{"4":null,"5":null,"6":null,"7":null,"8":null,"9":null,"10":null,"11":null,"12":null,"13":null,"14":null,"15":null,"16":null,"17":null,"18":null,"19":null,"20":null,"21":null,"22":null,"23":null,"24":null,"25":null,"26":null,"27":null,"28":2.991483,"29":null,"30":null,"31":null,"32":null,"33":null,"34":null,"35":null,"36":null,"37":null,"38":5.528974,"39":null,"40":null,"41":null,"42":null,"43":0.08107,"44":null,"45":null,"46":0.210782,"47":0.08107,"48":0.583704,"49":0.170247,"50":null,"51":12.103751,"52":0.08107,"53":0.08107,"54":23.040094,"55":1.078231,"56":0.332387,"57":0.121605,"58":0.251317,"59":0.210782,"60":0.413457,"61":2.950948,"62":0.170247,"63":3.413047,"64":0.332387,"65":3.996751,"66":5.115517,"67":0.040535,"68":null,"69":null},"firefox":{"2":0.040535,"3":null,"3.5":null,"3.6":null,"4":null,"5":null,"6":null,"7":null,"8":null,"9":null,"10":null,"11":null,"12":0.08107,"13":null,"14":null,"15":null,"16":null,"17":0.040535,"18":null,"19":null,"20":null,"21":null,"22":null,"23":null,"24":0.502634,"25":null,"26":null,"27":null,"28":null,"29":null,"30":null,"31":0.121605,"32":null,"33":null,"34":null,"35":null,"36":null,"37":null,"38":null,"39":null,"40":null,"41":null,"42":null,"43":null,"44":null,"45":2.367244,"46":null,"47":null,"48":null,"49":null,"50":null,"51":null,"52":1.994322,"53":null,"54":0.210782,"55":0.040535,"56":0.997161,"57":null,"58":null,"59":1.329548,"60":2.991483,"61":null,"62":null},"opera":{"9":null,"9.5-9.6":null,"10.0-10.1":0,"10.5":null,"10.6":null,"11":null,"11.1":null,"11.5":null,"11.6":null,"12":null,"12.1":null,"15":null,"16":null,"17":null,"18":null,"19":null,"20":null,"21":null,"22":null,"23":null,"24":null,"25":null,"26":null,"27":null,"28":null,"29":null,"30":null,"31":null,"32":null,"33":null,"34":null,"35":null,"36":null,"37":null,"38":null,"39":0.040535,"40":null,"41":null,"42":null,"43":null,"44":0.332387,"45":null,"46":null,"47":null,"48":null,"49":null,"50":null,"51":0.08107,"52":0.875556,"53":0.040535},"safari":{"3.1":null,"3.2":null,"4":0,"5":null,"5.1":null,"6":null,"6.1":null,"7":0.040535,"7.1":null,"8":null,"9":null,"9.1":0.040535,"10":null,"10.1":0.08107,"11":0.08107,"11.1":0.121605,"0":null},"ios_saf":{"3.2":0.000204890499195,"4.0-4.1":0,"4.2-4.3":0.00040978099839,"5.0-5.1":0.00327824798712,"6.0-6.1":0.00204890499195,"7.0-7.1":0.00860540096618,"8":0.00204890499195,"8.1-8.4":0.0145472254428,"9.0-9.2":0.0114738679549,"9.3":0.0708921127214,"10.0-10.2":0.0657698502415,"10.3":0.150389626409,"11.0-11.2":0.447480850242,"11.3":1.25864233655},"android":{"2.1":0,"2.2":0,"2.3":0,"3":0,"4":0,"4.1":0.0245772673267,"4.2-4.3":0.0563478811881,"4.4":0.212803168317,"4.4.3-4.4.4":0.130079683168,"66":null},"op_mob":{"10":null,"11":null,"11.1":null,"11.5":null,"12":null,"12.1":null,"0":null},"ie":{"5.5":null,"6":null,"7":null,"8":0.453992,"9":null,"10":0.040535,"11":1.953787},"edge":{"12":null,"13":null,"14":null,"15":0.121605,"16":1.6214,"17":0.121605,"18":null},"samsung":{"4":0.638275354839,"5":0.932084645161,"6.2":null},"bb":{"7":0,"10":0},"ie_mob":{"10":0,"11":0.123102},"and_uc":{"0":3.606152},"op_mini":{"0":0},"and_chr":{"0":11.194678},"baidu":{"0":null},"and_ff":{"0":null},"and_qq":{"1.2":null}},"total":99.099694}