{"id":"KR","name":"Korea, Republic of","month":"2018-05","access_date":"2018-06-04","data":{"chrome":{"4":null,"5":null,"6":null,"7":null,"8":null,"9":null,"10":null,"11":null,"12":null,"13":null,"14":null,"15":null,"16":null,"17":null,"18":0.015546,"19":null,"20":null,"21":null,"22":null,"23":0.005182,"24":null,"25":null,"26":null,"27":0.010364,"28":0.010364,"29":0.05182,"30":0.041456,"31":0.450834,"32":0.010364,"33":null,"34":null,"35":null,"36":0.05182,"37":0.07773,"38":0.031092,"39":null,"40":null,"41":null,"42":0.041456,"43":0.005182,"44":null,"45":0.005182,"46":0.010364,"47":0.005182,"48":0.015546,"49":0.378286,"50":0.05182,"51":0.010364,"52":0.005182,"53":0.005182,"54":0.010364,"55":0.067366,"56":0.041456,"57":0.015546,"58":0.031092,"59":0.15546,"60":0.062184,"61":0.036274,"62":0.088094,"63":0.18137,"64":0.160642,"65":1.222952,"66":24.028934,"67":0.171006,"68":0.020728,"69":null},"firefox":{"2":null,"3":null,"3.5":null,"3.6":null,"4":null,"5":null,"6":null,"7":null,"8":null,"9":null,"10":null,"11":null,"12":null,"13":null,"14":null,"15":null,"16":null,"17":null,"18":null,"19":null,"20":null,"21":null,"22":null,"23":null,"24":null,"25":null,"26":null,"27":null,"28":null,"29":0.015546,"30":null,"31":0.010364,"32":null,"33":null,"34":0.031092,"35":null,"36":null,"37":null,"38":null,"39":null,"40":null,"41":null,"42":null,"43":null,"44":null,"45":null,"46":null,"47":null,"48":0.010364,"49":null,"50":null,"51":null,"52":0.041456,"53":null,"54":0.010364,"55":0.020728,"56":0.015546,"57":0.015546,"58":0.010364,"59":0.2591,"60":0.238372,"61":0.010364,"62":null},"opera":{"9":null,"9.5-9.6":null,"10.0-10.1":0,"10.5":null,"10.6":null,"11":null,"11.1":null,"11.5":null,"11.6":null,"12":null,"12.1":null,"15":null,"16":null,"17":null,"18":null,"19":null,"20":null,"21":null,"22":null,"23":null,"24":null,"25":null,"26":null,"27":null,"28":null,"29":null,"30":null,"31":null,"32":null,"33":null,"34":null,"35":null,"36":null,"37":null,"38":null,"39":null,"40":null,"41":null,"42":null,"43":null,"44":null,"45":null,"46":null,"47":null,"48":null,"49":null,"50":null,"51":null,"52":0.295374,"53":0.062184},"safari":{"3.1":null,"3.2":null,"4":0,"5":null,"5.1":0.010364,"6":null,"6.1":0.010364,"7":0.005182,"7.1":null,"8":0.036274,"9":0.020728,"9.1":0.098458,"10":0.057002,"10.1":0.165824,"11":0.243554,"11.1":0.606294,"0":null},"ios_saf":{"3.2":0.00116013295089,"4.0-4.1":0,"4.2-4.3":0.00232026590177,"5.0-5.1":0.0185621272142,"6.0-6.1":0.0116013295089,"7.0-7.1":0.0487255839372,"8":0.0116013295089,"8.1-8.4":0.0823694395129,"9.0-9.2":0.0649674452496,"9.3":0.401406001006,"10.0-10.2":0.372402677234,"10.3":0.85153758595,"11.0-11.2":2.53373036473,"11.3":7.12669671729},"android":{"2.1":0,"2.2":0,"2.3":0,"3":0,"4":0,"4.1":0.0215095742574,"4.2-4.3":0.0493146336634,"4.4":0.186241435644,"4.4.3-4.4.4":0.113843356436,"66":null},"op_mob":{"10":null,"11":null,"11.1":null,"11.5":null,"12":null,"12.1":null,"0":null},"ie":{"5.5":null,"6":0.010375837807,"7":0.00518791890348,"8":0.264583864078,"9":0.249020107367,"10":0.4461610257,"11":17.1927632461},"edge":{"12":null,"13":0.010364,"14":0.041456,"15":0.046638,"16":1.108948,"17":0.533746,"18":null},"samsung":{"4":0.667222418655,"5":0.495362098698,"6.2":6.36894126898},"bb":{"7":0,"10":0},"ie_mob":{"10":0,"11":0.123102},"and_uc":{"0":0.149327},"op_mini":{"0":0.072966790378},"and_chr":{"0":27.117823},"baidu":{"0":null},"and_ff":{"0":0.04817},"and_qq":{"1.2":null}},"total":96.7347425767}