{"id":"KW","name":"Kuwait","month":"2018-05","access_date":"2018-06-04","data":{"chrome":{"4":0,"5":0,"6":0,"7":0,"8":0,"9":0,"10":0,"11":0,"12":0,"13":0,"14":0,"15":0,"16":0,"17":0,"18":0,"19":0,"20":0,"21":0,"22":0,"23":0,"24":0,"25":0,"26":0.002897,"27":0,"28":0.002897,"29":0,"30":0,"31":0.002897,"32":0.005794,"33":0.002897,"34":0.002897,"35":0,"36":0,"37":0,"38":0.008691,"39":0.002897,"40":0.002897,"41":0,"42":0,"43":0.023176,"44":0.002897,"45":0.002897,"46":0,"47":0,"48":0,"49":0.095601,"50":0.002897,"51":0.002897,"52":0,"53":0.002897,"54":0.023176,"55":0.014485,"56":0.011588,"57":0.005794,"58":0.02897,"59":0.005794,"60":0.037661,"61":0.005794,"62":0.026073,"63":0.037661,"64":0.037661,"65":0.396889,"66":4.545393,"67":0.037661,"68":0.011588,"69":0},"firefox":{"2":0,"3":0,"3.5":0,"3.6":0.002897,"4":0,"5":0,"6":0,"7":0,"8":0,"9":0,"10":0,"11":0,"12":0,"13":0,"14":0,"15":0,"16":0,"17":0,"18":0,"19":0,"20":0,"21":0,"22":0,"23":0,"24":0,"25":0,"26":0,"27":0,"28":0,"29":0,"30":0,"31":0,"32":0,"33":0,"34":0,"35":0.008691,"36":0,"37":0,"38":0.002897,"39":0,"40":0,"41":0,"42":0,"43":0.002897,"44":0,"45":0.002897,"46":0,"47":0.008691,"48":0.05794,"49":0.005794,"50":0,"51":0.002897,"52":0.043455,"53":0.002897,"54":0.002897,"55":0.002897,"56":0.008691,"57":0.008691,"58":0.005794,"59":0.367919,"60":0.257833,"61":0.017382,"62":0},"opera":{"9":0,"9.5-9.6":0,"10.0-10.1":0,"10.5":0,"10.6":0,"11":0,"11.1":0,"11.5":0,"11.6":0,"12":0,"12.1":0.002897,"15":0,"16":0,"17":0,"18":0,"19":0,"20":0.002897,"21":0,"22":0,"23":0,"24":0,"25":0,"26":0,"27":0,"28":0,"29":0,"30":0,"31":0,"32":0.002897,"33":0.014485,"34":0,"35":0,"36":0,"37":0.008691,"38":0,"39":0,"40":0,"41":0,"42":0.002897,"43":0,"44":0,"45":0.005794,"46":0.017382,"47":0,"48":0,"49":0,"50":0.002897,"51":0.002897,"52":0.098498,"53":0.020279},"safari":{"3.1":0,"3.2":0,"4":0,"5":0.002897,"5.1":0.005794,"6":0,"6.1":0.005794,"7":0.005794,"7.1":0,"8":0.020279,"9":0.02897,"9.1":0.110086,"10":0.026073,"10.1":0.098498,"11":0.141953,"11.1":0.411374,"0":null},"ios_saf":{"3.2":0.00201762942834,"4.0-4.1":0,"4.2-4.3":0.00403525885668,"5.0-5.1":0.0322820708535,"6.0-6.1":0.0201762942834,"7.0-7.1":0.0847404359903,"8":0.0201762942834,"8.1-8.4":0.143251689412,"9.0-9.2":0.112987247987,"9.3":0.698099782206,"10.0-10.2":0.647659046498,"10.3":1.4809400004,"11.0-11.2":4.4065026715,"11.3":12.3942975783},"android":{"2.1":0,"2.2":0,"2.3":0,"3":0,"4":0,"4.1":0.0437972786421,"4.2-4.3":0.100413272984,"4.4":0.379220339463,"4.4.3-4.4.4":0.231805108911,"66":null},"op_mob":{"10":null,"11":null,"11.1":null,"11.5":null,"12":null,"12.1":null,"0":null},"ie":{"5.5":0,"6":0,"7":0,"8":0.020279,"9":0.014485,"10":0.017382,"11":0.454829},"edge":{"12":0.002897,"13":0.005794,"14":0.023176,"15":0.034764,"16":0.20279,"17":0.063734,"18":null},"samsung":{"4":1.12688537173,"5":0.279136743455,"6.2":2.1607251623},"bb":{"7":0.0014206,"10":0.0056824},"ie_mob":{"10":0.00947066666667,"11":0.0189413333333},"and_uc":{"0":12.35922},"op_mini":{"0":6.20013791409},"and_chr":{"0":41.08935},"baidu":{"0":null},"and_ff":{"0":0.099442},"and_qq":{"1.2":null}},"total":92.2412381916}