{"id":"KY","name":"Cayman Islands","month":"2018-05","access_date":"2018-06-04","data":{"chrome":{"4":0,"5":0,"6":0,"7":0,"8":0,"9":0,"10":0,"11":0,"12":0,"13":0,"14":0,"15":0,"16":0,"17":0,"18":0,"19":0,"20":0,"21":0,"22":0,"23":0,"24":0,"25":0,"26":0,"27":0.005704,"28":0,"29":0,"30":0,"31":0,"32":0,"33":0.011408,"34":0,"35":0,"36":0.039928,"37":0.011408,"38":0.017112,"39":0,"40":0,"41":0,"42":0,"43":0.005704,"44":0,"45":0,"46":0,"47":0,"48":0.034224,"49":0.849896,"50":0,"51":0.017112,"52":0,"53":0.017112,"54":0.091264,"55":0.017112,"56":0.022816,"57":0.051336,"58":0.017112,"59":0.005704,"60":0.022816,"61":0.359352,"62":0.325128,"63":0.131192,"64":0.08556,"65":2.087664,"66":15.395096,"67":0.131192,"68":0.022816,"69":0},"firefox":{"2":0,"3":0,"3.5":0,"3.6":0.011408,"4":0,"5":0,"6":0,"7":0,"8":0,"9":0,"10":0,"11":0,"12":0,"13":0,"14":0,"15":0,"16":0,"17":0,"18":0,"19":0,"20":0,"21":0,"22":0,"23":0,"24":0,"25":0,"26":0,"27":0.017112,"28":0,"29":0,"30":0,"31":0,"32":0.02852,"33":0,"34":0,"35":0.005704,"36":0,"37":0.005704,"38":0,"39":0,"40":0.005704,"41":0.005704,"42":0,"43":0.005704,"44":0.005704,"45":0.017112,"46":0,"47":0.011408,"48":0.022816,"49":0.011408,"50":0.005704,"51":0,"52":0.216752,"53":0.022816,"54":0.02852,"55":0.005704,"56":0.045632,"57":0.034224,"58":0.011408,"59":1.237768,"60":0.946864,"61":0.005704,"62":0},"opera":{"9":0,"9.5-9.6":0,"10.0-10.1":0,"10.5":0,"10.6":0,"11":0,"11.1":0,"11.5":0,"11.6":0,"12":0,"12.1":0.068448,"15":0,"16":0,"17":0,"18":0,"19":0,"20":0,"21":0,"22":0,"23":0,"24":0,"25":0,"26":0,"27":0,"28":0,"29":0,"30":0,"31":0.011408,"32":0,"33":0,"34":0,"35":0,"36":0,"37":0.005704,"38":0,"39":0,"40":0,"41":0,"42":0.005704,"43":0,"44":0,"45":0,"46":0,"47":0,"48":0,"49":0,"50":0,"51":0,"52":0.05704,"53":0.02852},"safari":{"3.1":0,"3.2":0,"4":0,"5":0,"5.1":0.005704,"6":0,"6.1":0,"7":0,"7.1":0,"8":0.011408,"9":0.02852,"9.1":0.131192,"10":0.02852,"10.1":0.37076,"11":0.2852,"11.1":1.585712,"0":null},"ios_saf":{"3.2":0.00360350080515,"4.0-4.1":0,"4.2-4.3":0.00720700161031,"5.0-5.1":0.0576560128824,"6.0-6.1":0.0360350080515,"7.0-7.1":0.151347033816,"8":0.0360350080515,"8.1-8.4":0.255848557166,"9.0-9.2":0.201796045089,"9.3":1.24681127858,"10.0-10.2":1.15672375845,"10.3":2.64496959098,"11.0-11.2":7.87004575845,"11.3":22.1363054461},"android":{"2.1":0,"2.2":0,"2.3":0,"3":0,"4":0,"4.1":0.0657544893918,"4.2-4.3":0.150754195191,"4.4":0.569337652051,"4.4.3-4.4.4":0.348017663366,"66":null},"op_mob":{"10":null,"11":null,"11.1":null,"11.5":null,"12":null,"12.1":null,"0":null},"ie":{"5.5":0,"6":0,"7":0.005704,"8":0.022816,"9":0.017112,"10":0.039928,"11":1.68268},"edge":{"12":0.011408,"13":0.017112,"14":0.034224,"15":0.182528,"16":1.488744,"17":0.450616,"18":null},"samsung":{"4":0.234524165975,"5":0.111678174274,"6.2":4.09858899585},"bb":{"7":0.0034368,"10":0.0137472},"ie_mob":{"10":0,"11":0.038664},"and_uc":{"0":0.403824},"op_mini":{"0":0.150485484536},"and_chr":{"0":24.263976},"baidu":{"0":null},"and_ff":{"0":0.158952},"and_qq":{"1.2":null}},"total":95.4837088206}