{"id":"KZ","name":"Kazakhstan","month":"2018-05","access_date":"2018-06-04","data":{"chrome":{"4":0,"5":0,"6":0,"7":0,"8":0,"9":0,"10":0,"11":0.007062,"12":0.007062,"13":0.007062,"14":0.007062,"15":0.014124,"16":0.014124,"17":0.014124,"18":0.042372,"19":0.007062,"20":0.007062,"21":0.021186,"22":0.028248,"23":0.007062,"24":0.007062,"25":0.007062,"26":0.014124,"27":0.007062,"28":0.021186,"29":0.028248,"30":0.007062,"31":0.007062,"32":0.007062,"33":0,"34":0.007062,"35":0.007062,"36":0.056496,"37":0.014124,"38":0.021186,"39":0.021186,"40":0.03531,"41":0.007062,"42":0.007062,"43":0.049434,"44":0.028248,"45":0.014124,"46":0.014124,"47":0.007062,"48":0.028248,"49":0.586146,"50":0.014124,"51":0.049434,"52":0.014124,"53":0.021186,"54":0.014124,"55":0.155364,"56":0.148302,"57":0.077682,"58":0.07062,"59":0.07062,"60":0.134178,"61":0.077682,"62":0.14124,"63":0.395472,"64":0.402534,"65":1.51833,"66":27.82428,"67":0.218922,"68":0.084744,"69":0},"firefox":{"2":0,"3":0.014124,"3.5":0.028248,"3.6":0.077682,"4":0.007062,"5":0,"6":0,"7":0,"8":0,"9":0.007062,"10":0,"11":0,"12":0,"13":0,"14":0,"15":0,"16":0,"17":0,"18":0,"19":0,"20":0,"21":0.007062,"22":0,"23":0.007062,"24":0.007062,"25":0,"26":0,"27":0,"28":0.007062,"29":0,"30":0,"31":0.007062,"32":0,"33":0,"34":0.007062,"35":0.007062,"36":0,"37":0.007062,"38":0.007062,"39":0.007062,"40":0.014124,"41":0.021186,"42":0.021186,"43":0.049434,"44":0.007062,"45":0.007062,"46":0.021186,"47":0.028248,"48":0.24717,"49":0.03531,"50":0.042372,"51":0.03531,"52":0.3531,"53":0.049434,"54":0.014124,"55":0.014124,"56":0.07062,"57":0.112992,"58":0.091806,"59":1.581888,"60":1.44771,"61":0.021186,"62":0},"opera":{"9":0,"9.5-9.6":0,"10.0-10.1":0.014124,"10.5":0.007062,"10.6":0.007062,"11":0,"11.1":0.007062,"11.5":0.007062,"11.6":0.049434,"12":0.021186,"12.1":0.112992,"15":0,"16":0,"17":0,"18":0.007062,"19":0,"20":0.007062,"21":0,"22":0.007062,"23":0,"24":0,"25":0,"26":0,"27":0.014124,"28":0,"29":0,"30":0.021186,"31":0,"32":0,"33":0,"34":0,"35":0,"36":0.07062,"37":0.014124,"38":0,"39":0,"40":0,"41":0.007062,"42":0.021186,"43":0.007062,"44":0.007062,"45":0.007062,"46":0.049434,"47":0.014124,"48":0.007062,"49":0.007062,"50":0.021186,"51":0.028248,"52":2.584692,"53":0.663828},"safari":{"3.1":0.007062,"3.2":0,"4":0.014124,"5":0.014124,"5.1":0.007062,"6":0.007062,"6.1":0.042372,"7":0.007062,"7.1":0,"8":0.021186,"9":0.007062,"9.1":0.049434,"10":0.049434,"10.1":0.134178,"11":0.303666,"11.1":0.755634,"0":null},"ios_saf":{"3.2":0.00106316747182,"4.0-4.1":0,"4.2-4.3":0.00212633494364,"5.0-5.1":0.0170106795491,"6.0-6.1":0.0106316747182,"7.0-7.1":0.0446530338164,"8":0.0106316747182,"8.1-8.4":0.0754848904992,"9.0-9.2":0.0595373784219,"9.3":0.36785594525,"10.0-10.2":0.341276758454,"10.3":0.780364924316,"11.0-11.2":2.32195775845,"11.3":6.53103777939},"android":{"2.1":0,"2.2":0,"2.3":0,"3":0,"4":0,"4.1":0.0853240735502,"4.2-4.3":0.195621046676,"4.4":0.738781612447,"4.4.3-4.4.4":0.451593267327,"66":null},"op_mob":{"10":null,"11":null,"11.1":null,"11.5":null,"12":null,"12.1":null,"0":null},"ie":{"5.5":0,"6":0,"7":0,"8":0.125863064516,"9":0.0444222580645,"10":0.088844516129,"11":0.65893016129},"edge":{"12":0.007062,"13":0.014124,"14":0.042372,"15":0.049434,"16":0.444906,"17":0.127116,"18":null},"samsung":{"4":0.49640448,"5":0.1034176,"6.2":1.07554304},"bb":{"7":0.0017628,"10":0.0070512},"ie_mob":{"10":0.0121717142857,"11":0.0730302857143},"and_uc":{"0":2.376842},"op_mini":{"0":0.381066676976},"and_chr":{"0":29.677228},"baidu":{"0":null},"and_ff":{"0":0.05876},"and_qq":{"1.2":null}},"total":90.230931797}