{"id":"LA","name":"Lao People's Democratic Republic","month":"2018-05","access_date":"2018-06-04","data":{"chrome":{"4":0,"5":0,"6":0,"7":0,"8":0,"9":0,"10":0,"11":0.013979,"12":0,"13":0,"14":0,"15":0,"16":0,"17":0,"18":0,"19":0,"20":0.001997,"21":0.001997,"22":0,"23":0,"24":0,"25":0,"26":0,"27":0,"28":0.003994,"29":0.015976,"30":0.011982,"31":0.009985,"32":0.003994,"33":0.013979,"34":0.001997,"35":0,"36":0.023964,"37":0.025961,"38":0.015976,"39":0,"40":0.015976,"41":0.001997,"42":0,"43":0.181727,"44":0.001997,"45":0.001997,"46":0.001997,"47":0.001997,"48":0.001997,"49":0.015976,"50":0,"51":0.003994,"52":0.001997,"53":0.001997,"54":0.001997,"55":0.021967,"56":0.005991,"57":0.007988,"58":0.015976,"59":0.005991,"60":0.015976,"61":0.011982,"62":0.011982,"63":0.017973,"64":0.033949,"65":0.115826,"66":2.110829,"67":0.021967,"68":0.009985,"69":0},"firefox":{"2":0,"3":0,"3.5":0,"3.6":0,"4":0,"5":0,"6":0,"7":0,"8":0,"9":0,"10":0,"11":0,"12":0,"13":0,"14":0,"15":0,"16":0,"17":0,"18":0,"19":0,"20":0,"21":0.001997,"22":0,"23":0,"24":0,"25":0,"26":0.001997,"27":0,"28":0,"29":0.005991,"30":0.001997,"31":0.003994,"32":0,"33":0.001997,"34":0.011982,"35":0,"36":0,"37":0.001997,"38":0.001997,"39":0,"40":0.003994,"41":0.001997,"42":0.001997,"43":0.005991,"44":0.001997,"45":0.001997,"46":0.003994,"47":0.01997,"48":0.003994,"49":0.017973,"50":0.001997,"51":0.001997,"52":0.009985,"53":0.001997,"54":0.003994,"55":0.003994,"56":0.007988,"57":0.005991,"58":0.007988,"59":0.243634,"60":0.191712,"61":0.01997,"62":0.003994},"opera":{"9":0,"9.5-9.6":0,"10.0-10.1":0,"10.5":0,"10.6":0,"11":0,"11.1":0,"11.5":0,"11.6":0,"12":0,"12.1":0,"15":0,"16":0,"17":0,"18":0.001997,"19":0.001997,"20":0,"21":0,"22":0.001997,"23":0,"24":0,"25":0,"26":0,"27":0,"28":0.001997,"29":0,"30":0,"31":0,"32":0,"33":0,"34":0.001997,"35":0,"36":0,"37":0.093859,"38":0,"39":0,"40":0,"41":0,"42":0,"43":0.003994,"44":0,"45":0,"46":0.003994,"47":0,"48":0,"49":0,"50":0.005991,"51":0,"52":0.041937,"53":0.009985},"safari":{"3.1":0,"3.2":0,"4":0,"5":0,"5.1":0,"6":0.001997,"6.1":0.001997,"7":0,"7.1":0,"8":0,"9":0,"9.1":0.013979,"10":0.003994,"10.1":0.011982,"11":0.037943,"11.1":0.075886,"0":null},"ios_saf":{"3.2":0.00177258927134,"4.0-4.1":0,"4.2-4.3":0.00354517854267,"5.0-5.1":0.0283614283414,"6.0-6.1":0.0177258927134,"7.0-7.1":0.0744487493961,"8":0.0177258927134,"8.1-8.4":0.125853838265,"9.0-9.2":0.0992649991948,"9.3":0.613315887882,"10.0-10.2":0.569001156099,"10.3":1.30108052516,"11.0-11.2":3.8713349686,"11.3":10.8890158938},"android":{"2.1":0,"2.2":0,"2.3":0,"3":0,"4":0,"4.1":0.167718241867,"4.2-4.3":0.384524749646,"4.4":1.45219453324,"4.4.3-4.4.4":0.887679475248,"66":null},"op_mob":{"10":null,"11":null,"11.1":null,"11.5":null,"12":null,"12.1":null,"0":null},"ie":{"5.5":0,"6":0.00211803030303,"7":0,"8":0.0190622727273,"9":0.00635409090909,"10":0.0105901515152,"11":0.101665454545},"edge":{"12":0.003994,"13":0.003994,"14":0.005991,"15":0.009985,"16":0.055916,"17":0.009985,"18":null},"samsung":{"4":6.94772821422,"5":1.03042665145,"6.2":3.51977420544},"bb":{"7":0.0016006,"10":0.0064024},"ie_mob":{"10":0.136472210526,"11":0.295689789474},"and_uc":{"0":1.496561},"op_mini":{"0":1.12135505842},"and_chr":{"0":57.648089},"baidu":{"0":null},"and_ff":{"0":0.136051},"and_qq":{"1.2":null}},"total":96.7847951295}