{"id":"LB","name":"Lebanon","month":"2018-05","access_date":"2018-06-04","data":{"chrome":{"4":0,"5":0,"6":0,"7":0,"8":0,"9":0,"10":0,"11":0.005259,"12":0,"13":0,"14":0.010518,"15":0,"16":0,"17":0,"18":0.005259,"19":0,"20":0,"21":0.005259,"22":0.010518,"23":0,"24":0,"25":0,"26":0,"27":0,"28":0,"29":0.005259,"30":0,"31":0.005259,"32":0.005259,"33":0.005259,"34":0.005259,"35":0,"36":0.005259,"37":0,"38":0.005259,"39":0.005259,"40":0.005259,"41":0.005259,"42":0,"43":0.021036,"44":0.005259,"45":0.005259,"46":0.021036,"47":0.005259,"48":0.005259,"49":0.278727,"50":0.005259,"51":0.015777,"52":0.005259,"53":0.005259,"54":0.005259,"55":0.015777,"56":0.015777,"57":0.010518,"58":0.05259,"59":0.310281,"60":0.073626,"61":0.036813,"62":0.068367,"63":0.115698,"64":0.147252,"65":1.393635,"66":16.271346,"67":0.389166,"68":0.036813,"69":0},"firefox":{"2":0,"3":0,"3.5":0,"3.6":0,"4":0,"5":0,"6":0,"7":0,"8":0,"9":0,"10":0,"11":0,"12":0.005259,"13":0,"14":0,"15":0,"16":0,"17":0,"18":0,"19":0,"20":0,"21":0,"22":0.005259,"23":0,"24":0,"25":0,"26":0,"27":0,"28":0,"29":0.005259,"30":0,"31":0.005259,"32":0.005259,"33":0,"34":0,"35":0,"36":0.005259,"37":0,"38":0.005259,"39":0.005259,"40":0,"41":0,"42":0,"43":0.005259,"44":0.005259,"45":0.005259,"46":0.005259,"47":0.047331,"48":0.136734,"49":0.010518,"50":0.005259,"51":0.005259,"52":0.068367,"53":0.005259,"54":0.010518,"55":0.010518,"56":0.021036,"57":0.031554,"58":0.036813,"59":1.393635,"60":1.057059,"61":0.047331,"62":0},"opera":{"9":0,"9.5-9.6":0,"10.0-10.1":0,"10.5":0,"10.6":0,"11":0,"11.1":0,"11.5":0,"11.6":0,"12":0,"12.1":0.005259,"15":0,"16":0,"17":0,"18":0,"19":0,"20":0,"21":0,"22":0.015777,"23":0,"24":0,"25":0,"26":0,"27":0,"28":0,"29":0,"30":0,"31":0,"32":0,"33":0,"34":0,"35":0,"36":0,"37":0,"38":0,"39":0,"40":0,"41":0,"42":0,"43":0,"44":0,"45":0,"46":0.005259,"47":0,"48":0,"49":0,"50":0,"51":0.005259,"52":0.236655,"53":0.05259},"safari":{"3.1":0,"3.2":0,"4":0.005259,"5":0,"5.1":0.010518,"6":0,"6.1":0.010518,"7":0.005259,"7.1":0.005259,"8":0.147252,"9":0.05259,"9.1":0.26295,"10":0.236655,"10.1":0.352353,"11":0.531159,"11.1":0.830922,"0":null},"ios_saf":{"3.2":0.00154144373994,"4.0-4.1":0,"4.2-4.3":0.00308288747987,"5.0-5.1":0.024663099839,"6.0-6.1":0.0154144373994,"7.0-7.1":0.0647406370773,"8":0.0154144373994,"8.1-8.4":0.109442505535,"9.0-9.2":0.0863208494364,"9.3":0.533339534018,"10.0-10.2":0.494803440519,"10.3":1.13141970511,"11.0-11.2":3.36651312802,"11.3":9.46908889442},"android":{"2.1":0,"2.2":0,"2.3":0,"3":0,"4":0,"4.1":0.137381837341,"4.2-4.3":0.314972992928,"4.4":1.18952566478,"4.4.3-4.4.4":0.72711850495,"66":null},"op_mob":{"10":null,"11":null,"11.1":null,"11.5":null,"12":null,"12.1":null,"0":null},"ie":{"5.5":0,"6":0,"7":0,"8":0.095845275,"9":0.02129895,"10":0.031948425,"11":0.70286535},"edge":{"12":0.021036,"13":0.031554,"14":0.068367,"15":0.068367,"16":0.699447,"17":0.115698,"18":null},"samsung":{"4":1.35721766563,"5":0.318740512384,"6.2":4.59603254954},"bb":{"7":0.0018964,"10":0.0075856},"ie_mob":{"10":0,"11":0.018964},"and_uc":{"0":1.687796},"op_mini":{"0":0.570036008591},"and_chr":{"0":41.429172},"baidu":{"0":null},"and_ff":{"0":0.099561},"and_qq":{"1.2":null}},"total":94.7557147361}