{"id":"LC","name":"Saint Lucia","month":"2018-05","access_date":"2018-06-04","data":{"chrome":{"4":0,"5":0,"6":0,"7":0,"8":0,"9":0,"10":0,"11":0,"12":0,"13":0,"14":0,"15":0,"16":0,"17":0,"18":0,"19":0,"20":0,"21":0,"22":0.104727,"23":0,"24":0,"25":0,"26":0.004987,"27":0,"28":0,"29":0,"30":0.039896,"31":0,"32":0.004987,"33":0,"34":0.009974,"35":0,"36":0,"37":0.039896,"38":0.014961,"39":0.024935,"40":0.004987,"41":0,"42":0,"43":0.004987,"44":0,"45":0,"46":0,"47":0,"48":0.009974,"49":0.204467,"50":0.004987,"51":0.014961,"52":0.014961,"53":0.004987,"54":0.004987,"55":0.029922,"56":0.004987,"57":0.004987,"58":0.089766,"59":0.014961,"60":0.114701,"61":0.019948,"62":0.114701,"63":0.104727,"64":0.24935,"65":0.892673,"66":13.170667,"67":0.079792,"68":0.024935,"69":0},"firefox":{"2":0,"3":0,"3.5":0,"3.6":0,"4":0.034909,"5":0,"6":0,"7":0,"8":0,"9":0,"10":0,"11":0,"12":0,"13":0,"14":0,"15":0,"16":0,"17":0,"18":0,"19":0,"20":0,"21":0,"22":0,"23":0,"24":0,"25":0,"26":0,"27":0,"28":0,"29":0,"30":0,"31":0,"32":0,"33":0,"34":0,"35":0,"36":0,"37":0,"38":0,"39":0.004987,"40":0,"41":0,"42":0,"43":0.004987,"44":0,"45":0.004987,"46":0.004987,"47":0.014961,"48":0.029922,"49":0.009974,"50":0,"51":0.004987,"52":0.039896,"53":0.009974,"54":0,"55":0,"56":0.009974,"57":0.039896,"58":0.029922,"59":0.837816,"60":0.608414,"61":0.024935,"62":0},"opera":{"9":0,"9.5-9.6":0,"10.0-10.1":0,"10.5":0,"10.6":0,"11":0,"11.1":0,"11.5":0,"11.6":0,"12":0,"12.1":0,"15":0,"16":0,"17":0.014961,"18":0,"19":0,"20":0,"21":0,"22":0.009974,"23":0,"24":0,"25":0,"26":0,"27":0.004987,"28":0,"29":0,"30":0,"31":0.004987,"32":0.004987,"33":0.009974,"34":0,"35":0,"36":0,"37":0.004987,"38":0,"39":0.004987,"40":0,"41":0,"42":0,"43":0.004987,"44":0,"45":0.009974,"46":0.009974,"47":0,"48":0,"49":0.004987,"50":0,"51":0.004987,"52":0.403947,"53":0.104727},"safari":{"3.1":0,"3.2":0,"4":0,"5":0,"5.1":0.024935,"6":0,"6.1":0,"7":0,"7.1":0,"8":0.009974,"9":0.004987,"9.1":0.054857,"10":0.014961,"10.1":0.089766,"11":0.209454,"11.1":0.892673,"0":null},"ios_saf":{"3.2":0.00104865992351,"4.0-4.1":0,"4.2-4.3":0.00209731984702,"5.0-5.1":0.0167785587762,"6.0-6.1":0.0104865992351,"7.0-7.1":0.0440437167874,"8":0.0104865992351,"8.1-8.4":0.0744548545692,"9.0-9.2":0.0587249557166,"9.3":0.362836333535,"10.0-10.2":0.336619835447,"10.3":0.769716383857,"11.0-11.2":2.29027327295,"11.3":6.44191791012},"android":{"2.1":0,"2.2":0,"2.3":0,"3":0,"4":0,"4.1":0.20408037058,"4.2-4.3":0.46789158133,"4.4":1.76703735502,"4.4.3-4.4.4":1.08013269307,"66":null},"op_mob":{"10":null,"11":null,"11.1":null,"11.5":null,"12":null,"12.1":null,"0":null},"ie":{"5.5":0,"6":0.00506574210526,"7":0.00506574210526,"8":0.0303944526316,"9":0.0151972263158,"10":0.0202629684211,"11":0.886504868421},"edge":{"12":0.019948,"13":0.064831,"14":0.04987,"15":0.194493,"16":1.306594,"17":0.234389,"18":null},"samsung":{"4":0.713301387097,"5":0.140498758065,"6.2":3.08016508065},"bb":{"7":0.0120312,"10":0.0481248},"ie_mob":{"10":0.0116210454545,"11":0.244041954545},"and_uc":{"0":0.506313},"op_mini":{"0":0.621723974227},"and_chr":{"0":55.540383},"baidu":{"0":null},"and_ff":{"0":0.105273},"and_qq":{"1.2":null}},"total":96.8450602}