{"id":"LI","name":"Liechtenstein","month":"2018-05","access_date":"2018-06-04","data":{"chrome":{"4":0,"5":0,"6":0,"7":0,"8":0,"9":0,"10":0,"11":0,"12":0,"13":0,"14":0,"15":0,"16":0,"17":0,"18":0,"19":0,"20":0,"21":0,"22":0,"23":0,"24":0,"25":0,"26":0,"27":0,"28":0,"29":0.014998,"30":0,"31":0,"32":0,"33":0,"34":0,"35":0,"36":0.014998,"37":0.007499,"38":0.007499,"39":0,"40":0,"41":0,"42":0.014998,"43":0,"44":0,"45":0,"46":0,"47":0.007499,"48":0,"49":0.404946,"50":0.007499,"51":0.194974,"52":0,"53":0.164978,"54":0,"55":0.044994,"56":0.052493,"57":0.044994,"58":0.052493,"59":0.097487,"60":0.119984,"61":0.29996,"62":0.14998,"63":0.502433,"64":0.247467,"65":1.192341,"66":18.904979,"67":0.142481,"68":0.014998,"69":0},"firefox":{"2":0,"3":0,"3.5":0,"3.6":0.014998,"4":0,"5":0,"6":0,"7":0,"8":0,"9":0,"10":0,"11":0,"12":0,"13":0,"14":0,"15":0,"16":0,"17":0,"18":0,"19":0,"20":0,"21":0,"22":0,"23":0,"24":0,"25":0,"26":0,"27":0,"28":0,"29":0,"30":0,"31":0,"32":0,"33":0,"34":0.007499,"35":0,"36":0,"37":0,"38":0.059992,"39":0,"40":0,"41":0,"42":0,"43":0.089988,"44":0,"45":0.022497,"46":0,"47":0.007499,"48":0.367451,"49":0,"50":0.029996,"51":0.014998,"52":0.292461,"53":0.037495,"54":0.029996,"55":0.029996,"56":0.029996,"57":0.142481,"58":0.119984,"59":4.776863,"60":3.232069,"61":0.022497,"62":0.007499},"opera":{"9":0,"9.5-9.6":0,"10.0-10.1":0,"10.5":0,"10.6":0,"11":0,"11.1":0,"11.5":0,"11.6":0,"12":0,"12.1":0.007499,"15":0,"16":0,"17":0,"18":0,"19":0,"20":0,"21":0,"22":0,"23":0,"24":0,"25":0,"26":0,"27":0,"28":0,"29":0,"30":0,"31":0,"32":0.007499,"33":0.007499,"34":0,"35":0,"36":0,"37":0.014998,"38":0,"39":0,"40":0,"41":0,"42":0.007499,"43":0,"44":0,"45":0,"46":0,"47":0.007499,"48":0.059992,"49":0.007499,"50":0,"51":0,"52":0.877383,"53":0.314958},"safari":{"3.1":0,"3.2":0,"4":0,"5":0,"5.1":0.044994,"6":0.007499,"6.1":0.029996,"7":0,"7.1":0,"8":0.022497,"9":0.097487,"9.1":0.284962,"10":0.142481,"10.1":0.442441,"11":0.982369,"11.1":4.634382,"0":null},"ios_saf":{"3.2":0.00280124919485,"4.0-4.1":0,"4.2-4.3":0.00560249838969,"5.0-5.1":0.0448199871176,"6.0-6.1":0.0280124919485,"7.0-7.1":0.117652466184,"8":0.0280124919485,"8.1-8.4":0.198888692834,"9.0-9.2":0.156869954911,"9.3":0.969232221417,"10.0-10.2":0.899200991546,"10.3":2.05611690902,"11.0-11.2":6.11792824155,"11.3":17.2080738039},"android":{"2.1":0,"2.2":0,"2.3":0,"3":0,"4":0,"4.1":0.0237772164074,"4.2-4.3":0.0545136181047,"4.4":0.205875898161,"4.4.3-4.4.4":0.125845267327,"66":null},"op_mob":{"10":null,"11":null,"11.1":null,"11.5":null,"12":null,"12.1":null,"0":null},"ie":{"5.5":0,"6":0.007499,"7":0,"8":0.037495,"9":0.022497,"10":0.022497,"11":7.588988},"edge":{"12":0,"13":0.007499,"14":0.052493,"15":0.112485,"16":2.122217,"17":0.757399,"18":null},"samsung":{"4":0.121005414062,"5":0.066002953125,"6.2":2.10109400781},"bb":{"7":0.0005002,"10":0.0020008},"ie_mob":{"10":0,"11":0.070028},"and_uc":{"0":0.055022},"op_mini":{"0":0.106550335052},"and_chr":{"0":14.92759},"baidu":{"0":null},"and_ff":{"0":0.207583},"and_qq":{"1.2":null}},"total":96.6763297101}