{"id":"LR","name":"Liberia","month":"2018-05","access_date":"2018-06-04","data":{"chrome":{"4":0,"5":0,"6":0,"7":0,"8":0,"9":0,"10":0,"11":0.008174,"12":0,"13":0,"14":0,"15":0,"16":0,"17":0,"18":0.004087,"19":0,"20":0.004087,"21":0,"22":0,"23":0.004087,"24":0,"25":0,"26":0.004087,"27":0,"28":0,"29":0.004087,"30":0,"31":0,"32":0,"33":0,"34":0.008174,"35":0.004087,"36":0,"37":0,"38":0.004087,"39":0,"40":0.008174,"41":0,"42":0,"43":0.036783,"44":0.004087,"45":0,"46":0.004087,"47":0.004087,"48":0,"49":0.24522,"50":0.036783,"51":0.004087,"52":0.004087,"53":0.004087,"54":0.004087,"55":0.024522,"56":0.008174,"57":0.004087,"58":0.024522,"59":0.004087,"60":0.118523,"61":0.016348,"62":0.012261,"63":0.024522,"64":0.024522,"65":0.261568,"66":2.836378,"67":0.036783,"68":0.004087,"69":0},"firefox":{"2":0,"3":0,"3.5":0,"3.6":0,"4":0,"5":0,"6":0,"7":0,"8":0,"9":0,"10":0.004087,"11":0,"12":0.004087,"13":0,"14":0,"15":0.004087,"16":0.004087,"17":0.004087,"18":0,"19":0,"20":0,"21":0.004087,"22":0.004087,"23":0.004087,"24":0.04087,"25":0,"26":0,"27":0,"28":0,"29":0.004087,"30":0.004087,"31":0.032696,"32":0,"33":0,"34":0.012261,"35":0.004087,"36":0,"37":0.004087,"38":0.12261,"39":0,"40":0,"41":0,"42":0,"43":0.004087,"44":0.004087,"45":0.102175,"46":0.008174,"47":0.024522,"48":0.004087,"49":0.008174,"50":0,"51":0,"52":9.081314,"53":0,"54":0,"55":0.004087,"56":0.004087,"57":0.008174,"58":0.012261,"59":0.470005,"60":0.392352,"61":0.032696,"62":0},"opera":{"9":0,"9.5-9.6":0,"10.0-10.1":0,"10.5":0,"10.6":0,"11":0.004087,"11.1":0,"11.5":0.004087,"11.6":0,"12":0,"12.1":0.232959,"15":0.004087,"16":0.008174,"17":0.004087,"18":0,"19":0.004087,"20":0.061305,"21":0.024522,"22":0.004087,"23":0.053131,"24":0,"25":0,"26":0,"27":0,"28":0,"29":0.016348,"30":0,"31":0,"32":0.020435,"33":0.057218,"34":0,"35":0,"36":0,"37":0.020435,"38":0,"39":0,"40":0,"41":0,"42":0.012261,"43":0.004087,"44":0,"45":0.004087,"46":0.004087,"47":0,"48":0,"49":0.004087,"50":0,"51":0.008174,"52":0.212524,"53":0.065392},"safari":{"3.1":0,"3.2":0,"4":0,"5":0,"5.1":0.004087,"6":0,"6.1":0,"7":0,"7.1":0,"8":0,"9":0.004087,"9.1":0.016348,"10":0,"10.1":0.016348,"11":0.044957,"11.1":0.094001,"0":null},"ios_saf":{"3.2":0.000443253623188,"4.0-4.1":0,"4.2-4.3":0.000886507246377,"5.0-5.1":0.00709205797101,"6.0-6.1":0.00443253623188,"7.0-7.1":0.0186166521739,"8":0.00443253623188,"8.1-8.4":0.0314710072464,"9.0-9.2":0.0248222028986,"9.3":0.153365753623,"10.0-10.2":0.142284413043,"10.3":0.32534815942,"11.0-11.2":0.968065913043,"11.3":2.72290700725},"android":{"2.1":0,"2.2":0,"2.3":0,"3":0,"4":0,"4.1":0.212737923621,"4.2-4.3":0.487740605375,"4.4":1.84199909477,"4.4.3-4.4.4":1.12595437624,"66":null},"op_mob":{"10":null,"11":null,"11.1":null,"11.5":null,"12":null,"12.1":null,"0":null},"ie":{"5.5":0,"6":0,"7":0,"8":0.044957,"9":0.261568,"10":0.049044,"11":0.261568},"edge":{"12":0.032696,"13":0.036783,"14":0.024522,"15":0.04087,"16":0.224785,"17":0.044957,"18":null},"samsung":{"4":0.69677910559,"5":0.153701273292,"6.2":0.758259614907},"bb":{"7":0.0023652,"10":0.0094608},"ie_mob":{"10":0.0643473529412,"11":0.154433647059},"and_uc":{"0":5.552307},"op_mini":{"0":10.574709634},"and_chr":{"0":48.61599},"baidu":{"0":null},"and_ff":{"0":0.910602},"and_qq":{"1.2":null}},"total":91.8195546278}