{"id":"LS","name":"Lesotho","month":"2018-05","access_date":"2018-06-04","data":{"chrome":{"4":0,"5":0,"6":0,"7":0,"8":0,"9":0,"10":0,"11":0.001434,"12":0,"13":0,"14":0,"15":0,"16":0,"17":0,"18":0,"19":0,"20":0,"21":0,"22":0.002868,"23":0,"24":0,"25":0,"26":0.008604,"27":0,"28":0,"29":0,"30":0,"31":0,"32":0,"33":0,"34":0,"35":0,"36":0.001434,"37":0,"38":0.001434,"39":0,"40":0.00717,"41":0,"42":0,"43":0.002868,"44":0,"45":0,"46":0.05019,"47":0,"48":0,"49":0.017208,"50":0.001434,"51":0.004302,"52":0,"53":0,"54":0.001434,"55":0.024378,"56":0,"57":0.001434,"58":0.005736,"59":0.002868,"60":0.032982,"61":0.001434,"62":0.008604,"63":0.008604,"64":0.017208,"65":0.051624,"66":0.675414,"67":0.00717,"68":0.001434,"69":0},"firefox":{"2":0,"3":0,"3.5":0,"3.6":0,"4":0,"5":0,"6":0,"7":0,"8":0,"9":0,"10":0.001434,"11":0.001434,"12":0,"13":0,"14":0,"15":0.001434,"16":0,"17":0,"18":0,"19":0.001434,"20":0,"21":0,"22":0,"23":0.001434,"24":0,"25":0,"26":0,"27":0,"28":0,"29":0,"30":0,"31":0,"32":0,"33":0,"34":0,"35":0,"36":0,"37":0.001434,"38":0.001434,"39":0.001434,"40":0,"41":0,"42":0,"43":0.010038,"44":0.001434,"45":0.001434,"46":0,"47":0.002868,"48":0.001434,"49":0.08604,"50":0.001434,"51":0,"52":0.017208,"53":0.001434,"54":0,"55":0.002868,"56":0.005736,"57":0.02868,"58":0.004302,"59":0.091776,"60":0.076002,"61":0.01434,"62":0},"opera":{"9":0,"9.5-9.6":0,"10.0-10.1":0,"10.5":0,"10.6":0,"11":0,"11.1":0,"11.5":0,"11.6":0,"12":0,"12.1":0.063096,"15":0,"16":0.001434,"17":0.002868,"18":0.002868,"19":0.002868,"20":0.001434,"21":0.004302,"22":0.002868,"23":0.001434,"24":0.001434,"25":0,"26":0.001434,"27":0,"28":0.002868,"29":0.004302,"30":0.004302,"31":0.002868,"32":0.004302,"33":0.002868,"34":0.001434,"35":0.002868,"36":0,"37":0.004302,"38":0,"39":0,"40":0,"41":0,"42":0.001434,"43":0.002868,"44":0,"45":0.001434,"46":0.004302,"47":0,"48":0.001434,"49":0.001434,"50":0,"51":0.005736,"52":0.080304,"53":0.01434},"safari":{"3.1":0,"3.2":0,"4":0,"5":0,"5.1":0.001434,"6":0,"6.1":0,"7":0,"7.1":0.001434,"8":0,"9":0,"9.1":0.00717,"10":0.001434,"10.1":0.010038,"11":0.001434,"11.1":0.018642,"0":null},"ios_saf":{"3.2":0.000107977858293,"4.0-4.1":0,"4.2-4.3":0.000215955716586,"5.0-5.1":0.00172764573269,"6.0-6.1":0.00107977858293,"7.0-7.1":0.00453507004831,"8":0.00107977858293,"8.1-8.4":0.00766642793881,"9.0-9.2":0.00604676006441,"9.3":0.0373603389694,"10.0-10.2":0.0346608925121,"10.3":0.0792557479871,"11.0-11.2":0.235823642512,"11.3":0.663307983494},"android":{"2.1":0,"2.2":0,"2.3":0,"3":0,"4":0,"4.1":0.116412048091,"4.2-4.3":0.266895915134,"4.4":1.00795797737,"4.4.3-4.4.4":0.616132059406,"66":null},"op_mob":{"10":null,"11":null,"11.1":null,"11.5":null,"12":null,"12.1":null,"0":null},"ie":{"5.5":0,"6":0,"7":0,"8":0.011472,"9":0.011472,"10":0.02151,"11":0.22227},"edge":{"12":0.024378,"13":0.012906,"14":0.020076,"15":0.012906,"16":0.081738,"17":0.010038,"18":null},"samsung":{"4":2.35792819149,"5":0.102518617021,"6.2":1.37374946809},"bb":{"7":0.0548224,"10":0.2192896},"ie_mob":{"10":0.195230848921,"11":1.31238515108},"and_uc":{"0":11.084404},"op_mini":{"0":33.8986939519},"and_chr":{"0":34.520436},"baidu":{"0":null},"and_ff":{"0":0.291244},"and_qq":{"1.2":null}},"total":90.4885302285}