{"id":"LT","name":"Lithuania","month":"2018-05","access_date":"2018-06-04","data":{"chrome":{"4":0,"5":0,"6":0,"7":0,"8":0,"9":0,"10":0.007449,"11":0.007449,"12":0,"13":0,"14":0,"15":0,"16":0,"17":0,"18":0.037245,"19":0,"20":0,"21":0,"22":0.007449,"23":0,"24":0,"25":0,"26":0.007449,"27":0.007449,"28":0.007449,"29":0.171327,"30":0,"31":0.007449,"32":0,"33":0,"34":0.014898,"35":0,"36":0.022347,"37":0.007449,"38":0.022347,"39":0,"40":0.007449,"41":0,"42":0,"43":0.037245,"44":0.007449,"45":0,"46":0.007449,"47":0.022347,"48":0.007449,"49":0.834288,"50":0.029796,"51":0.022347,"52":0.007449,"53":0.014898,"54":0.067041,"55":0.014898,"56":0.044694,"57":0.037245,"58":0.126633,"59":0.059592,"60":0.07449,"61":0.096837,"62":0.081939,"63":0.238368,"64":0.290511,"65":1.802658,"66":30.034368,"67":0.216021,"68":0.022347,"69":0},"firefox":{"2":0,"3":0,"3.5":0.007449,"3.6":0.007449,"4":0,"5":0,"6":0,"7":0,"8":0,"9":0,"10":0,"11":0.007449,"12":0,"13":0,"14":0,"15":0,"16":0,"17":0,"18":0,"19":0,"20":0,"21":0,"22":0,"23":0,"24":0,"25":0,"26":0,"27":0,"28":0.022347,"29":0,"30":0,"31":0.007449,"32":0,"33":0,"34":0,"35":0.007449,"36":0.007449,"37":0,"38":0.014898,"39":0.007449,"40":0.007449,"41":0.022347,"42":0.007449,"43":0.022347,"44":0,"45":0.022347,"46":0.014898,"47":0.029796,"48":0.052143,"49":0.022347,"50":0.029796,"51":0.07449,"52":1.26633,"53":0.029796,"54":0.029796,"55":0.029796,"56":0.096837,"57":0.089388,"58":0.067041,"59":4.216134,"60":3.679806,"61":0.044694,"62":0},"opera":{"9":0,"9.5-9.6":0,"10.0-10.1":0,"10.5":0,"10.6":0,"11":0,"11.1":0,"11.5":0,"11.6":0,"12":0,"12.1":0.029796,"15":0,"16":0,"17":0,"18":0,"19":0,"20":0,"21":0,"22":0,"23":0,"24":0,"25":0,"26":0,"27":0,"28":0,"29":0,"30":0.007449,"31":0,"32":0.007449,"33":0.029796,"34":0,"35":0.007449,"36":0.052143,"37":0.007449,"38":0,"39":0,"40":0.007449,"41":0,"42":0.007449,"43":0.007449,"44":0,"45":0.007449,"46":0.014898,"47":0,"48":0.014898,"49":0.014898,"50":0.007449,"51":0.014898,"52":2.078271,"53":0.439491},"safari":{"3.1":0,"3.2":0,"4":0,"5":0,"5.1":0.007449,"6":0,"6.1":0.007449,"7":0,"7.1":0,"8":0.007449,"9":0.022347,"9.1":0.104286,"10":0.037245,"10.1":0.193674,"11":0.394797,"11.1":1.385514,"0":null},"ios_saf":{"3.2":0.00102669041868,"4.0-4.1":0,"4.2-4.3":0.00205338083736,"5.0-5.1":0.0164270466989,"6.0-6.1":0.0102669041868,"7.0-7.1":0.0431209975845,"8":0.0102669041868,"8.1-8.4":0.0728950197262,"9.0-9.2":0.0574946634461,"9.3":0.355234884863,"10.0-10.2":0.329567624396,"10.3":0.753590767311,"11.0-11.2":2.2422918744,"11.3":6.30695924195},"android":{"2.1":0,"2.2":0,"2.3":0,"3":0,"4":0,"4.1":0.0339486379066,"4.2-4.3":0.0778334625177,"4.4":0.293945523338,"4.4.3-4.4.4":0.179679376238,"66":null},"op_mob":{"10":null,"11":null,"11.1":null,"11.5":null,"12":null,"12.1":null,"0":null},"ie":{"5.5":0,"6":0.00747052890173,"7":0,"8":0.0597642312139,"9":0.0522937023121,"10":0.0522937023121,"11":2.41298083526},"edge":{"12":0.029796,"13":0.014898,"14":0.104286,"15":0.111735,"16":1.385514,"17":0.52143,"18":null},"samsung":{"4":0.51399330855,"5":0.10279866171,"6.2":1.88121550929},"bb":{"7":0.0005102,"10":0.0020408},"ie_mob":{"10":0.0131801666667,"11":0.0659008333333},"and_uc":{"0":0.137754},"op_mini":{"0":0.268078541237},"and_chr":{"0":28.268678},"baidu":{"0":null},"and_ff":{"0":0.170917},"and_qq":{"1.2":null}},"total":96.3584510208}