{"id":"LU","name":"Luxembourg","month":"2018-05","access_date":"2018-06-04","data":{"chrome":{"4":0,"5":0,"6":0,"7":0,"8":0,"9":0,"10":0,"11":0,"12":0,"13":0,"14":0,"15":0,"16":0,"17":0.00654,"18":0,"19":0,"20":0,"21":0,"22":0.00654,"23":0,"24":0,"25":0,"26":0,"27":0,"28":0,"29":0.09156,"30":0,"31":0,"32":0,"33":0,"34":0,"35":0,"36":0.00654,"37":0,"38":0.03924,"39":0.00654,"40":0.0327,"41":0,"42":0.01308,"43":0,"44":0.00654,"45":0.00654,"46":0.00654,"47":0,"48":0,"49":0.41856,"50":0,"51":0.01308,"52":0.01308,"53":0.03924,"54":0.02616,"55":0.09156,"56":0.04578,"57":0.01308,"58":0.0327,"59":0.01962,"60":0.1962,"61":0.09156,"62":0.10464,"63":0.13734,"64":0.22236,"65":1.39302,"66":14.59074,"67":0.10464,"68":0.01308,"69":0},"firefox":{"2":0,"3":0,"3.5":0,"3.6":0.00654,"4":0,"5":0,"6":0,"7":0,"8":0,"9":0,"10":0,"11":0,"12":0.01308,"13":0,"14":0,"15":0,"16":0,"17":0,"18":0,"19":0,"20":0,"21":0.00654,"22":0,"23":0,"24":0.00654,"25":0,"26":0,"27":0,"28":0,"29":0,"30":0.00654,"31":0,"32":0,"33":0,"34":0,"35":0.00654,"36":0,"37":0,"38":0.14388,"39":0,"40":0,"41":0.01308,"42":0.01308,"43":0.00654,"44":0,"45":0.11118,"46":0.00654,"47":0.02616,"48":0.0654,"49":0.01308,"50":0.04578,"51":0.05232,"52":0.84366,"53":0.02616,"54":0.02616,"55":0.03924,"56":0.0654,"57":0.05886,"58":0.12426,"59":3.39426,"60":2.47212,"61":0.05232,"62":0},"opera":{"9":0,"9.5-9.6":0,"10.0-10.1":0,"10.5":0,"10.6":0,"11":0,"11.1":0,"11.5":0,"11.6":0.00654,"12":0,"12.1":0.01308,"15":0,"16":0,"17":0,"18":0,"19":0,"20":0,"21":0,"22":0,"23":0,"24":0,"25":0,"26":0,"27":0,"28":0,"29":0,"30":0,"31":0,"32":0,"33":0,"34":0,"35":0,"36":0.01308,"37":0,"38":0,"39":0,"40":0,"41":0,"42":0,"43":0,"44":0,"45":0,"46":0.00654,"47":0,"48":0,"49":0,"50":0,"51":0.00654,"52":0.47088,"53":0.14388},"safari":{"3.1":0,"3.2":0,"4":0,"5":0.00654,"5.1":0.04578,"6":0.00654,"6.1":0.02616,"7":0.00654,"7.1":0,"8":0.05232,"9":0.0327,"9.1":0.27468,"10":0.1308,"10.1":0.4905,"11":0.73248,"11.1":2.87106,"0":null},"ios_saf":{"3.2":0.00331320048309,"4.0-4.1":0,"4.2-4.3":0.00662640096618,"5.0-5.1":0.0530112077295,"6.0-6.1":0.0331320048309,"7.0-7.1":0.13915442029,"8":0.0331320048309,"8.1-8.4":0.2352372343,"9.0-9.2":0.185539227053,"9.3":1.14636736715,"10.0-10.2":1.06353735507,"10.3":2.43188915459,"11.0-11.2":7.23602985507,"11.3":20.3529905676},"android":{"2.1":0,"2.2":0,"2.3":0,"3":0,"4":0,"4.1":0.026162291372,"4.2-4.3":0.0599818387553,"4.4":0.226527157001,"4.4.3-4.4.4":0.138468712871,"66":null},"op_mob":{"10":null,"11":null,"11.1":null,"11.5":null,"12":null,"12.1":null,"0":null},"ie":{"5.5":0,"6":0,"7":0.837939902057,"8":1.83953994123,"9":0.072010460333,"10":0.0196392164545,"11":3.91475047992},"edge":{"12":0.00654,"13":0.01962,"14":0.18312,"15":0.1308,"16":1.59576,"17":0.4251,"18":null},"samsung":{"4":0.214158169935,"5":0.107079084967,"6.2":2.04521052288},"bb":{"7":0.005536,"10":0.022144},"ie_mob":{"10":0,"11":0.03114},"and_uc":{"0":0.09688},"op_mini":{"0":0.0949954295533},"and_chr":{"0":20.05518},"baidu":{"0":null},"and_ff":{"0":0.20068},"and_qq":{"1.2":null}},"total":96.0596232073}