{"id":"LV","name":"Latvia","month":"2018-05","access_date":"2018-06-04","data":{"chrome":{"4":0,"5":0,"6":0,"7":0,"8":0,"9":0,"10":0,"11":0.03879,"12":0,"13":0,"14":0,"15":0,"16":0,"17":0.007758,"18":0.015516,"19":0,"20":0,"21":0,"22":0.015516,"23":0,"24":0,"25":0,"26":0.007758,"27":0.023274,"28":0,"29":0.46548,"30":0,"31":0.062064,"32":0,"33":0.007758,"34":0.031032,"35":0,"36":0,"37":0.015516,"38":0.046548,"39":0.007758,"40":0.023274,"41":0.007758,"42":0.007758,"43":0.007758,"44":0.03879,"45":0.015516,"46":0.007758,"47":0.007758,"48":0.007758,"49":0.783558,"50":0.015516,"51":0.023274,"52":0.023274,"53":0.046548,"54":0.03879,"55":0.054306,"56":0.07758,"57":0.031032,"58":0.093096,"59":0.131886,"60":0.178434,"61":0.07758,"62":0.093096,"63":0.27153,"64":0.372384,"65":2.187756,"66":33.258546,"67":0.224982,"68":0.031032,"69":0},"firefox":{"2":0,"3":0.007758,"3.5":0.007758,"3.6":0.031032,"4":0.007758,"5":0,"6":0,"7":0,"8":0,"9":0,"10":0,"11":0,"12":0.007758,"13":0,"14":0,"15":0.007758,"16":0.007758,"17":0,"18":0,"19":0,"20":0,"21":0,"22":0,"23":0.007758,"24":0,"25":0.007758,"26":0,"27":0,"28":0.023274,"29":0.007758,"30":0,"31":0.007758,"32":0.007758,"33":0.03879,"34":0,"35":0.007758,"36":0.007758,"37":0.031032,"38":0.03879,"39":0.007758,"40":0.015516,"41":0.015516,"42":0.015516,"43":0.062064,"44":0.007758,"45":0.03879,"46":0.015516,"47":0.03879,"48":0.062064,"49":0.007758,"50":0.03879,"51":0.031032,"52":0.907686,"53":0.03879,"54":0.046548,"55":0.023274,"56":0.124128,"57":0.108612,"58":0.100854,"59":3.99537,"60":3.692808,"61":0.085338,"62":0},"opera":{"9":0,"9.5-9.6":0,"10.0-10.1":0,"10.5":0,"10.6":0,"11":0,"11.1":0,"11.5":0,"11.6":0.007758,"12":0.007758,"12.1":0.031032,"15":0,"16":0,"17":0,"18":0.007758,"19":0,"20":0,"21":0,"22":0,"23":0,"24":0,"25":0,"26":0.015516,"27":0,"28":0,"29":0,"30":0,"31":0,"32":0,"33":0.007758,"34":0,"35":0,"36":0.069822,"37":0.007758,"38":0.007758,"39":0,"40":0.007758,"41":0.007758,"42":0.015516,"43":0.007758,"44":0,"45":0.007758,"46":0.007758,"47":0,"48":0.007758,"49":0.007758,"50":0.023274,"51":0.007758,"52":1.621422,"53":0.403416},"safari":{"3.1":0,"3.2":0,"4":0.007758,"5":0.015516,"5.1":0.007758,"6":0,"6.1":0.031032,"7":0,"7.1":0,"8":0.007758,"9":0.023274,"9.1":0.093096,"10":0.069822,"10.1":0.248256,"11":0.434448,"11.1":1.908468,"0":null},"ios_saf":{"3.2":0.00112949698068,"4.0-4.1":0,"4.2-4.3":0.00225899396135,"5.0-5.1":0.0180719516908,"6.0-6.1":0.0112949698068,"7.0-7.1":0.0474388731884,"8":0.0112949698068,"8.1-8.4":0.080194285628,"9.0-9.2":0.0632518309179,"9.3":0.390805955314,"10.0-10.2":0.362568530797,"10.3":0.829050783816,"11.0-11.2":2.4668214058,"11.3":6.93849995229},"android":{"2.1":0,"2.2":0,"2.3":0,"3":0,"4":0,"4.1":0.0359671485149,"4.2-4.3":0.0824612673267,"4.4":0.311422871287,"4.4.3-4.4.4":0.190362712871,"66":null},"op_mob":{"10":null,"11":null,"11.1":null,"11.5":null,"12":null,"12.1":null,"0":null},"ie":{"5.5":0,"6":0,"7":0,"8":0.0622848683274,"9":0.108998519573,"10":0.0622848683274,"11":1.95418774377},"edge":{"12":0.007758,"13":0.031032,"14":0.069822,"15":0.100854,"16":1.264554,"17":0.488754,"18":null},"samsung":{"4":0.324457356436,"5":0.0627981980198,"6.2":1.53855585149},"bb":{"7":0.0017936,"10":0.0071744},"ie_mob":{"10":0.0116176363636,"11":0.116176363636},"and_uc":{"0":0.13452},"op_mini":{"0":0.214380656357},"and_chr":{"0":24.49409},"baidu":{"0":null},"and_ff":{"0":0.161424},"and_qq":{"1.2":null}},"total":96.8233540623}