{"id":"LY","name":"Libya","month":"2018-05","access_date":"2018-06-04","data":{"chrome":{"4":0,"5":0,"6":0,"7":0,"8":0,"9":0,"10":0,"11":0.003846,"12":0.003846,"13":0.003846,"14":0.003846,"15":0.003846,"16":0,"17":0.003846,"18":0.003846,"19":0.003846,"20":0.003846,"21":0,"22":0,"23":0.003846,"24":0,"25":0,"26":0.030768,"27":0.003846,"28":0,"29":0.234606,"30":0.007692,"31":0.015384,"32":0.007692,"33":0.030768,"34":0.003846,"35":0,"36":0.015384,"37":0.003846,"38":0.007692,"39":0.003846,"40":0.034614,"41":0.011538,"42":0.003846,"43":0.146148,"44":0.01923,"45":0.003846,"46":0.003846,"47":0.015384,"48":0.023076,"49":0.176916,"50":0.015384,"51":0.007692,"52":0.007692,"53":0.011538,"54":0.007692,"55":0.03846,"56":0.042306,"57":0.023076,"58":0.103842,"59":0.007692,"60":0.23076,"61":0.03846,"62":0.042306,"63":0.184608,"64":0.215376,"65":0.573054,"66":7.949682,"67":0.053844,"68":0.026922,"69":0},"firefox":{"2":0,"3":0.003846,"3.5":0,"3.6":0.003846,"4":0,"5":0,"6":0,"7":0,"8":0,"9":0,"10":0,"11":0,"12":0.007692,"13":0,"14":0,"15":0,"16":0,"17":0,"18":0.003846,"19":0,"20":0.003846,"21":0.003846,"22":0,"23":0.003846,"24":0.003846,"25":0.003846,"26":0.003846,"27":0.003846,"28":0,"29":0,"30":0,"31":0,"32":0,"33":0.003846,"34":0,"35":0.003846,"36":0.003846,"37":0,"38":0.003846,"39":0.003846,"40":0,"41":0,"42":0,"43":0.01923,"44":0.003846,"45":0.007692,"46":0,"47":0.034614,"48":0.015384,"49":0.011538,"50":0.003846,"51":0.003846,"52":0.073074,"53":0.007692,"54":0.011538,"55":0.01923,"56":0.015384,"57":0.015384,"58":0.03846,"59":0.74997,"60":0.67305,"61":0.03846,"62":0},"opera":{"9":0,"9.5-9.6":0,"10.0-10.1":0,"10.5":0,"10.6":0,"11":0,"11.1":0,"11.5":0,"11.6":0,"12":0.003846,"12.1":0.046152,"15":0,"16":0,"17":0.01923,"18":0.003846,"19":0.003846,"20":0.026922,"21":0.003846,"22":0.015384,"23":0,"24":0.003846,"25":0,"26":0,"27":0,"28":0,"29":0,"30":0.023076,"31":0.003846,"32":0.011538,"33":0.026922,"34":0,"35":0.003846,"36":0.007692,"37":0.011538,"38":0,"39":0,"40":0,"41":0,"42":0.015384,"43":0.011538,"44":0,"45":0.011538,"46":0.007692,"47":0.015384,"48":0.003846,"49":0.011538,"50":0.015384,"51":0.015384,"52":0.55767,"53":0.157686},"safari":{"3.1":0,"3.2":0,"4":0.007692,"5":0,"5.1":0,"6":0,"6.1":0,"7":0.003846,"7.1":0,"8":0.007692,"9":0.003846,"9.1":0.042306,"10":0.023076,"10.1":0.015384,"11":0.046152,"11.1":0.07692,"0":null},"ios_saf":{"3.2":0.000575221417069,"4.0-4.1":0,"4.2-4.3":0.00115044283414,"5.0-5.1":0.00920354267311,"6.0-6.1":0.00575221417069,"7.0-7.1":0.0241592995169,"8":0.00575221417069,"8.1-8.4":0.0408407206119,"9.0-9.2":0.0322123993559,"9.3":0.199026610306,"10.0-10.2":0.184646074879,"10.3":0.422212520129,"11.0-11.2":1.25628357488,"11.3":3.53358516506},"android":{"2.1":0,"2.2":0,"2.3":0,"3":0,"4":0,"4.1":0.499711479491,"4.2-4.3":1.14567997737,"4.4":4.3267701273,"4.4.3-4.4.4":2.64481441584,"66":null},"op_mob":{"10":null,"11":null,"11.1":null,"11.5":null,"12":null,"12.1":null,"0":null},"ie":{"5.5":0,"6":0.003846,"7":0,"8":0.080766,"9":0.015384,"10":0.023076,"11":0.280758},"edge":{"12":0.011538,"13":0.007692,"14":0.03846,"15":0.011538,"16":0.07692,"17":0.03846,"18":null},"samsung":{"4":1.30481776552,"5":0.165691144828,"6.2":1.49122030345},"bb":{"7":0.0012308,"10":0.0049232},"ie_mob":{"10":0,"11":0.055386},"and_uc":{"0":2.449292},"op_mini":{"0":6.71761969416},"and_chr":{"0":53.298838},"baidu":{"0":null},"and_ff":{"0":0.09231},"and_qq":{"1.2":null}},"total":93.997756908}