{"id":"MA","name":"Morocco","month":"2018-05","access_date":"2018-06-04","data":{"chrome":{"4":0,"5":0,"6":0,"7":0,"8":0,"9":0.005944,"10":0,"11":0.005944,"12":0,"13":0,"14":0,"15":0,"16":0,"17":0.005944,"18":0,"19":0.106992,"20":0,"21":0.005944,"22":0.005944,"23":0,"24":1.093696,"25":0,"26":0.005944,"27":0.005944,"28":0.005944,"29":0.255592,"30":0.50524,"31":0.011888,"32":0.005944,"33":0.124824,"34":0.005944,"35":0.986704,"36":0.005944,"37":0.005944,"38":0.011888,"39":0.005944,"40":0.017832,"41":0.005944,"42":0,"43":0.101048,"44":0.011888,"45":0.005944,"46":0.023776,"47":0.017832,"48":0.023776,"49":1.141248,"50":0.011888,"51":0.011888,"52":0.011888,"53":0.011888,"54":0.124824,"55":0.130768,"56":0.630064,"57":0.065384,"58":0.130768,"59":0.077272,"60":0.112936,"61":0.095104,"62":0.124824,"63":0.219928,"64":0.255592,"65":1.06992,"66":14.88972,"67":0.11888,"68":0.017832,"69":0},"firefox":{"2":0.493352,"3":0.005944,"3.5":0,"3.6":0.017832,"4":0,"5":0,"6":0,"7":0,"8":0,"9":0,"10":0,"11":0,"12":0.005944,"13":0,"14":0,"15":0.493352,"16":0.005944,"17":0,"18":0.106992,"19":0,"20":0,"21":0.106992,"22":0,"23":0.50524,"24":0,"25":0.20804,"26":0,"27":0.005944,"28":0.005944,"29":0,"30":0.106992,"31":0.005944,"32":0.005944,"33":0.005944,"34":0.005944,"35":0.005944,"36":0.005944,"37":0.005944,"38":0.005944,"39":0.005944,"40":0.011888,"41":0.005944,"42":0.011888,"43":0.035664,"44":0.011888,"45":0.011888,"46":0.005944,"47":0.041608,"48":0.106992,"49":0.017832,"50":0.017832,"51":0.112936,"52":0.350696,"53":0.011888,"54":0.017832,"55":0.017832,"56":0.041608,"57":0.047552,"58":0.065384,"59":1.384952,"60":1.1888,"61":0.035664,"62":0},"opera":{"9":0,"9.5-9.6":0,"10.0-10.1":0.493352,"10.5":0,"10.6":0,"11":0,"11.1":0,"11.5":0,"11.6":0,"12":0,"12.1":0.005944,"15":0,"16":0,"17":0,"18":0,"19":0,"20":0,"21":0,"22":0,"23":0,"24":0,"25":0,"26":0,"27":0,"28":0,"29":0,"30":0,"31":0,"32":0.005944,"33":0,"34":0,"35":0,"36":0.02972,"37":0.053496,"38":0,"39":0,"40":0,"41":0,"42":0.011888,"43":0.106992,"44":0,"45":0.005944,"46":0.011888,"47":0.005944,"48":0.005944,"49":0.011888,"50":0.011888,"51":0.017832,"52":0.778664,"53":0.219928},"safari":{"3.1":0,"3.2":0,"4":0.005944,"5":0.112936,"5.1":0.005944,"6":0.005944,"6.1":0.011888,"7":0,"7.1":0,"8":0.02972,"9":0.041608,"9.1":0.065384,"10":0.047552,"10.1":0.106992,"11":0.166432,"11.1":0.2972,"0":null},"ios_saf":{"3.2":0.00117214975845,"4.0-4.1":0,"4.2-4.3":0.00234429951691,"5.0-5.1":0.0187543961353,"6.0-6.1":0.0117214975845,"7.0-7.1":0.0492302898551,"8":0.0117214975845,"8.1-8.4":0.0832226328502,"9.0-9.2":0.0656403864734,"9.3":0.405563816425,"10.0-10.2":0.376260072464,"10.3":0.860357922705,"11.0-11.2":2.55997507246,"11.3":7.20051596618},"android":{"2.1":0,"2.2":0,"2.3":0,"3":0,"4":0,"4.1":0.214816803395,"4.2-4.3":0.492506817539,"4.4":1.85999915134,"4.4.3-4.4.4":1.13695722772,"66":null},"op_mob":{"10":null,"11":null,"11.1":null,"11.5":null,"12":null,"12.1":null,"0":null},"ie":{"5.5":0,"6":0.00607707462687,"7":0.00607707462687,"8":0.346393253731,"9":0.644169910448,"10":0.267391283582,"11":0.358547402985},"edge":{"12":0.017832,"13":0.011888,"14":0.035664,"15":0.041608,"16":0.166432,"17":0.047552,"18":null},"samsung":{"4":1.51576868182,"5":0.186875590909,"6.2":1.84799195455},"bb":{"7":0.0089232,"10":0.0356928},"ie_mob":{"10":0.03455712,"11":0.25341888},"and_uc":{"0":0.397488},"op_mini":{"0":0.671992783505},"and_chr":{"0":42.219024},"baidu":{"0":null},"and_ff":{"0":0.146016},"and_qq":{"1.2":null}},"total":95.6042130108}