{"id":"MD","name":"Moldova","month":"2018-05","access_date":"2018-06-04","data":{"chrome":{"4":0.014244,"5":0.014244,"6":null,"7":null,"8":null,"9":0.007122,"10":0.03561,"11":0.007122,"12":null,"13":0.028488,"14":null,"15":0.014244,"16":0.03561,"17":0.028488,"18":0.049854,"19":0.028488,"20":0.007122,"21":0.028488,"22":0.028488,"23":0.014244,"24":0.014244,"25":0.007122,"26":0.014244,"27":0.014244,"28":0.014244,"29":0.876006,"30":0.007122,"31":null,"32":null,"33":0.028488,"34":0.03561,"35":0.014244,"36":0.021366,"37":0.007122,"38":0.03561,"39":0.056976,"40":0.028488,"41":0.014244,"42":0.007122,"43":0.021366,"44":0.014244,"45":0.021366,"46":0.007122,"47":0.028488,"48":0.014244,"49":1.38879,"50":0.014244,"51":0.021366,"52":0.03561,"53":0.042732,"54":0.07122,"55":0.042732,"56":0.277758,"57":0.049854,"58":0.192294,"59":0.064098,"60":0.121074,"61":0.135318,"62":0.263514,"63":0.477174,"64":0.434442,"65":2.535432,"66":42.98127,"67":0.306246,"68":0.056976,"69":null},"firefox":{"2":null,"3":0.021366,"3.5":0.064098,"3.6":0.17805,"4":null,"5":null,"6":null,"7":null,"8":null,"9":null,"10":0.007122,"11":0.014244,"12":0.03561,"13":null,"14":null,"15":0.007122,"16":0.028488,"17":0.021366,"18":null,"19":null,"20":0.014244,"21":0.028488,"22":null,"23":0.056976,"24":0.021366,"25":0.007122,"26":null,"27":null,"28":null,"29":0.014244,"30":null,"31":0.014244,"32":0.014244,"33":0.021366,"34":null,"35":0.028488,"36":0.014244,"37":0.007122,"38":0.028488,"39":null,"40":0.007122,"41":null,"42":null,"43":0.03561,"44":null,"45":0.03561,"46":null,"47":0.099708,"48":0.021366,"49":0.014244,"50":0.014244,"51":0.021366,"52":2.38587,"53":0.021366,"54":0.042732,"55":0.007122,"56":0.064098,"57":0.121074,"58":0.113952,"59":2.044014,"60":1.67367,"61":0.028488,"62":null},"opera":{"9":null,"9.5-9.6":null,"10.0-10.1":0,"10.5":0.014244,"10.6":0.021366,"11":0.007122,"11.1":0.014244,"11.5":0.014244,"11.6":0.049854,"12":0.03561,"12.1":0.163806,"15":null,"16":null,"17":null,"18":0.007122,"19":null,"20":null,"21":null,"22":null,"23":null,"24":null,"25":null,"26":null,"27":0.03561,"28":null,"29":null,"30":null,"31":null,"32":null,"33":null,"34":null,"35":null,"36":0.099708,"37":null,"38":null,"39":null,"40":null,"41":null,"42":0.014244,"43":0.014244,"44":null,"45":0.007122,"46":null,"47":null,"48":0.014244,"49":0.014244,"50":0.014244,"51":0.021366,"52":2.165088,"53":0.591126},"safari":{"3.1":null,"3.2":null,"4":0.03561,"5":0.028488,"5.1":0.028488,"6":0.014244,"6.1":null,"7":null,"7.1":null,"8":null,"9":null,"9.1":0.049854,"10":0.049854,"10.1":0.185172,"11":0.32049,"11.1":1.039812,"0":null},"ios_saf":{"3.2":0.000416956521739,"4.0-4.1":0,"4.2-4.3":0.000833913043478,"5.0-5.1":0.00667130434783,"6.0-6.1":0.00416956521739,"7.0-7.1":0.017512173913,"8":0.00416956521739,"8.1-8.4":0.0296039130435,"9.0-9.2":0.0233495652174,"9.3":0.144266956522,"10.0-10.2":0.133843043478,"10.3":0.306046086957,"11.0-11.2":0.910633043478,"11.3":2.56136391304},"android":{"2.1":0,"2.2":0,"2.3":0,"3":0,"4":0,"4.1":0.0398751386139,"4.2-4.3":0.091421049505,"4.4":0.345260346535,"4.4.3-4.4.4":0.211046465347,"66":null},"op_mob":{"10":null,"11":null,"11.1":null,"11.5":null,"12":null,"12.1":null,"0":null},"ie":{"5.5":null,"6":0.00724169747899,"7":0.014483394958,"8":0.774861630252,"9":0.724169747899,"10":0.101383764706,"11":0.963145764706},"edge":{"12":0.028488,"13":0.014244,"14":0.028488,"15":0.049854,"16":0.669468,"17":0.24927,"18":null},"samsung":{"4":0.344230526316,"5":0.0938810526316,"6.2":1.26217859649},"bb":{"7":0.0103572,"10":0.0414288},"ie_mob":{"10":0.0350317058824,"11":0.163481294118},"and_uc":{"0":0.399903},"op_mini":{"0":0.2642045},"and_chr":{"0":21.51126},"baidu":{"0":null},"and_ff":{"0":0.207144},"and_qq":{"1.2":null}},"total":96.4166296754}