{"id":"MH","name":"Marshall Islands","month":"2018-05","access_date":"2018-06-04","data":{"chrome":{"4":0,"5":0,"6":0,"7":0,"8":0,"9":0,"10":0,"11":0,"12":0,"13":0,"14":0,"15":0,"16":0,"17":0,"18":0,"19":0,"20":0,"21":0,"22":0,"23":0,"24":0,"25":0,"26":0,"27":0,"28":0.07596,"29":0.3798,"30":0.29118,"31":0.14559,"32":0.06963,"33":0,"34":0,"35":0,"36":0.29118,"37":0.47475,"38":0.15192,"39":0.00633,"40":0,"41":0,"42":0,"43":0,"44":0,"45":0,"46":0,"47":0,"48":0,"49":0.15192,"50":0.01266,"51":0.01266,"52":0.00633,"53":0,"54":0,"55":0.21522,"56":0.00633,"57":0.01266,"58":0.01266,"59":0.01266,"60":0.72795,"61":0,"62":0,"63":0.07596,"64":0.03165,"65":0.87354,"66":16.67955,"67":0.04431,"68":0.05697,"69":0},"firefox":{"2":0,"3":0,"3.5":0,"3.6":0,"4":0,"5":0,"6":0,"7":0,"8":0,"9":0,"10":0,"11":0,"12":0,"13":0,"14":0,"15":0,"16":0,"17":0,"18":0,"19":0,"20":0,"21":0,"22":0,"23":0,"24":0,"25":0,"26":0,"27":0,"28":0,"29":0.13926,"30":0,"31":0.01266,"32":0,"33":0,"34":0.17724,"35":0,"36":0,"37":0,"38":0,"39":0.00633,"40":0,"41":0,"42":0,"43":0,"44":0,"45":0,"46":0,"47":0.01266,"48":0,"49":0.00633,"50":0,"51":0,"52":0.00633,"53":0.00633,"54":0,"55":0,"56":0,"57":0.01266,"58":0,"59":1.53186,"60":0.98115,"61":0.02532,"62":0},"opera":{"9":0,"9.5-9.6":0,"10.0-10.1":0,"10.5":0,"10.6":0,"11":0,"11.1":0,"11.5":0,"11.6":0,"12":0,"12.1":0,"15":0,"16":0,"17":0,"18":0,"19":0,"20":0,"21":0,"22":0,"23":0,"24":0,"25":0,"26":0,"27":0,"28":0,"29":0,"30":0,"31":0,"32":0,"33":0,"34":0,"35":0,"36":0,"37":0,"38":0,"39":0,"40":0,"41":0,"42":0,"43":0,"44":0,"45":0.00633,"46":0,"47":0,"48":0,"49":0,"50":0,"51":0,"52":0.01899,"53":0.01899},"safari":{"3.1":0,"3.2":0,"4":0,"5":0,"5.1":0.00633,"6":0,"6.1":0,"7":0,"7.1":0,"8":0.05064,"9":0.06963,"9.1":0.32916,"10":0.01899,"10.1":0.15825,"11":0.27219,"11.1":1.84203,"0":null},"ios_saf":{"3.2":0.00302153482287,"4.0-4.1":0,"4.2-4.3":0.00604306964573,"5.0-5.1":0.0483445571659,"6.0-6.1":0.0302153482287,"7.0-7.1":0.12690446256,"8":0.0302153482287,"8.1-8.4":0.214528972424,"9.0-9.2":0.169205950081,"9.3":1.04545104871,"10.0-10.2":0.96991267814,"10.3":2.21780655998,"11.0-11.2":6.59903205314,"11.3":18.5612884169},"android":{"2.1":0,"2.2":0,"2.3":0,"3":0,"4":0,"4.1":0.160111089109,"4.2-4.3":0.367083960396,"4.4":1.38632772277,"4.4.3-4.4.4":0.847417227723,"66":null},"op_mob":{"10":null,"11":null,"11.1":null,"11.5":null,"12":null,"12.1":null,"0":null},"ie":{"5.5":0,"6":0,"7":0,"8":0.00651259615385,"9":0,"10":0.0976889423077,"11":1.25041846154},"edge":{"12":0.09495,"13":0.0633,"14":0.01899,"15":0.10761,"16":2.26614,"17":0.23421,"18":null},"samsung":{"4":0.274649454545,"5":0.562377454545,"6.2":0.483906181818},"bb":{"7":0.000734,"10":0.002936},"ie_mob":{"10":0.01330375,"11":0.09312625},"and_uc":{"0":1.67719},"op_mini":{"0":0.218894690722},"and_chr":{"0":30.74227},"baidu":{"0":null},"and_ff":{"0":0.01835},"and_qq":{"1.2":null}},"total":97.5394977816}