{"id":"MK","name":"Macedonia","month":"2018-05","access_date":"2018-06-04","data":{"chrome":{"4":0,"5":0,"6":0,"7":0,"8":0,"9":0,"10":0,"11":0.006015,"12":0,"13":0,"14":0,"15":0,"16":0,"17":0.006015,"18":0.03609,"19":0,"20":0,"21":0,"22":0.02406,"23":0,"24":0,"25":0,"26":0.01203,"27":0,"28":0,"29":0.28872,"30":0,"31":0.01203,"32":0.006015,"33":0.006015,"34":0.02406,"35":0,"36":0.018045,"37":0.018045,"38":0.030075,"39":0.006015,"40":0.01203,"41":0,"42":0.030075,"43":0.030075,"44":0.006015,"45":0.006015,"46":0.018045,"47":0.030075,"48":0.01203,"49":1.293225,"50":0.01203,"51":0.01203,"52":0.006015,"53":0.01203,"54":0.006015,"55":0.02406,"56":0.18045,"57":0.02406,"58":0.174435,"59":0.13233,"60":0.22857,"61":0.19248,"62":0.33684,"63":0.55338,"64":0.390975,"65":1.35939,"66":20.817915,"67":0.174435,"68":0.054135,"69":0},"firefox":{"2":0.006015,"3":0,"3.5":0,"3.6":0.030075,"4":0,"5":0,"6":0,"7":0,"8":0,"9":0,"10":0,"11":0,"12":0,"13":0.01203,"14":0,"15":0,"16":0,"17":0.01203,"18":0,"19":0,"20":0,"21":0.006015,"22":0,"23":0,"24":0.01203,"25":0,"26":0,"27":0,"28":0,"29":0,"30":0,"31":0.006015,"32":0,"33":0.006015,"34":0,"35":0,"36":0.006015,"37":0,"38":0.01203,"39":0.006015,"40":0.006015,"41":0.01203,"42":0,"43":0.018045,"44":0,"45":0.01203,"46":0,"47":0.066165,"48":0.018045,"49":0.018045,"50":0.02406,"51":0.054135,"52":0.679695,"53":0.03609,"54":0.066165,"55":0.042105,"56":0.114285,"57":0.138345,"58":0.14436,"59":2.09322,"60":1.618035,"61":0.06015,"62":0},"opera":{"9":0,"9.5-9.6":0,"10.0-10.1":0,"10.5":0,"10.6":0,"11":0,"11.1":0,"11.5":0,"11.6":0,"12":0,"12.1":0.006015,"15":0,"16":0,"17":0,"18":0,"19":0,"20":0,"21":0,"22":0,"23":0,"24":0,"25":0,"26":0,"27":0,"28":0,"29":0,"30":0.01203,"31":0.006015,"32":0,"33":0,"34":0,"35":0,"36":0.06015,"37":0.006015,"38":0,"39":0,"40":0.01203,"41":0,"42":0.018045,"43":0.006015,"44":0,"45":0.01203,"46":0.006015,"47":0.02406,"48":0.054135,"49":0.06015,"50":0.01203,"51":0.02406,"52":0.655635,"53":0.16842},"safari":{"3.1":0,"3.2":0,"4":0,"5":0,"5.1":0,"6":0,"6.1":0,"7":0,"7.1":0,"8":0,"9":0.006015,"9.1":0.01203,"10":0.006015,"10.1":0.042105,"11":0.102255,"11.1":0.2406,"0":null},"ios_saf":{"3.2":0.000968615640097,"4.0-4.1":0,"4.2-4.3":0.00193723128019,"5.0-5.1":0.0154978502415,"6.0-6.1":0.00968615640097,"7.0-7.1":0.0406818568841,"8":0.00968615640097,"8.1-8.4":0.0687717104469,"9.0-9.2":0.0542424758454,"9.3":0.335141011473,"10.0-10.2":0.310925620471,"10.3":0.710963879831,"11.0-11.2":2.11545655797,"11.3":5.95020587711},"android":{"2.1":0,"2.2":0,"2.3":0,"3":0,"4":0,"4.1":0.0774079420085,"4.2-4.3":0.177471867044,"4.4":0.670239497878,"4.4.3-4.4.4":0.409695693069,"66":null},"op_mob":{"10":null,"11":null,"11.1":null,"11.5":null,"12":null,"12.1":null,"0":null},"ie":{"5.5":0,"6":0,"7":0.006015,"8":0.234585,"9":0.054135,"10":0.02406,"11":0.58947},"edge":{"12":0.01203,"13":0.030075,"14":0.030075,"15":0.08421,"16":0.342855,"17":0.09624,"18":null},"samsung":{"4":0.340564230769,"5":0.0619207692308,"6.2":1.10425371795},"bb":{"7":0.002391,"10":0.009564},"ie_mob":{"10":0.01095875,"11":0.12054625},"and_uc":{"0":0.075715},"op_mini":{"0":0.192409768041},"and_chr":{"0":49.962655},"baidu":{"0":null},"and_ff":{"0":0.163385},"and_qq":{"1.2":null}},"total":98.016658486}