{"id":"ML","name":"Mali","month":"2018-05","access_date":"2018-06-04","data":{"chrome":{"4":0,"5":0,"6":0,"7":0,"8":0,"9":0,"10":0,"11":0,"12":0,"13":0,"14":0,"15":0,"16":0,"17":0,"18":0.000992,"19":0,"20":0,"21":0,"22":0,"23":0,"24":0,"25":0,"26":0,"27":0,"28":0,"29":0,"30":0,"31":0,"32":0,"33":0,"34":0,"35":0,"36":0,"37":0,"38":0,"39":0,"40":0,"41":0,"42":0,"43":0.000496,"44":0,"45":0,"46":0,"47":0,"48":0,"49":0.003968,"50":0,"51":0,"52":0,"53":0,"54":0,"55":0.000992,"56":0,"57":0,"58":0.000496,"59":0,"60":0.000496,"61":0,"62":0.000496,"63":0.000496,"64":0.001488,"65":0.006448,"66":0.0744,"67":0.001488,"68":0,"69":0},"firefox":{"2":0,"3":0.027776,"3.5":0,"3.6":0,"4":0,"5":0,"6":0,"7":0,"8":0,"9":0,"10":0,"11":0,"12":0,"13":0,"14":0,"15":0,"16":0,"17":0,"18":0,"19":0,"20":0.000496,"21":0,"22":0,"23":0,"24":0,"25":0,"26":0,"27":0,"28":0,"29":0,"30":0,"31":0,"32":0.001984,"33":0,"34":0,"35":0,"36":0,"37":0,"38":0,"39":0,"40":0,"41":0.000496,"42":0,"43":0.000992,"44":0.000496,"45":0,"46":0,"47":0.000992,"48":0.000496,"49":0.000496,"50":0,"51":0,"52":0.001488,"53":0,"54":0,"55":0.000496,"56":0.000496,"57":0.001488,"58":0.000496,"59":0.030752,"60":0.025792,"61":0.000496,"62":0},"opera":{"9":0,"9.5-9.6":0,"10.0-10.1":0,"10.5":0,"10.6":0,"11":0,"11.1":0,"11.5":0,"11.6":0,"12":0,"12.1":0.000496,"15":0,"16":0,"17":0,"18":0,"19":0,"20":0.000992,"21":0,"22":0,"23":0.00248,"24":0,"25":0,"26":0,"27":0,"28":0,"29":0,"30":0,"31":0,"32":0.000496,"33":0.000496,"34":0,"35":0,"36":0,"37":0,"38":0,"39":0,"40":0,"41":0,"42":0,"43":0,"44":0,"45":0,"46":0,"47":0,"48":0,"49":0,"50":0.000496,"51":0,"52":0.006448,"53":0.001488},"safari":{"3.1":0,"3.2":0,"4":0,"5":0,"5.1":0,"6":0,"6.1":0,"7":0,"7.1":0,"8":0.000496,"9":0.000496,"9.1":0.000992,"10":0.000496,"10.1":0.002976,"11":0.001984,"11.1":0.001984,"0":null},"ios_saf":{"3.2":0.000105975845411,"4.0-4.1":0,"4.2-4.3":0.000211951690821,"5.0-5.1":0.00169561352657,"6.0-6.1":0.00105975845411,"7.0-7.1":0.00445098550725,"8":0.00105975845411,"8.1-8.4":0.00752428502415,"9.0-9.2":0.005934647343,"9.3":0.0366676425121,"10.0-10.2":0.0340182463768,"10.3":0.0777862705314,"11.0-11.2":0.231451246377,"11.3":0.651009618357},"android":{"2.1":0,"2.2":0,"2.3":0,"3":0,"4":0,"4.1":0.083014155587,"4.2-4.3":0.190325137199,"4.4":0.718781103253,"4.4.3-4.4.4":0.43936760396,"66":null},"op_mob":{"10":null,"11":null,"11.1":null,"11.5":null,"12":null,"12.1":null,"0":null},"ie":{"5.5":0,"6":0,"7":0,"8":0.000992,"9":0.000496,"10":0.001488,"11":0.011904},"edge":{"12":0.001488,"13":0.000992,"14":0.001488,"15":0.000496,"16":0.003968,"17":0.000496,"18":null},"samsung":{"4":0.476928,"5":0.082944,"6.2":0.228096},"bb":{"7":0.0019008,"10":0.0076032},"ie_mob":{"10":0.0350916923077,"11":0.116972307692},"and_uc":{"0":67.231296},"op_mini":{"0":3.30218276289},"and_chr":{"0":21.43536},"baidu":{"0":null},"and_ff":{"0":0.057024},"and_qq":{"1.2":null}},"total":95.6944707629}