{"id":"MO","name":"Macao","month":"2018-05","access_date":"2018-06-04","data":{"chrome":{"4":0,"5":0,"6":0,"7":0,"8":0,"9":0,"10":0,"11":0.006125,"12":0,"13":0,"14":0,"15":0,"16":0,"17":0,"18":0,"19":0,"20":0,"21":0,"22":0.006125,"23":0,"24":0,"25":0.06125,"26":0,"27":0,"28":0.0245,"29":0,"30":0,"31":0.055125,"32":0,"33":0,"34":0.030625,"35":0,"36":0.006125,"37":0,"38":0.018375,"39":0.006125,"40":0.01225,"41":0,"42":0,"43":0.006125,"44":0.006125,"45":0.042875,"46":0.03675,"47":0.030625,"48":0.0245,"49":0.5145,"50":0.0245,"51":0.067375,"52":0.03675,"53":0.018375,"54":0.067375,"55":0.833,"56":0.153125,"57":0.104125,"58":0.08575,"59":0.147,"60":0.098,"61":0.1715,"62":0.287875,"63":0.912625,"64":0.924875,"65":2.68275,"66":17.425625,"67":0.140875,"68":0.030625,"69":0},"firefox":{"2":0,"3":0,"3.5":0,"3.6":0,"4":0,"5":0,"6":0,"7":0.006125,"8":0,"9":0,"10":0,"11":0,"12":0,"13":0,"14":0,"15":0,"16":0,"17":0,"18":0,"19":0,"20":0,"21":0,"22":0,"23":0,"24":0,"25":0,"26":0,"27":0,"28":0,"29":0,"30":0,"31":0,"32":0,"33":0,"34":0.006125,"35":0,"36":0,"37":0,"38":0,"39":0,"40":0,"41":0,"42":0.006125,"43":0.006125,"44":0,"45":0.006125,"46":0,"47":0.006125,"48":0.0245,"49":0,"50":0.018375,"51":0.006125,"52":0.153125,"53":0.01225,"54":0,"55":0.018375,"56":0.049,"57":0.030625,"58":0.018375,"59":1.059625,"60":0.64925,"61":0.006125,"62":0},"opera":{"9":0,"9.5-9.6":0,"10.0-10.1":0,"10.5":0,"10.6":0,"11":0,"11.1":0,"11.5":0,"11.6":0,"12":0,"12.1":0,"15":0,"16":0,"17":0,"18":0,"19":0,"20":0,"21":0,"22":0,"23":0,"24":0,"25":0,"26":0,"27":0,"28":0,"29":0,"30":0,"31":0,"32":0,"33":0,"34":0,"35":0,"36":0.006125,"37":0.01225,"38":0,"39":0,"40":0,"41":0,"42":0,"43":0,"44":0.01225,"45":0.006125,"46":0.01225,"47":0,"48":0,"49":0,"50":0,"51":0,"52":0.11025,"53":0.018375},"safari":{"3.1":0,"3.2":0,"4":0,"5":0,"5.1":0.018375,"6":0,"6.1":0.01225,"7":0,"7.1":0,"8":0.08575,"9":0.13475,"9.1":0.471625,"10":0.153125,"10.1":0.238875,"11":0.735,"11.1":1.55575,"0":null},"ios_saf":{"3.2":0.00372892763688,"4.0-4.1":0,"4.2-4.3":0.00745785527375,"5.0-5.1":0.05966284219,"6.0-6.1":0.0372892763688,"7.0-7.1":0.156614960749,"8":0.0372892763688,"8.1-8.4":0.264753862218,"9.0-9.2":0.208819947665,"9.3":1.29020896236,"10.0-10.2":1.19698577144,"10.3":2.73703288547,"11.0-11.2":8.14397795894,"11.3":22.9068024733},"android":{"2.1":0,"2.2":0,"2.3":0,"3":0,"4":0,"4.1":0.075823903819,"4.2-4.3":0.173840169731,"4.4":0.656524045262,"4.4.3-4.4.4":0.401311881188,"66":null},"op_mob":{"10":null,"11":null,"11.1":null,"11.5":null,"12":null,"12.1":null,"0":null},"ie":{"5.5":0,"6":0,"7":0,"8":0.181257111597,"9":0.181257111597,"10":0.168310175055,"11":2.42755060175},"edge":{"12":0.030625,"13":0.01225,"14":0.067375,"15":0.042875,"16":0.588,"17":0.1715,"18":null},"samsung":{"4":0.340666666667,"5":0.106458333333,"6.2":1.33072916667},"bb":{"7":0,"10":0},"ie_mob":{"10":0,"11":0.011625},"and_uc":{"0":1.050125},"op_mini":{"0":0.110057989691},"and_chr":{"0":20.351875},"baidu":{"0":null},"and_ff":{"0":0.19375},"and_qq":{"1.2":null}},"total":96.4902871564}