{"id":"MP","name":"Northern Mariana Islands","month":"2018-05","access_date":"2018-06-04","data":{"chrome":{"4":0,"5":0,"6":0,"7":0,"8":0,"9":0,"10":0,"11":0,"12":0,"13":0,"14":0,"15":0,"16":0,"17":0,"18":0,"19":0,"20":0,"21":0,"22":0.01959,"23":0,"24":0,"25":0,"26":0,"27":0,"28":0,"29":0,"30":0,"31":0,"32":0,"33":0,"34":0,"35":0,"36":0.01306,"37":0,"38":0.01306,"39":0,"40":0,"41":0,"42":0.00653,"43":0,"44":0,"45":0,"46":0,"47":0,"48":0,"49":0.31344,"50":0,"51":0,"52":0,"53":0,"54":0,"55":0.07183,"56":0.01959,"57":0.00653,"58":0.07183,"59":0.01306,"60":0.04571,"61":0.01959,"62":0.00653,"63":0.21549,"64":0.11754,"65":1.84799,"66":26.68811,"67":0.25467,"68":0.00653,"69":0},"firefox":{"2":0,"3":0,"3.5":0,"3.6":0.00653,"4":0,"5":0,"6":0,"7":0,"8":0,"9":0,"10":0,"11":0,"12":0,"13":0,"14":0,"15":0,"16":0,"17":0,"18":0,"19":0,"20":0,"21":0,"22":0,"23":0,"24":0,"25":0,"26":0,"27":0,"28":0,"29":0,"30":0,"31":0,"32":0,"33":0,"34":0,"35":0,"36":0,"37":0,"38":0,"39":0,"40":0,"41":0,"42":0,"43":0,"44":0,"45":0,"46":0.24161,"47":0.30038,"48":0.01959,"49":0,"50":0.00653,"51":0,"52":0.10448,"53":0,"54":0.01959,"55":0,"56":0.39833,"57":0.03265,"58":0.10448,"59":0.35915,"60":0.47669,"61":0,"62":0},"opera":{"9":0,"9.5-9.6":0,"10.0-10.1":0,"10.5":0,"10.6":0,"11":0,"11.1":0,"11.5":0,"11.6":0,"12":0,"12.1":0,"15":0,"16":0,"17":0,"18":0,"19":0,"20":0,"21":0,"22":0,"23":0,"24":0,"25":0,"26":0,"27":0,"28":0,"29":0,"30":0,"31":0,"32":0,"33":0.03918,"34":0,"35":0,"36":0,"37":0.00653,"38":0,"39":0,"40":0,"41":0,"42":0,"43":0,"44":0,"45":0,"46":0,"47":0,"48":0,"49":0,"50":0,"51":0,"52":0.05877,"53":0.01306},"safari":{"3.1":0,"3.2":0,"4":0,"5":0,"5.1":0.02612,"6":0,"6.1":0,"7":0,"7.1":0,"8":0,"9":0,"9.1":0.04571,"10":0.01959,"10.1":0.18937,"11":0.16325,"11.1":2.06348,"0":null},"ios_saf":{"3.2":0.00204925623994,"4.0-4.1":0,"4.2-4.3":0.00409851247987,"5.0-5.1":0.032788099839,"6.0-6.1":0.0204925623994,"7.0-7.1":0.0860687620773,"8":0.0204925623994,"8.1-8.4":0.145497193035,"9.0-9.2":0.114758349436,"9.3":0.709042659018,"10.0-10.2":0.657811253019,"10.3":1.50415408011,"11.0-11.2":4.47557562802,"11.3":12.5885810819},"android":{"2.1":0,"2.2":0,"2.3":0,"3":0,"4":0,"4.1":0.0469365912306,"4.2-4.3":0.107610721358,"4.4":0.406402192362,"4.4.3-4.4.4":0.24842049505,"66":null},"op_mob":{"10":null,"11":null,"11.1":null,"11.5":null,"12":null,"12.1":null,"0":null},"ie":{"5.5":0,"6":0,"7":0,"8":0.00658728070175,"9":0.0131745614035,"10":0.0329364035088,"11":1.44920175439},"edge":{"12":0.02612,"13":0,"14":0.00653,"15":0.01959,"16":1.20152,"17":0.25467,"18":null},"samsung":{"4":0.194422058824,"5":0.0108012254902,"6.2":1.58778014706},"bb":{"7":0,"10":0},"ie_mob":{"10":0,"11":0},"and_uc":{"0":0.24637},"op_mini":{"0":0.134692044674},"and_chr":{"0":36.33196},"baidu":{"0":null},"and_ff":{"0":0.06593},"and_qq":{"1.2":null}},"total":97.198815476}