{"id":"MQ","name":"Martinique","month":"2018-05","access_date":"2018-06-04","data":{"chrome":{"4":0,"5":0,"6":0,"7":0,"8":0,"9":0,"10":0,"11":0,"12":0,"13":0,"14":0,"15":0,"16":0,"17":0,"18":0,"19":0,"20":0,"21":0,"22":0,"23":0,"24":0,"25":0,"26":0,"27":0,"28":0,"29":0,"30":0,"31":0,"32":0.011096,"33":0,"34":0.005548,"35":0,"36":0.005548,"37":0,"38":0.011096,"39":0,"40":0,"41":0,"42":0.005548,"43":0.005548,"44":0,"45":0.011096,"46":0.08322,"47":0.011096,"48":0.011096,"49":0.227468,"50":0.005548,"51":0.005548,"52":0.011096,"53":0,"54":0.066576,"55":0.011096,"56":0.011096,"57":0.016644,"58":0.044384,"59":0.011096,"60":0.038836,"61":0.033288,"62":0.08322,"63":0.105412,"64":0.149796,"65":1.181724,"66":14.1474,"67":0.08322,"68":0.049932,"69":0},"firefox":{"2":0,"3":0,"3.5":0,"3.6":0,"4":0,"5":0,"6":0,"7":0,"8":0,"9":0,"10":0,"11":0,"12":0,"13":0,"14":0,"15":0,"16":0,"17":0,"18":0,"19":0,"20":0,"21":0.011096,"22":0,"23":0,"24":0,"25":0,"26":0,"27":0,"28":0.005548,"29":0,"30":0,"31":0,"32":0,"33":0,"34":0,"35":0,"36":0,"37":0.005548,"38":0.005548,"39":0,"40":0,"41":0,"42":0,"43":0.011096,"44":0.005548,"45":0.005548,"46":0,"47":0.016644,"48":0.171988,"49":0.011096,"50":0.011096,"51":0,"52":0.11096,"53":0.016644,"54":0.005548,"55":0.022192,"56":0.02774,"57":0.033288,"58":0.072124,"59":1.536796,"60":1.658852,"61":0.011096,"62":0},"opera":{"9":0,"9.5-9.6":0,"10.0-10.1":0,"10.5":0,"10.6":0,"11":0,"11.1":0,"11.5":0,"11.6":0,"12":0,"12.1":0,"15":0,"16":0,"17":0,"18":0,"19":0,"20":0,"21":0,"22":0,"23":0,"24":0,"25":0,"26":0,"27":0,"28":0,"29":0,"30":0,"31":0,"32":0,"33":0,"34":0,"35":0.005548,"36":0,"37":0,"38":0,"39":0,"40":0,"41":0,"42":0,"43":0,"44":0,"45":0,"46":0,"47":0,"48":0,"49":0,"50":0,"51":0,"52":0.233016,"53":0.038836},"safari":{"3.1":0,"3.2":0,"4":0,"5":0.005548,"5.1":0.02774,"6":0,"6.1":0.077672,"7":0.011096,"7.1":0,"8":0.005548,"9":0.022192,"9.1":0.244112,"10":0.038836,"10.1":0.80446,"11":0.63802,"11.1":2.130432,"0":null},"ios_saf":{"3.2":0.00147705837359,"4.0-4.1":0,"4.2-4.3":0.00295411674718,"5.0-5.1":0.0236329339775,"6.0-6.1":0.0147705837359,"7.0-7.1":0.0620364516908,"8":0.0147705837359,"8.1-8.4":0.104871144525,"9.0-9.2":0.0827152689211,"9.3":0.511062197262,"10.0-10.2":0.474135737923,"10.3":1.08416084622,"11.0-11.2":3.22589548792,"11.3":9.07356958897},"android":{"2.1":0,"2.2":0,"2.3":0,"3":0,"4":0,"4.1":0.0619755304102,"4.2-4.3":0.142090240453,"4.4":0.536617397454,"4.4.3-4.4.4":0.328016831683,"66":null},"op_mob":{"10":null,"11":null,"11.1":null,"11.5":null,"12":null,"12.1":null,"0":null},"ie":{"5.5":0,"6":0.0112230534351,"7":0.00561152671756,"8":0.0280576335878,"9":0.0224461068702,"10":0.0280576335878,"11":1.3748240458},"edge":{"12":0.033288,"13":0.022192,"14":0.099864,"15":0.116508,"16":1.625564,"17":0.377264,"18":null},"samsung":{"4":1.08119608214,"5":0.374671909651,"6.2":3.59685033265},"bb":{"7":0.0017808,"10":0.0071232},"ie_mob":{"10":0.010388,"11":0.05194},"and_uc":{"0":0.458556},"op_mini":{"0":0.0674378556701},"and_chr":{"0":46.373572},"baidu":{"0":null},"and_ff":{"0":0.249312},"and_qq":{"1.2":null}},"total":96.2458041801}