{"id":"MR","name":"Mauritania","month":"2018-05","access_date":"2018-06-04","data":{"chrome":{"4":0,"5":0,"6":0,"7":0.001843,"8":0,"9":0.003686,"10":0.003686,"11":0.003686,"12":0.001843,"13":0,"14":0.005529,"15":0,"16":0.001843,"17":0.001843,"18":0,"19":0.001843,"20":0,"21":0,"22":0.001843,"23":0.001843,"24":0,"25":0.001843,"26":0,"27":0.001843,"28":0,"29":0,"30":0.001843,"31":0.001843,"32":0,"33":0.007372,"34":0,"35":0,"36":0,"37":0,"38":0.003686,"39":0.005529,"40":0.003686,"41":0,"42":0.001843,"43":0.105051,"44":0.003686,"45":0,"46":0.001843,"47":0.003686,"48":0,"49":0.084778,"50":0.001843,"51":0.001843,"52":0,"53":0.001843,"54":0.001843,"55":0.01843,"56":0.005529,"57":0.001843,"58":0.014744,"59":0.005529,"60":0.033174,"61":0.001843,"62":0.009215,"63":0.009215,"64":0.025802,"65":0.090307,"66":1.64027,"67":0.007372,"68":0,"69":0},"firefox":{"2":0,"3":0.001843,"3.5":0,"3.6":0,"4":0.003686,"5":0,"6":0,"7":0.001843,"8":0,"9":0,"10":0,"11":0,"12":0.001843,"13":0,"14":0,"15":0,"16":0.001843,"17":0.001843,"18":0,"19":0,"20":0.001843,"21":0,"22":0,"23":0,"24":0,"25":0.001843,"26":0.003686,"27":0,"28":0,"29":0.001843,"30":0,"31":0,"32":0.001843,"33":0,"34":0.005529,"35":0,"36":0.001843,"37":0.001843,"38":0.007372,"39":0.001843,"40":0,"41":0,"42":0.001843,"43":0.014744,"44":0.001843,"45":0,"46":0,"47":0.012901,"48":0.016587,"49":0.020273,"50":0.001843,"51":0.001843,"52":0.047918,"53":0.001843,"54":0.005529,"55":0.01843,"56":0.014744,"57":0.007372,"58":0.003686,"59":0.1843,"60":0.173242,"61":0.003686,"62":0},"opera":{"9":0,"9.5-9.6":0,"10.0-10.1":0,"10.5":0,"10.6":0,"11":0,"11.1":0,"11.5":0,"11.6":0,"12":0,"12.1":0.03686,"15":0,"16":0.001843,"17":0,"18":0.001843,"19":0.003686,"20":0.001843,"21":0,"22":0,"23":0.001843,"24":0,"25":0,"26":0,"27":0,"28":0,"29":0.001843,"30":0.001843,"31":0,"32":0,"33":0.003686,"34":0,"35":0,"36":0,"37":0.001843,"38":0,"39":0,"40":0,"41":0,"42":0,"43":0,"44":0,"45":0,"46":0,"47":0,"48":0,"49":0,"50":0.001843,"51":0.003686,"52":0.05529,"53":0.022116},"safari":{"3.1":0,"3.2":0,"4":0,"5":0,"5.1":0,"6":0,"6.1":0,"7":0,"7.1":0,"8":0,"9":0.001843,"9.1":0.003686,"10":0.003686,"10.1":0.001843,"11":0.003686,"11.1":0.038703,"0":null},"ios_saf":{"3.2":0.000467699778583,"4.0-4.1":0,"4.2-4.3":0.000935399557166,"5.0-5.1":0.00748319645733,"6.0-6.1":0.00467699778583,"7.0-7.1":0.0196433907005,"8":0.00467699778583,"8.1-8.4":0.0332066842794,"9.0-9.2":0.0261911876006,"9.3":0.16182412339,"10.0-10.2":0.150131628925,"10.3":0.34329163748,"11.0-11.2":1.02145631643,"11.3":2.87307973983},"android":{"2.1":0,"2.2":0,"2.3":0,"3":0,"4":0,"4.1":0.343962917963,"4.2-4.3":0.788597909477,"4.4":2.97821550919,"4.4.3-4.4.4":1.82048666337,"66":null},"op_mob":{"10":null,"11":null,"11.1":null,"11.5":null,"12":null,"12.1":null,"0":null},"ie":{"5.5":0,"6":0,"7":0,"8":0.0320047849462,"9":0.0018826344086,"10":0.00753053763441,"11":0.133667043011},"edge":{"12":0.003686,"13":0.003686,"14":0.014744,"15":0.012901,"16":0.027645,"17":0.003686,"18":null},"samsung":{"4":2.16557832378,"5":0.396514340974,"6.2":0.935367163324},"bb":{"7":0.0016314,"10":0.0065256},"ie_mob":{"10":0.0117256875,"11":0.1758853125},"and_uc":{"0":6.011709},"op_mini":{"0":4.58717724742},"and_chr":{"0":68.80311},"baidu":{"0":null},"and_ff":{"0":0.106041},"and_qq":{"1.2":null}},"total":96.9182220755}