{"id":"MS","name":"Montserrat","month":"2018-05","access_date":"2018-06-04","data":{"chrome":{"4":0,"5":0,"6":0,"7":0,"8":0,"9":0,"10":0,"11":0,"12":0,"13":0,"14":0,"15":0,"16":0,"17":0,"18":0,"19":0,"20":0,"21":0,"22":0,"23":0,"24":0,"25":0,"26":0,"27":0,"28":0,"29":0,"30":0,"31":0,"32":0,"33":0,"34":0,"35":0,"36":0,"37":0,"38":0,"39":0,"40":0,"41":0,"42":0,"43":0,"44":0,"45":0,"46":0,"47":0,"48":0,"49":0.049926,"50":0,"51":0,"52":0.041605,"53":0,"54":0,"55":0.024963,"56":0,"57":0,"58":0,"59":0,"60":0.016642,"61":0,"62":0.024963,"63":0.016642,"64":0.049926,"65":4.759612,"66":54.469266,"67":0.133136,"68":0.116494,"69":0},"firefox":{"2":0,"3":0,"3.5":0,"3.6":0,"4":0,"5":0,"6":0,"7":0,"8":0,"9":0,"10":0,"11":0,"12":0,"13":0,"14":0,"15":0,"16":0,"17":0,"18":0,"19":0,"20":0,"21":0,"22":0,"23":0,"24":0,"25":0,"26":0,"27":0,"28":0,"29":0,"30":0.041605,"31":0,"32":0,"33":0,"34":0,"35":0.490939,"36":0,"37":0,"38":0,"39":0,"40":0,"41":0,"42":0,"43":0,"44":0,"45":0,"46":0,"47":0,"48":0,"49":0,"50":0,"51":0,"52":0.041605,"53":0,"54":0,"55":0,"56":0,"57":0,"58":0,"59":0.141457,"60":0.649038,"61":0,"62":0},"opera":{"9":0,"9.5-9.6":0,"10.0-10.1":0,"10.5":0,"10.6":0,"11":0,"11.1":0,"11.5":0,"11.6":0,"12":0,"12.1":0,"15":0,"16":0,"17":0,"18":0,"19":0,"20":0,"21":0,"22":0,"23":0,"24":0,"25":0,"26":0,"27":0,"28":0,"29":0,"30":0,"31":0,"32":0,"33":0,"34":0,"35":0,"36":0,"37":0,"38":0,"39":0,"40":0,"41":0,"42":0,"43":0,"44":0,"45":0,"46":0,"47":0,"48":0,"49":0,"50":0,"51":0,"52":0.224667,"53":0},"safari":{"3.1":0,"3.2":0,"4":0,"5":0,"5.1":0,"6":0,"6.1":0,"7":0,"7.1":0,"8":0,"9":0,"9.1":0.024963,"10":0,"10.1":0.024963,"11":0.016642,"11.1":0.432692,"0":null},"ios_saf":{"3.2":0.000665328301127,"4.0-4.1":0,"4.2-4.3":0.00133065660225,"5.0-5.1":0.010645252818,"6.0-6.1":0.00665328301127,"7.0-7.1":0.0279437886473,"8":0.00665328301127,"8.1-8.4":0.04723830938,"9.0-9.2":0.0372583848631,"9.3":0.23020359219,"10.0-10.2":0.213570384662,"10.3":0.488350973027,"11.0-11.2":1.45307700966,"11.3":4.08711175382},"android":{"2.1":0,"2.2":0,"2.3":0,"3":0,"4":0,"4.1":0.0423209306931,"4.2-4.3":0.0970284752475,"4.4":0.366437326733,"4.4.3-4.4.4":0.223991267327,"66":null},"op_mob":{"10":null,"11":null,"11.1":null,"11.5":null,"12":null,"12.1":null,"0":null},"ie":{"5.5":0,"6":0,"7":0,"8":0.016642,"9":0.016642,"10":0.024963,"11":2.113534},"edge":{"12":0.091531,"13":0.765532,"14":0.174741,"15":0.024963,"16":1.489459,"17":0.158099,"18":null},"samsung":{"4":0.0509296666667,"5":0.0203718666667,"6.2":0.3666936},"bb":{"7":0,"10":0},"ie_mob":{"10":0,"11":0.065481},"and_uc":{"0":0.031901},"op_mini":{"0":0.0778888676976},"and_chr":{"0":24.827746},"baidu":{"0":null},"and_ff":{"0":0},"and_qq":{"1.2":null}},"total":99.449344001}