{"id":"MT","name":"Malta","month":"2018-05","access_date":"2018-06-04","data":{"chrome":{"4":0,"5":0,"6":0,"7":0,"8":0,"9":0,"10":0,"11":0,"12":0,"13":0,"14":0,"15":0,"16":0,"17":0,"18":0.006853,"19":0,"20":0,"21":0.006853,"22":0,"23":0,"24":0,"25":0,"26":0.013706,"27":0,"28":0,"29":0.06853,"30":0,"31":0,"32":0.006853,"33":0,"34":0.006853,"35":0,"36":0.020559,"37":0,"38":0.006853,"39":0.006853,"40":0.020559,"41":0,"42":0,"43":0.006853,"44":0,"45":0,"46":0,"47":0,"48":0,"49":0.630476,"50":0.006853,"51":0.006853,"52":0,"53":0.006853,"54":0.047971,"55":0.13706,"56":0.041118,"57":0.013706,"58":0.047971,"59":0.020559,"60":0.054824,"61":0.020559,"62":0.555093,"63":0.212443,"64":0.130207,"65":1.980517,"66":27.679267,"67":0.185031,"68":0.027412,"69":0},"firefox":{"2":0,"3":0,"3.5":0,"3.6":0,"4":0,"5":0,"6":0,"7":0,"8":0,"9":0,"10":0,"11":0,"12":0,"13":0.006853,"14":0,"15":0,"16":0,"17":0,"18":0,"19":0,"20":0,"21":0,"22":0,"23":0,"24":0,"25":0,"26":0,"27":0,"28":0,"29":0,"30":0,"31":0,"32":0,"33":0.006853,"34":0.006853,"35":0,"36":0,"37":0.006853,"38":0.006853,"39":0,"40":0.013706,"41":0,"42":0.006853,"43":0.013706,"44":0,"45":0.027412,"46":0,"47":0.027412,"48":0.13706,"49":0.006853,"50":0.013706,"51":0.006853,"52":0.123354,"53":0.013706,"54":0.006853,"55":0.020559,"56":0.054824,"57":0.034265,"58":0.013706,"59":1.541925,"60":1.281511,"61":0.047971,"62":0.006853},"opera":{"9":0,"9.5-9.6":0,"10.0-10.1":0,"10.5":0,"10.6":0,"11":0,"11.1":0,"11.5":0,"11.6":0,"12":0,"12.1":0,"15":0,"16":0,"17":0,"18":0,"19":0,"20":0,"21":0,"22":0,"23":0,"24":0,"25":0,"26":0,"27":0,"28":0,"29":0,"30":0,"31":0.006853,"32":0,"33":0.013706,"34":0,"35":0,"36":0.006853,"37":0,"38":0,"39":0,"40":0,"41":0,"42":0,"43":0,"44":0,"45":0,"46":0,"47":0,"48":0,"49":0,"50":0,"51":0,"52":0.383768,"53":0.075383},"safari":{"3.1":0,"3.2":0,"4":0,"5":0.020559,"5.1":0.013706,"6":0,"6.1":0,"7":0,"7.1":0,"8":0.013706,"9":0.013706,"9.1":0.095942,"10":0.041118,"10.1":0.267267,"11":0.466004,"11.1":1.740662,"0":null},"ios_saf":{"3.2":0.0016142173913,"4.0-4.1":0,"4.2-4.3":0.00322843478261,"5.0-5.1":0.0258274782609,"6.0-6.1":0.016142173913,"7.0-7.1":0.0677971304348,"8":0.016142173913,"8.1-8.4":0.114609434783,"9.0-9.2":0.090396173913,"9.3":0.558519217391,"10.0-10.2":0.518163782609,"10.3":1.18483556522,"11.0-11.2":3.52545078261,"11.3":9.91613743478},"android":{"2.1":0,"2.2":0,"2.3":0,"3":0,"4":0,"4.1":0.0621685841584,"4.2-4.3":0.142532851485,"4.4":0.538288960396,"4.4.3-4.4.4":0.32903860396,"66":null},"op_mob":{"10":null,"11":null,"11.1":null,"11.5":null,"12":null,"12.1":null,"0":null},"ie":{"5.5":0,"6":0,"7":0,"8":0.0481429390681,"9":0.020632688172,"10":0.0275102508961,"11":1.82255412186},"edge":{"12":0.006853,"13":0.185031,"14":0.130207,"15":0.233002,"16":1.610455,"17":0.561946,"18":null},"samsung":{"4":0.396951136364,"5":0.0643704545455,"6.2":2.11349659091},"bb":{"7":0.0044058,"10":0.0176232},"ie_mob":{"10":0.01494825,"11":0.10463775},"and_uc":{"0":0.245466},"op_mini":{"0":0.119175051546},"and_chr":{"0":33.418518},"baidu":{"0":null},"and_ff":{"0":0.254907},"and_qq":{"1.2":null}},"total":97.0804102334}