{"id":"MV","name":"Maldives","month":"2018-05","access_date":"2018-06-04","data":{"chrome":{"4":0,"5":0,"6":0,"7":0,"8":0,"9":0,"10":0,"11":0.003479,"12":0.003479,"13":0,"14":0,"15":0,"16":0,"17":0,"18":0,"19":0,"20":0,"21":0,"22":0,"23":0.013916,"24":0,"25":0,"26":0,"27":0,"28":0.003479,"29":0.010437,"30":0.006958,"31":0.003479,"32":0.003479,"33":0.003479,"34":0,"35":0,"36":0.013916,"37":0.010437,"38":0.010437,"39":0,"40":0.003479,"41":0,"42":0,"43":0.003479,"44":0.003479,"45":0,"46":0.003479,"47":0.003479,"48":0,"49":0.045227,"50":0.006958,"51":0.006958,"52":0.003479,"53":0.024353,"54":0.006958,"55":0.010437,"56":0.003479,"57":0.003479,"58":0.073059,"59":0.010437,"60":0.017395,"61":0.031311,"62":0.013916,"63":0.027832,"64":0.048706,"65":0.539245,"66":7.904288,"67":0.055664,"68":0.031311,"69":0},"firefox":{"2":0,"3":0,"3.5":0,"3.6":0,"4":0,"5":0,"6":0,"7":0,"8":0,"9":0,"10":0,"11":0.003479,"12":0,"13":0,"14":0,"15":0,"16":0,"17":0,"18":0,"19":0,"20":0,"21":0,"22":0.003479,"23":0,"24":0,"25":0,"26":0,"27":0,"28":0,"29":0.003479,"30":0,"31":0.003479,"32":0.003479,"33":0,"34":0.006958,"35":0,"36":0,"37":0,"38":0.003479,"39":0.003479,"40":0,"41":0,"42":0,"43":0.003479,"44":0.003479,"45":0.003479,"46":0,"47":0.017395,"48":0.010437,"49":0.003479,"50":0.003479,"51":0.003479,"52":0.027832,"53":0.006958,"54":0.017395,"55":0.013916,"56":0.024353,"57":0.024353,"58":0.020874,"59":0.633178,"60":0.507934,"61":0.066101,"62":0},"opera":{"9":0,"9.5-9.6":0,"10.0-10.1":0,"10.5":0,"10.6":0,"11":0,"11.1":0,"11.5":0,"11.6":0,"12":0,"12.1":0,"15":0,"16":0,"17":0,"18":0,"19":0,"20":0,"21":0,"22":0.006958,"23":0,"24":0,"25":0,"26":0,"27":0,"28":0.003479,"29":0,"30":0,"31":0,"32":0,"33":0,"34":0,"35":0,"36":0,"37":0.024353,"38":0,"39":0,"40":0,"41":0,"42":0,"43":0.006958,"44":0,"45":0,"46":0,"47":0,"48":0,"49":0,"50":0,"51":0.003479,"52":0.052185,"53":0.010437},"safari":{"3.1":0,"3.2":0,"4":0,"5":0.003479,"5.1":0,"6":0,"6.1":0,"7":0,"7.1":0,"8":0.003479,"9":0.010437,"9.1":0.010437,"10":0.017395,"10.1":0.038269,"11":0.080017,"11.1":0.27832,"0":null},"ios_saf":{"3.2":0.00178855062399,"4.0-4.1":0,"4.2-4.3":0.00357710124799,"5.0-5.1":0.0286168099839,"6.0-6.1":0.0178855062399,"7.0-7.1":0.0751191262077,"8":0.0178855062399,"8.1-8.4":0.126987094304,"9.0-9.2":0.100158834944,"9.3":0.618838515902,"10.0-10.2":0.574124750302,"10.3":1.31279615801,"11.0-11.2":3.9061945628,"11.3":10.9870664832},"android":{"2.1":0,"2.2":0,"2.3":0,"3":0,"4":0,"4.1":0.0711268231966,"4.2-4.3":0.163071253182,"4.4":0.615854200849,"4.4.3-4.4.4":0.376451722772,"66":null},"op_mob":{"10":null,"11":null,"11.1":null,"11.5":null,"12":null,"12.1":null,"0":null},"ie":{"5.5":0,"6":0,"7":0,"8":0.010437,"9":0.003479,"10":0.003479,"11":0.114807},"edge":{"12":0.010437,"13":0.013916,"14":0.027832,"15":0.052185,"16":0.17395,"17":0.03479,"18":null},"samsung":{"4":1.24655216807,"5":0.236947932773,"6.2":1.96769805042},"bb":{"7":0.0039126,"10":0.0156504},"ie_mob":{"10":0,"11":0.06521},"and_uc":{"0":5.431993},"op_mini":{"0":1.57428368557},"and_chr":{"0":54.402267},"baidu":{"0":null},"and_ff":{"0":0.430386},"and_qq":{"1.2":null}},"total":95.7592108368}