{"id":"MX","name":"Mexico","month":"2018-05","access_date":"2018-06-04","data":{"chrome":{"4":0,"5":0,"6":0,"7":0,"8":0,"9":0,"10":0,"11":0.006056,"12":0,"13":0,"14":0,"15":0,"16":0,"17":0,"18":0,"19":0,"20":0,"21":0.006056,"22":0.018168,"23":0,"24":0,"25":0,"26":0.006056,"27":0,"28":0,"29":0.024224,"30":0.006056,"31":0.006056,"32":0,"33":0,"34":0.012112,"35":0.006056,"36":0.012112,"37":0.018168,"38":0.024224,"39":0.006056,"40":0,"41":0.012112,"42":0.012112,"43":0.012112,"44":0.006056,"45":0.006056,"46":0.012112,"47":0.006056,"48":0.006056,"49":0.6056,"50":0.012112,"51":0.03028,"52":0.012112,"53":0.018168,"54":0.018168,"55":0.024224,"56":0.042392,"57":0.024224,"58":0.096896,"59":0.042392,"60":0.066616,"61":0.066616,"62":0.072672,"63":0.175624,"64":0.175624,"65":1.39288,"66":23.6184,"67":0.18168,"68":0.012112,"69":0},"firefox":{"2":0,"3":0,"3.5":0,"3.6":0,"4":0,"5":0,"6":0,"7":0,"8":0,"9":0,"10":0,"11":0,"12":0,"13":0,"14":0,"15":0,"16":0,"17":0,"18":0,"19":0,"20":0,"21":0,"22":0,"23":0,"24":0,"25":0,"26":0,"27":0,"28":0,"29":0,"30":0,"31":0,"32":0,"33":0,"34":0.006056,"35":0,"36":0,"37":0,"38":0.006056,"39":0,"40":0,"41":0.006056,"42":0.006056,"43":0.006056,"44":0,"45":0.006056,"46":0,"47":0.012112,"48":0.054504,"49":0.006056,"50":0.006056,"51":0.006056,"52":0.115064,"53":0.024224,"54":0.012112,"55":0.012112,"56":0.018168,"57":0.024224,"58":0.036336,"59":1.102192,"60":0.853896,"61":0.012112,"62":0},"opera":{"9":0,"9.5-9.6":0,"10.0-10.1":0,"10.5":0,"10.6":0,"11":0,"11.1":0,"11.5":0,"11.6":0,"12":0,"12.1":0.012112,"15":0,"16":0,"17":0,"18":0,"19":0,"20":0,"21":0,"22":0,"23":0,"24":0,"25":0,"26":0,"27":0,"28":0,"29":0,"30":0,"31":0,"32":0,"33":0.006056,"34":0,"35":0,"36":0.006056,"37":0,"38":0,"39":0,"40":0,"41":0,"42":0,"43":0,"44":0,"45":0,"46":0.006056,"47":0,"48":0,"49":0.006056,"50":0.006056,"51":0.006056,"52":0.429976,"53":0.109008},"safari":{"3.1":0,"3.2":0,"4":0,"5":0.006056,"5.1":0.03028,"6":0,"6.1":0.024224,"7":0.006056,"7.1":0,"8":0.169568,"9":0.18168,"9.1":0.169568,"10":0.109008,"10.1":0.314912,"11":0.448144,"11.1":1.193032,"0":null},"ios_saf":{"3.2":0.00096947826087,"4.0-4.1":0,"4.2-4.3":0.00193895652174,"5.0-5.1":0.0155116521739,"6.0-6.1":0.0096947826087,"7.0-7.1":0.0407180869565,"8":0.0096947826087,"8.1-8.4":0.0688329565217,"9.0-9.2":0.0542907826087,"9.3":0.335439478261,"10.0-10.2":0.311202521739,"10.3":0.711597043478,"11.0-11.2":2.11734052174,"11.3":5.95550495652},"android":{"2.1":0,"2.2":0,"2.3":0,"3":0,"4":0,"4.1":0.0731769391796,"4.2-4.3":0.167771519095,"4.4":0.633605205092,"4.4.3-4.4.4":0.387302336634,"66":null},"op_mob":{"10":null,"11":null,"11.1":null,"11.5":null,"12":null,"12.1":null,"0":null},"ie":{"5.5":0,"6":0,"7":0,"8":0.0486964512821,"9":0.0426093948718,"10":0.0486964512821,"11":1.04697370256},"edge":{"12":0.018168,"13":0.024224,"14":0.072672,"15":0.09084,"16":0.866008,"17":0.187736,"18":null},"samsung":{"4":0.431210666667,"5":0.0420693333333,"6.2":0.694144},"bb":{"7":0.003944,"10":0.015776},"ie_mob":{"10":0.0232488421053,"11":0.197615157895},"and_uc":{"0":0.145928},"op_mini":{"0":0.477942323024},"and_chr":{"0":50.214712},"baidu":{"0":null},"and_ff":{"0":0.082824},"and_qq":{"1.2":null}},"total":98.155014323}