{"id":"MY","name":"Malaysia","month":"2018-05","access_date":"2018-06-04","data":{"chrome":{"4":0,"5":0,"6":0,"7":0,"8":0,"9":0,"10":0,"11":0.00825,"12":0,"13":0,"14":0,"15":0,"16":0,"17":0,"18":0.004125,"19":0,"20":0,"21":0,"22":0.004125,"23":0,"24":0,"25":0,"26":0.004125,"27":0,"28":0,"29":0.004125,"30":0.004125,"31":0.004125,"32":0.004125,"33":0.00825,"34":0.004125,"35":0.004125,"36":0.00825,"37":0.004125,"38":0.012375,"39":0.004125,"40":0.004125,"41":0,"42":0,"43":0.00825,"44":0.012375,"45":0.004125,"46":0.0165,"47":0.004125,"48":0.004125,"49":0.301125,"50":0.00825,"51":0.02475,"52":0.00825,"53":0.00825,"54":0.00825,"55":0.04125,"56":0.02475,"57":0.0165,"58":0.07425,"59":0.028875,"60":0.061875,"61":0.037125,"62":0.070125,"63":0.160875,"64":0.132,"65":0.763125,"66":10.910625,"67":0.086625,"68":0.045375,"69":0},"firefox":{"2":0,"3":0,"3.5":0,"3.6":0,"4":0,"5":0,"6":0,"7":0,"8":0,"9":0,"10":0,"11":0,"12":0,"13":0,"14":0,"15":0,"16":0.004125,"17":0,"18":0,"19":0,"20":0,"21":0,"22":0,"23":0,"24":0,"25":0,"26":0,"27":0,"28":0,"29":0,"30":0,"31":0,"32":0,"33":0,"34":0.004125,"35":0,"36":0,"37":0.004125,"38":0.004125,"39":0.004125,"40":0.004125,"41":0.004125,"42":0,"43":0.00825,"44":0.004125,"45":0.004125,"46":0,"47":0.0165,"48":0.033,"49":0.004125,"50":0.004125,"51":0.004125,"52":0.086625,"53":0.00825,"54":0.00825,"55":0.00825,"56":0.0165,"57":0.02475,"58":0.020625,"59":0.68475,"60":0.53625,"61":0.04125,"62":0},"opera":{"9":0,"9.5-9.6":0,"10.0-10.1":0,"10.5":0,"10.6":0,"11":0,"11.1":0,"11.5":0,"11.6":0,"12":0,"12.1":0.004125,"15":0,"16":0,"17":0,"18":0,"19":0,"20":0.004125,"21":0,"22":0,"23":0,"24":0,"25":0,"26":0,"27":0,"28":0,"29":0,"30":0,"31":0,"32":0.004125,"33":0.00825,"34":0.004125,"35":0.004125,"36":0.004125,"37":0.20625,"38":0,"39":0,"40":0,"41":0,"42":0,"43":0.004125,"44":0,"45":0.004125,"46":0.012375,"47":0,"48":0,"49":0,"50":0,"51":0,"52":0.28875,"53":0.066},"safari":{"3.1":0,"3.2":0,"4":0,"5":0.004125,"5.1":0.00825,"6":0.004125,"6.1":0.004125,"7":0.004125,"7.1":0,"8":0.020625,"9":0.00825,"9.1":0.045375,"10":0.028875,"10.1":0.086625,"11":0.119625,"11.1":0.2805,"0":null},"ios_saf":{"3.2":0.00107090378422,"4.0-4.1":0,"4.2-4.3":0.00214180756844,"5.0-5.1":0.0171344605475,"6.0-6.1":0.0107090378422,"7.0-7.1":0.0449779589372,"8":0.0107090378422,"8.1-8.4":0.0760341686795,"9.0-9.2":0.0599706119163,"9.3":0.37053270934,"10.0-10.2":0.343760114734,"10.3":0.786043377617,"11.0-11.2":2.33885386473,"11.3":6.57856194646},"android":{"2.1":0,"2.2":0,"2.3":0,"3":0,"4":0,"4.1":0.157968882603,"4.2-4.3":0.362172560113,"4.4":1.36777934936,"4.4.3-4.4.4":0.836079207921,"66":null},"op_mob":{"10":null,"11":null,"11.1":null,"11.5":null,"12":null,"12.1":null,"0":null},"ie":{"5.5":0,"6":0.00838636363636,"7":0,"8":0.0377386363636,"9":0.0251590909091,"10":0.0209659090909,"11":0.415125},"edge":{"12":0.004125,"13":0.00825,"14":0.012375,"15":0.0165,"16":0.185625,"17":0.045375,"18":null},"samsung":{"4":1.71139417614,"5":0.256196732955,"6.2":1.53718039773},"bb":{"7":0.00235,"10":0.0094},"ie_mob":{"10":0.0088125,"11":0.0264375},"and_uc":{"0":5.22875},"op_mini":{"0":2.63642139175},"and_chr":{"0":53.318},"baidu":{"0":null},"and_ff":{"0":0.1645},"and_qq":{"1.2":null}},"total":94.7639426986}