{"id":"NA","name":"Namibia","month":"2018-05","access_date":"2018-06-04","data":{"chrome":{"4":0,"5":0,"6":0,"7":0,"8":0,"9":0,"10":0,"11":0.003641,"12":0,"13":0,"14":0,"15":0,"16":0,"17":0,"18":0,"19":0,"20":0,"21":0,"22":0,"23":0,"24":0,"25":0,"26":0.003641,"27":0,"28":0.003641,"29":0.003641,"30":0,"31":0.003641,"32":0.003641,"33":0.003641,"34":0,"35":0.003641,"36":0.003641,"37":0.003641,"38":0.003641,"39":0,"40":0.010923,"41":0,"42":0,"43":0.021846,"44":0,"45":0,"46":0.003641,"47":0.003641,"48":0,"49":0.065538,"50":0.003641,"51":0.021846,"52":0.007282,"53":0.003641,"54":0.007282,"55":0.029128,"56":0.003641,"57":0.014564,"58":0.043692,"59":0.007282,"60":0.069179,"61":0.018205,"62":0.03641,"63":0.058256,"64":0.050974,"65":0.40051,"66":5.916625,"67":0.03641,"68":0.007282,"69":0},"firefox":{"2":0,"3":0,"3.5":0,"3.6":0,"4":0,"5":0,"6":0,"7":0,"8":0,"9":0,"10":0,"11":0,"12":0.007282,"13":0,"14":0,"15":0,"16":0,"17":0,"18":0,"19":0.003641,"20":0,"21":0,"22":0,"23":0,"24":0.003641,"25":0,"26":0,"27":0,"28":0,"29":0,"30":0,"31":0,"32":0.007282,"33":0,"34":0,"35":0.003641,"36":0,"37":0.003641,"38":0.003641,"39":0.003641,"40":0.007282,"41":0.003641,"42":0,"43":0.003641,"44":0,"45":0.003641,"46":0,"47":0.014564,"48":0.029128,"49":0.007282,"50":0.003641,"51":0.003641,"52":0.061897,"53":0.003641,"54":0.007282,"55":0,"56":0.025487,"57":0.010923,"58":0.040051,"59":0.742764,"60":0.662662,"61":0.069179,"62":0},"opera":{"9":0,"9.5-9.6":0,"10.0-10.1":0,"10.5":0,"10.6":0,"11":0,"11.1":0,"11.5":0,"11.6":0,"12":0,"12.1":0.010923,"15":0,"16":0,"17":0,"18":0,"19":0,"20":0.003641,"21":0,"22":0,"23":0,"24":0,"25":0,"26":0,"27":0,"28":0.010923,"29":0.003641,"30":0.003641,"31":0,"32":0.010923,"33":0.018205,"34":0,"35":0.003641,"36":0,"37":0,"38":0,"39":0,"40":0,"41":0,"42":0.003641,"43":0.003641,"44":0,"45":0.014564,"46":0.010923,"47":0,"48":0,"49":0,"50":0.007282,"51":0.018205,"52":0.378664,"53":0.131076},"safari":{"3.1":0,"3.2":0,"4":0,"5":0.003641,"5.1":0.003641,"6":0,"6.1":0,"7":0,"7.1":0.003641,"8":0.003641,"9":0.007282,"9.1":0.014564,"10":0.007282,"10.1":0.047333,"11":0.076461,"11.1":0.240306,"0":null},"ios_saf":{"3.2":0.000491845410628,"4.0-4.1":0,"4.2-4.3":0.000983690821256,"5.0-5.1":0.00786952657005,"6.0-6.1":0.00491845410628,"7.0-7.1":0.0206575072464,"8":0.00491845410628,"8.1-8.4":0.0349210241546,"9.0-9.2":0.0275433429952,"9.3":0.170178512077,"10.0-10.2":0.157882376812,"10.3":0.361014531401,"11.0-11.2":1.07419037681,"11.3":3.02140635749},"android":{"2.1":0,"2.2":0,"2.3":0,"3":0,"4":0,"4.1":0.219609512023,"4.2-4.3":0.503494978784,"4.4":1.90149699434,"4.4.3-4.4.4":1.16232351485,"66":null},"op_mob":{"10":null,"11":null,"11.1":null,"11.5":null,"12":null,"12.1":null,"0":null},"ie":{"5.5":0,"6":0,"7":0,"8":0.040051,"9":0.025487,"10":0.047333,"11":1.103223},"edge":{"12":0.043692,"13":0.061897,"14":0.061897,"15":0.080102,"16":0.608047,"17":0.083743,"18":null},"samsung":{"4":3.11947698497,"5":0.19625848581,"6.2":2.71663061937},"bb":{"7":0.0279796,"10":0.1119184},"ie_mob":{"10":0.133073707317,"11":0.362928292683},"and_uc":{"0":5.379714},"op_mini":{"0":11.8118097216},"and_chr":{"0":45.035119},"baidu":{"0":null},"and_ff":{"0":0.203488},"and_qq":{"1.2":null}},"total":89.5873428118}