{"id":"NC","name":"New Caledonia","month":"2018-05","access_date":"2018-06-04","data":{"chrome":{"4":0,"5":0,"6":0,"7":0,"8":0,"9":0,"10":0,"11":0.007314,"12":0,"13":0,"14":0,"15":0,"16":0,"17":0,"18":0,"19":0,"20":0,"21":0,"22":0,"23":0,"24":0,"25":0,"26":0,"27":0,"28":0,"29":0,"30":0,"31":0,"32":0,"33":0,"34":0,"35":0,"36":0.051198,"37":0,"38":0.10971,"39":0,"40":0.07314,"41":0,"42":0,"43":0.007314,"44":0,"45":0,"46":0,"47":0,"48":0,"49":0.47541,"50":0.124338,"51":0,"52":0,"53":0.007314,"54":0.007314,"55":0.014628,"56":0.07314,"57":0.014628,"58":0.043884,"59":0.007314,"60":0.212106,"61":0.014628,"62":0.160908,"63":0.138966,"64":0.095082,"65":2.113746,"66":21.371508,"67":0.307188,"68":0.007314,"69":0},"firefox":{"2":0,"3":0,"3.5":0.021942,"3.6":0,"4":0.007314,"5":0,"6":0,"7":0,"8":0,"9":0,"10":0.007314,"11":0,"12":0,"13":0,"14":0,"15":0,"16":0,"17":0,"18":0,"19":0,"20":0,"21":0,"22":0,"23":0,"24":0,"25":0,"26":0,"27":0,"28":0.007314,"29":0,"30":0.007314,"31":0.007314,"32":0,"33":0,"34":0,"35":0,"36":0.014628,"37":0,"38":0,"39":0.007314,"40":0.10971,"41":0.021942,"42":0,"43":0.007314,"44":0,"45":0.248676,"46":0,"47":0.014628,"48":0.58512,"49":0.007314,"50":0.007314,"51":0.021942,"52":0.577806,"53":0.014628,"54":0.007314,"55":0.007314,"56":0.065826,"57":0.124338,"58":0.043884,"59":5.149056,"60":4.878438,"61":0.007314,"62":0},"opera":{"9":0,"9.5-9.6":0,"10.0-10.1":0,"10.5":0,"10.6":0,"11":0,"11.1":0,"11.5":0,"11.6":0,"12":0,"12.1":0.03657,"15":0,"16":0,"17":0,"18":0,"19":0,"20":0,"21":0,"22":0,"23":0,"24":0,"25":0,"26":0,"27":0,"28":0,"29":0,"30":0,"31":0,"32":0,"33":0,"34":0,"35":0,"36":0,"37":0,"38":0.021942,"39":0,"40":0,"41":0,"42":0,"43":0,"44":0,"45":0,"46":0,"47":0,"48":0,"49":0,"50":0,"51":0,"52":0.299874,"53":0.07314},"safari":{"3.1":0,"3.2":0,"4":0.10971,"5":0.080454,"5.1":0.03657,"6":0,"6.1":0.021942,"7":0,"7.1":0,"8":0.014628,"9":0.021942,"9.1":0.416898,"10":0.10971,"10.1":0.629004,"11":0.958134,"11.1":2.903658,"0":null},"ios_saf":{"3.2":0.00194125845411,"4.0-4.1":0,"4.2-4.3":0.00388251690821,"5.0-5.1":0.0310601352657,"6.0-6.1":0.0194125845411,"7.0-7.1":0.0815328550725,"8":0.0194125845411,"8.1-8.4":0.137829350242,"9.0-9.2":0.10871047343,"9.3":0.671675425121,"10.0-10.2":0.623143963768,"10.3":1.42488370531,"11.0-11.2":4.23970846377,"11.3":11.9251506836},"android":{"2.1":0,"2.2":0,"2.3":0,"3":0,"4":0,"4.1":0.0844233493635,"4.2-4.3":0.193555971711,"4.4":0.730982659123,"4.4.3-4.4.4":0.446826019802,"66":null},"op_mob":{"10":null,"11":null,"11.1":null,"11.5":null,"12":null,"12.1":null,"0":null},"ie":{"5.5":0,"6":0,"7":0,"8":0.051198,"9":0.021942,"10":0.014628,"11":1.806558},"edge":{"12":0.007314,"13":0.058512,"14":0.190164,"15":0.10971,"16":1.565196,"17":0.263304,"18":null},"samsung":{"4":1.04622509623,"5":0.146246518828,"6.2":1.38371706276},"bb":{"7":0.0005372,"10":0.0021488},"ie_mob":{"10":0.0225624,"11":0.0338436},"and_uc":{"0":0.096696},"op_mini":{"0":0.0203434501718},"and_chr":{"0":25.997304},"baidu":{"0":null},"and_ff":{"0":0.18802},"and_qq":{"1.2":null}},"total":96.922902128}