{"id":"NI","name":"Nicaragua","month":"2018-05","access_date":"2018-06-04","data":{"chrome":{"4":0,"5":0,"6":0,"7":0,"8":0,"9":0,"10":0,"11":0.005273,"12":0,"13":0,"14":0,"15":0,"16":0,"17":0,"18":0,"19":0,"20":0,"21":0.005273,"22":0.005273,"23":0,"24":0,"25":0,"26":0.005273,"27":0,"28":0.005273,"29":0.015819,"30":0.010546,"31":0.010546,"32":0.005273,"33":0,"34":0.005273,"35":0,"36":0.015819,"37":0.026365,"38":0.047457,"39":0.005273,"40":0.005273,"41":0,"42":0,"43":0.010546,"44":0.005273,"45":0.005273,"46":0.021092,"47":0.010546,"48":0.005273,"49":0.184555,"50":0.005273,"51":0.005273,"52":0.015819,"53":0.005273,"54":0.005273,"55":0.015819,"56":0.058003,"57":0.021092,"58":0.068549,"59":0.079095,"60":0.094914,"61":0.058003,"62":0.068549,"63":0.184555,"64":0.15819,"65":1.692633,"66":18.292037,"67":0.121279,"68":0.010546,"69":0},"firefox":{"2":0,"3":0.010546,"3.5":0,"3.6":0.005273,"4":0,"5":0,"6":0,"7":0,"8":0,"9":0,"10":0,"11":0,"12":0,"13":0,"14":0,"15":0,"16":0,"17":0,"18":0,"19":0,"20":0.005273,"21":0,"22":0,"23":0,"24":0,"25":0,"26":0,"27":0,"28":0,"29":0.005273,"30":0,"31":0.005273,"32":0.005273,"33":0,"34":0.010546,"35":0.005273,"36":0,"37":0,"38":0,"39":0,"40":0.005273,"41":0.005273,"42":0,"43":0.026365,"44":0,"45":0.005273,"46":0,"47":0.532573,"48":0.026365,"49":0.010546,"50":0.005273,"51":0.015819,"52":0.110733,"53":0.005273,"54":0.026365,"55":0.005273,"56":0.084368,"57":0.05273,"58":0.021092,"59":1.075692,"60":0.717128,"61":0.005273,"62":0.005273},"opera":{"9":0,"9.5-9.6":0,"10.0-10.1":0,"10.5":0,"10.6":0,"11":0,"11.1":0,"11.5":0,"11.6":0,"12":0,"12.1":0.021092,"15":0,"16":0,"17":0.058003,"18":0,"19":0,"20":0,"21":0,"22":0.015819,"23":0,"24":0,"25":0,"26":0,"27":0,"28":0,"29":0.036911,"30":0,"31":0,"32":0.010546,"33":0.021092,"34":0,"35":0,"36":0.005273,"37":0.015819,"38":0,"39":0,"40":0.005273,"41":0,"42":0,"43":0.005273,"44":0,"45":0.005273,"46":0.005273,"47":0,"48":0,"49":0,"50":0.005273,"51":0,"52":0.348018,"53":0.094914},"safari":{"3.1":0,"3.2":0,"4":0,"5":0,"5.1":0.005273,"6":0,"6.1":0,"7":0,"7.1":0,"8":0,"9":0.073822,"9.1":0.031638,"10":0.05273,"10.1":0.10546,"11":0.21092,"11.1":0.353291,"0":null},"ios_saf":{"3.2":0.000469928240741,"4.0-4.1":0,"4.2-4.3":0.000939856481481,"5.0-5.1":0.00751885185185,"6.0-6.1":0.00469928240741,"7.0-7.1":0.0197369861111,"8":0.00469928240741,"8.1-8.4":0.0333649050926,"9.0-9.2":0.0263159814815,"9.3":0.162595171296,"10.0-10.2":0.150846965278,"10.3":0.344927328704,"11.0-11.2":1.02632327778,"11.3":2.88676918287},"android":{"2.1":0,"2.2":0,"2.3":0,"3":0,"4":0,"4.1":0.154118188119,"4.2-4.3":0.353344138614,"4.4":1.3344379703,"4.4.3-4.4.4":0.81569870297,"66":null},"op_mob":{"10":null,"11":null,"11.1":null,"11.5":null,"12":null,"12.1":null,"0":null},"ie":{"5.5":0,"6":0,"7":0,"8":0.0432128780488,"9":0.0324096585366,"10":0.0270080487805,"11":0.340301414634},"edge":{"12":0.015819,"13":0.026365,"14":0.026365,"15":0.042184,"16":0.31638,"17":0.047457,"18":null},"samsung":{"4":1.12755399267,"5":0.225510798535,"6.2":1.37356577289},"bb":{"7":0.0018908,"10":0.0075632},"ie_mob":{"10":0.104584875,"11":0.174308125},"and_uc":{"0":2.278414},"op_mini":{"0":1.98252166838},"and_chr":{"0":54.388778},"baidu":{"0":null},"and_ff":{"0":0.080359},"and_qq":{"1.2":null}},"total":95.6477762325}