{"id":"NL","name":"Netherlands","month":"2018-05","access_date":"2018-06-04","data":{"chrome":{"4":0,"5":0,"6":0,"7":0,"8":0,"9":0,"10":0,"11":0.006675,"12":0,"13":0,"14":0,"15":0,"16":0,"17":0,"18":0.020025,"19":0,"20":0,"21":0,"22":0.006675,"23":0,"24":0.046725,"25":0,"26":0,"27":0,"28":0.006675,"29":0.0267,"30":0.0267,"31":0,"32":0.006675,"33":0,"34":0.01335,"35":0.046725,"36":0,"37":0.006675,"38":0.020025,"39":0.006675,"40":0.006675,"41":0.01335,"42":0.020025,"43":0.006675,"44":0,"45":0.006675,"46":0.01335,"47":0.006675,"48":0.0267,"49":0.267,"50":0.006675,"51":0.033375,"52":0.01335,"53":0.01335,"54":0.033375,"55":0.04005,"56":0.046725,"57":0.04005,"58":0.0801,"59":0.0534,"60":0.073425,"61":0.06675,"62":0.09345,"63":0.180225,"64":0.2403,"65":2.0826,"66":22.2678,"67":0.1335,"68":0.01335,"69":0},"firefox":{"2":0.020025,"3":0,"3.5":0,"3.6":0,"4":0,"5":0,"6":0,"7":0,"8":0,"9":0,"10":0,"11":0,"12":0,"13":0,"14":0,"15":0.0267,"16":0,"17":0,"18":0,"19":0,"20":0,"21":0,"22":0,"23":0.0267,"24":0,"25":0,"26":0,"27":0,"28":0,"29":0.006675,"30":0,"31":0.006675,"32":0,"33":0,"34":0,"35":0,"36":0.006675,"37":0.006675,"38":0.01335,"39":0.006675,"40":0.006675,"41":0,"42":0.006675,"43":0.006675,"44":0.006675,"45":0.020025,"46":0,"47":0.020025,"48":0.06675,"49":0.006675,"50":0.01335,"51":0.006675,"52":0.60075,"53":0.020025,"54":0.020025,"55":0.020025,"56":0.0534,"57":0.046725,"58":0.046725,"59":1.782225,"60":1.595325,"61":0.0267,"62":0},"opera":{"9":0,"9.5-9.6":0,"10.0-10.1":0.020025,"10.5":0,"10.6":0,"11":0,"11.1":0,"11.5":0,"11.6":0,"12":0,"12.1":0.006675,"15":0,"16":0,"17":0,"18":0,"19":0,"20":0,"21":0,"22":0,"23":0,"24":0,"25":0,"26":0,"27":0,"28":0,"29":0,"30":0,"31":0,"32":0,"33":0.006675,"34":0,"35":0,"36":0.006675,"37":0.006675,"38":0,"39":0,"40":0,"41":0,"42":0,"43":0,"44":0,"45":0.006675,"46":0.006675,"47":0,"48":0,"49":0.006675,"50":0.006675,"51":0.006675,"52":0.3471,"53":0.09345},"safari":{"3.1":0,"3.2":0,"4":0,"5":0.006675,"5.1":0.020025,"6":0,"6.1":0.01335,"7":0,"7.1":0,"8":0.0267,"9":0.033375,"9.1":0.14685,"10":0.086775,"10.1":0.30705,"11":0.60075,"11.1":1.969125,"0":null},"ios_saf":{"3.2":0.00254492753623,"4.0-4.1":0,"4.2-4.3":0.00508985507246,"5.0-5.1":0.0407188405797,"6.0-6.1":0.0254492753623,"7.0-7.1":0.106886956522,"8":0.0254492753623,"8.1-8.4":0.180689855072,"9.0-9.2":0.142515942029,"9.3":0.880544927536,"10.0-10.2":0.81692173913,"10.3":1.86797681159,"11.0-11.2":5.55812173913,"11.3":15.6334898551},"android":{"2.1":0,"2.2":0,"2.3":0,"3":0,"4":0,"4.1":0.0405781117397,"4.2-4.3":0.0930327439887,"4.4":0.351347065064,"4.4.3-4.4.4":0.214767079208,"66":null},"op_mob":{"10":null,"11":null,"11.1":null,"11.5":null,"12":null,"12.1":null,"0":null},"ie":{"5.5":0,"6":0.00669909747292,"7":0.00669909747292,"8":0.0401945848375,"9":0.147380144404,"10":0.0535927797834,"11":3.45673429603},"edge":{"12":0.01335,"13":0.020025,"14":0.086775,"15":0.12015,"16":2.102625,"17":0.5073,"18":null},"samsung":{"4":0.358498060345,"5":0.108635775862,"6.2":2.70503081897},"bb":{"7":0.001995,"10":0.00798},"ie_mob":{"10":0.0114527777778,"11":0.0916222222222},"and_uc":{"0":0.275975},"op_mini":{"0":0.160542654639},"and_chr":{"0":24.85095},"baidu":{"0":null},"and_ff":{"0":0.2261},"and_qq":{"1.2":null}},"total":95.6893073098}