{"id":"NO","name":"Norway","month":"2018-05","access_date":"2018-06-04","data":{"chrome":{"4":0,"5":0,"6":0,"7":0,"8":0,"9":0,"10":0,"11":0,"12":0,"13":0,"14":0,"15":0,"16":0,"17":0,"18":0,"19":0,"20":0,"21":0,"22":0,"23":0,"24":0,"25":0,"26":0,"27":0,"28":0,"29":0.019746,"30":0.006582,"31":0.006582,"32":0,"33":0.006582,"34":0.013164,"35":0,"36":0.006582,"37":0.013164,"38":0.019746,"39":0,"40":0.006582,"41":0.006582,"42":0.019746,"43":0.006582,"44":0.006582,"45":0.006582,"46":0.006582,"47":0.006582,"48":0.006582,"49":0.236952,"50":0.013164,"51":0.019746,"52":0.006582,"53":0.006582,"54":0.013164,"55":0.026328,"56":0.026328,"57":0.019746,"58":0.03291,"59":0.39492,"60":0.09873,"61":0.243534,"62":0.09873,"63":0.157968,"64":0.381756,"65":2.553816,"66":17.988606,"67":0.09873,"68":0.013164,"69":0},"firefox":{"2":0,"3":0,"3.5":0,"3.6":0.072402,"4":0.006582,"5":0,"6":0,"7":0,"8":0,"9":0,"10":0,"11":0,"12":0,"13":0,"14":0,"15":0,"16":0,"17":0,"18":0,"19":0,"20":0,"21":0,"22":0,"23":0,"24":0,"25":0,"26":0,"27":0,"28":0,"29":0.006582,"30":0.006582,"31":0,"32":0,"33":0,"34":0.006582,"35":0,"36":0,"37":0,"38":0.006582,"39":0,"40":0,"41":0,"42":0,"43":0.006582,"44":0,"45":0.013164,"46":0,"47":0.006582,"48":0.039492,"49":0,"50":0.006582,"51":0,"52":0.19746,"53":0.006582,"54":0.013164,"55":0.059238,"56":0.026328,"57":0.039492,"58":0.039492,"59":1.336146,"60":0.974136,"61":0.013164,"62":0},"opera":{"9":0,"9.5-9.6":0,"10.0-10.1":0,"10.5":0,"10.6":0,"11":0,"11.1":0,"11.5":0,"11.6":0,"12":0,"12.1":0.013164,"15":0,"16":0,"17":0,"18":0,"19":0,"20":0,"21":0,"22":0,"23":0,"24":0,"25":0,"26":0,"27":0,"28":0,"29":0,"30":0,"31":0,"32":0,"33":0.006582,"34":0,"35":0.006582,"36":0.013164,"37":0,"38":0,"39":0,"40":0,"41":0,"42":0,"43":0,"44":0,"45":0,"46":0.006582,"47":0,"48":0,"49":0,"50":0,"51":0.006582,"52":0.881988,"53":0.138222},"safari":{"3.1":0,"3.2":0,"4":0,"5":0.006582,"5.1":0.006582,"6":0,"6.1":0.006582,"7":0.006582,"7.1":0,"8":0.019746,"9":0.019746,"9.1":0.177714,"10":0.092148,"10.1":0.381756,"11":0.519978,"11.1":1.770558,"0":null},"ios_saf":{"3.2":0.00333950060386,"4.0-4.1":0,"4.2-4.3":0.00667900120773,"5.0-5.1":0.0534320096618,"6.0-6.1":0.0333950060386,"7.0-7.1":0.140259025362,"8":0.0333950060386,"8.1-8.4":0.237104542874,"9.0-9.2":0.187012033816,"9.3":1.15546720894,"10.0-10.2":1.07197969384,"10.3":2.45119344324,"11.0-11.2":7.29346931884,"11.3":20.5145522095},"android":{"2.1":0,"2.2":0,"2.3":0,"3":0,"4":0,"4.1":0.01629654314,"4.2-4.3":0.0373628062235,"4.4":0.141104214993,"4.4.3-4.4.4":0.0862524356436,"66":null},"op_mob":{"10":null,"11":null,"11.1":null,"11.5":null,"12":null,"12.1":null,"0":null},"ie":{"5.5":0,"6":0,"7":0,"8":0.013164,"9":0.052656,"10":0.026328,"11":8.016876},"edge":{"12":0.006582,"13":0.026328,"14":0.171132,"15":0.177714,"16":1.573098,"17":0.506814,"18":null},"samsung":{"4":0.206655583643,"5":0.0870128773234,"6.2":2.0448026171},"bb":{"7":0.0006836,"10":0.0027344},"ie_mob":{"10":0,"11":0.05127},"and_uc":{"0":0.05127},"op_mini":{"0":0.326830099656},"and_chr":{"0":20.421234},"baidu":{"0":null},"and_ff":{"0":0.164064},"and_qq":{"1.2":null}},"total":96.9493051777}