{"id":"NP","name":"Nepal","month":"2018-05","access_date":"2018-06-04","data":{"chrome":{"4":0,"5":0,"6":0,"7":0,"8":0,"9":0,"10":0,"11":0.003736,"12":0.003736,"13":0,"14":0,"15":0,"16":0,"17":0.003736,"18":0,"19":0.003736,"20":0,"21":0,"22":0.003736,"23":0,"24":0.003736,"25":0.011208,"26":0.003736,"27":0,"28":0.003736,"29":0.026152,"30":0.011208,"31":0.014944,"32":0.041096,"33":0.022416,"34":0.003736,"35":0,"36":0.003736,"37":0,"38":0.003736,"39":0,"40":0.003736,"41":0,"42":0,"43":0.01868,"44":0,"45":0,"46":0.003736,"47":0.003736,"48":0,"49":0.100872,"50":0,"51":0.003736,"52":0.003736,"53":0.003736,"54":0.003736,"55":0.007472,"56":0.011208,"57":0.007472,"58":0.044832,"59":0.011208,"60":0.089664,"61":0.014944,"62":0.03736,"63":0.052304,"64":0.052304,"65":0.440848,"66":9.138256,"67":0.108344,"68":0.104608,"69":0},"firefox":{"2":0,"3":0.003736,"3.5":0,"3.6":0,"4":0,"5":0,"6":0,"7":0,"8":0,"9":0,"10":0,"11":0,"12":0,"13":0.003736,"14":0,"15":0,"16":0.003736,"17":0,"18":0,"19":0,"20":0,"21":0,"22":0,"23":0,"24":0,"25":0,"26":0,"27":0,"28":0,"29":0,"30":0,"31":0.003736,"32":0.003736,"33":0.003736,"34":0.003736,"35":0.003736,"36":0,"37":0.003736,"38":0.003736,"39":0.003736,"40":0.003736,"41":0.003736,"42":0.003736,"43":0.01868,"44":0.007472,"45":0.003736,"46":0.003736,"47":0.026152,"48":0.014944,"49":0.003736,"50":0.003736,"51":0.003736,"52":0.097136,"53":0.003736,"54":0.007472,"55":0.003736,"56":0.052304,"57":0.01868,"58":0.01868,"59":0.698632,"60":0.739728,"61":0.134496,"62":0.003736},"opera":{"9":0,"9.5-9.6":0,"10.0-10.1":0,"10.5":0,"10.6":0,"11":0,"11.1":0,"11.5":0,"11.6":0,"12":0,"12.1":0.03736,"15":0,"16":0,"17":0,"18":0.003736,"19":0,"20":0,"21":0.003736,"22":0.003736,"23":0,"24":0,"25":0,"26":0,"27":0,"28":0.003736,"29":0,"30":0.003736,"31":0,"32":0.003736,"33":0.014944,"34":0,"35":0.003736,"36":0.003736,"37":0.03736,"38":0,"39":0,"40":0,"41":0,"42":0.003736,"43":0.003736,"44":0,"45":0.003736,"46":0.007472,"47":0,"48":0,"49":0,"50":0.003736,"51":0.003736,"52":0.295144,"53":0.0934},"safari":{"3.1":0,"3.2":0,"4":0,"5":0,"5.1":0,"6":0,"6.1":0,"7":0,"7.1":0,"8":0.003736,"9":0.003736,"9.1":0.011208,"10":0.011208,"10.1":0.01868,"11":0.029888,"11.1":0.108344,"0":null},"ios_saf":{"3.2":0.00052598389694,"4.0-4.1":0,"4.2-4.3":0.00105196779388,"5.0-5.1":0.00841574235105,"6.0-6.1":0.0052598389694,"7.0-7.1":0.0220913236715,"8":0.0052598389694,"8.1-8.4":0.0373448566828,"9.0-9.2":0.0294550982287,"9.3":0.181990428341,"10.0-10.2":0.168840830918,"10.3":0.386072180354,"11.0-11.2":1.14874883092,"11.3":3.2311190789},"android":{"2.1":0,"2.2":0,"2.3":0,"3":0,"4":0,"4.1":0.147713663366,"4.2-4.3":0.338660594059,"4.4":1.27898415842,"4.4.3-4.4.4":0.781801584158,"66":null},"op_mob":{"10":null,"11":null,"11.1":null,"11.5":null,"12":null,"12.1":null,"0":null},"ie":{"5.5":0,"6":0,"7":0,"8":0.0231165,"9":0.00385275,"10":0.01155825,"11":0.0847605},"edge":{"12":0.014944,"13":0.011208,"14":0.014944,"15":0.01868,"16":0.14944,"17":0.033624,"18":null},"samsung":{"4":0.905931,"5":0.081432,"6.2":0.773604},"bb":{"7":0.0037584,"10":0.0150336},"ie_mob":{"10":0.043848,"11":0.087696},"and_uc":{"0":6.38928},"op_mini":{"0":7.21723657732},"and_chr":{"0":56.582304},"baidu":{"0":null},"and_ff":{"0":0.081432},"and_qq":{"1.2":null}},"total":93.3932835773}