{"id":"NR","name":"Nauru","month":"2018-05","access_date":"2018-06-04","data":{"chrome":{"4":0,"5":0,"6":0,"7":0,"8":0,"9":0,"10":0,"11":0.009812,"12":0,"13":0,"14":0,"15":0,"16":0,"17":0,"18":0,"19":0,"20":0,"21":0,"22":0,"23":0,"24":0,"25":0,"26":0,"27":0,"28":0,"29":0,"30":0,"31":0,"32":0,"33":0,"34":0,"35":0,"36":0,"37":0,"38":0,"39":0,"40":0.009812,"41":0,"42":0,"43":0,"44":0,"45":0,"46":0,"47":0,"48":0,"49":0.019624,"50":0,"51":0,"52":0,"53":0,"54":0,"55":0,"56":0,"57":0,"58":0,"59":0,"60":0,"61":0,"62":0,"63":0,"64":0,"65":0.088308,"66":1.599356,"67":0,"68":0,"69":0},"firefox":{"2":0,"3":0,"3.5":0,"3.6":0,"4":0,"5":0,"6":0,"7":0,"8":0,"9":0,"10":0,"11":0,"12":0,"13":0,"14":2.315632,"15":0,"16":0,"17":0,"18":0,"19":0,"20":0,"21":0,"22":0,"23":0,"24":0,"25":0,"26":0,"27":0,"28":0,"29":0,"30":0.088308,"31":0,"32":0,"33":0,"34":0,"35":0.029436,"36":0,"37":0,"38":0,"39":0,"40":0,"41":0,"42":0,"43":0.009812,"44":0,"45":0,"46":0,"47":0,"48":0,"49":0,"50":0,"51":0,"52":0,"53":0,"54":0,"55":0,"56":0,"57":0,"58":0,"59":0.63778,"60":0.794772,"61":0,"62":0},"opera":{"9":0,"9.5-9.6":0,"10.0-10.1":0,"10.5":0,"10.6":0,"11":0,"11.1":0,"11.5":0,"11.6":0,"12":0,"12.1":0,"15":0,"16":0,"17":0,"18":0,"19":0,"20":0,"21":0,"22":0,"23":0,"24":0,"25":0,"26":0,"27":0,"28":0,"29":0,"30":0,"31":0,"32":0,"33":0,"34":0,"35":0,"36":0,"37":0,"38":0,"39":0,"40":0,"41":0,"42":0,"43":0,"44":0,"45":0,"46":0,"47":0,"48":0,"49":0,"50":0,"51":0,"52":0,"53":0},"safari":{"3.1":0,"3.2":0,"4":0,"5":0,"5.1":0,"6":0,"6.1":0,"7":0,"7.1":0,"8":0,"9":0,"9.1":0,"10":0,"10.1":0,"11":0.019624,"11.1":0.019624,"0":null},"ios_saf":{"3.2":3.13417874396e-5,"4.0-4.1":0,"4.2-4.3":6.26835748792e-5,"5.0-5.1":0.000501468599034,"6.0-6.1":0.000313417874396,"7.0-7.1":0.00131635507246,"8":0.000313417874396,"8.1-8.4":0.00222526690821,"9.0-9.2":0.00175514009662,"9.3":0.0108442584541,"10.0-10.2":0.0100607137681,"10.3":0.0230048719807,"11.0-11.2":0.0684504637681,"11.3":0.192532600242},"android":{"2.1":0,"2.2":0,"2.3":0,"3":0,"4":0,"4.1":0.00179216973126,"4.2-4.3":0.00410887694484,"4.4":0.0155175671853,"4.4.3-4.4.4":0.00948538613861,"66":null},"op_mob":{"10":null,"11":null,"11.1":null,"11.5":null,"12":null,"12.1":null,"0":null},"ie":{"5.5":0,"6":0,"7":0,"8":6.348364,"9":2.070332,"10":3.797244,"11":78.025024},"edge":{"12":0,"13":0,"14":0,"15":0.039248,"16":0.235488,"17":0,"18":null},"samsung":{"4":0.032712,"5":0,"6.2":0.010904},"bb":{"7":0,"10":0},"ie_mob":{"10":0,"11":0},"and_uc":{"0":0.134796},"op_mini":{"0":0.0558876838488},"and_chr":{"0":2.965648},"baidu":{"0":null},"and_ff":{"0":0},"and_qq":{"1.2":null}},"total":99.6998636838}