{"id":"NU","name":"Niue","month":"2018-05","access_date":"2018-06-04","data":{"chrome":{"4":0,"5":0,"6":0,"7":0,"8":0,"9":0,"10":0,"11":0,"12":0,"13":0,"14":0,"15":0,"16":0,"17":0,"18":0,"19":0,"20":0,"21":0,"22":0,"23":0,"24":0,"25":0,"26":0,"27":0,"28":0,"29":0.155896,"30":0,"31":0,"32":0,"33":0,"34":0,"35":0,"36":0,"37":0,"38":0,"39":0,"40":0,"41":0,"42":0,"43":0,"44":0,"45":0,"46":0,"47":0,"48":0,"49":0,"50":0,"51":0,"52":0,"53":0,"54":0,"55":0,"56":0,"57":0,"58":0,"59":0,"60":0,"61":0,"62":0.155896,"63":0.035976,"64":1.391072,"65":2.860092,"66":13.61092,"67":0.035976,"68":0,"69":0},"firefox":{"2":0,"3":0,"3.5":0,"3.6":0,"4":0,"5":0,"6":0,"7":0,"8":0,"9":0,"10":0,"11":0,"12":0,"13":0,"14":0,"15":0,"16":0,"17":0.233844,"18":0,"19":0,"20":0,"21":0.035976,"22":0,"23":0,"24":0,"25":0,"26":0,"27":0,"28":0,"29":0.035976,"30":0,"31":0,"32":0,"33":0,"34":0,"35":0,"36":0,"37":0,"38":0,"39":0,"40":0,"41":0,"42":0,"43":0,"44":0,"45":0,"46":0,"47":0,"48":0,"49":0,"50":0.155896,"51":0,"52":0.077948,"53":0,"54":0,"55":0,"56":0.26982,"57":0,"58":0.035976,"59":0.347768,"60":3.285808,"61":0.113924,"62":0},"opera":{"9":0,"9.5-9.6":0,"10.0-10.1":0,"10.5":0,"10.6":0,"11":0,"11.1":0,"11.5":0,"11.6":0,"12":0,"12.1":0,"15":0,"16":0,"17":0,"18":0,"19":0,"20":0,"21":0,"22":0,"23":0,"24":0,"25":0,"26":0,"27":0,"28":0,"29":0,"30":0,"31":0,"32":0,"33":0,"34":0,"35":0,"36":0,"37":0,"38":0,"39":0,"40":0,"41":0,"42":0,"43":0,"44":0,"45":0,"46":0,"47":0,"48":0,"49":0,"50":0,"51":0,"52":0,"53":0},"safari":{"3.1":0,"3.2":0,"4":0,"5":0,"5.1":0,"6":0,"6.1":0,"7":0,"7.1":0,"8":0,"9":0,"9.1":0.347768,"10":0,"10.1":0.737508,"11":4.173216,"11.1":0.035976,"0":null},"ios_saf":{"3.2":0.00067425,"4.0-4.1":0,"4.2-4.3":0.0013485,"5.0-5.1":0.010788,"6.0-6.1":0.0067425,"7.0-7.1":0.0283185,"8":0.0067425,"8.1-8.4":0.04787175,"9.0-9.2":0.037758,"9.3":0.2332905,"10.0-10.2":0.21643425,"10.3":0.4948995,"11.0-11.2":1.472562,"11.3":4.14191775},"android":{"2.1":0,"2.2":0,"2.3":0,"3":0,"4":0,"4.1":0.309359671853,"4.2-4.3":0.709263637907,"4.4":2.67860203678,"4.4.3-4.4.4":1.63734265347,"66":null},"op_mob":{"10":null,"11":null,"11.1":null,"11.5":null,"12":null,"12.1":null,"0":null},"ie":{"5.5":0,"6":0,"7":0,"8":0,"9":0,"10":0,"11":1.007328},"edge":{"12":0,"13":0.077948,"14":0.155896,"15":0.077948,"16":0.80946,"17":0.155896,"18":null},"samsung":{"4":2.45700307173,"5":0.0695378227848,"6.2":0.220203105485},"bb":{"7":0,"10":0},"ie_mob":{"10":0,"11":0},"and_uc":{"0":0.52052},"op_mini":{"0":0},"and_chr":{"0":51.458748},"baidu":{"0":null},"and_ff":{"0":0},"and_qq":{"1.2":null}},"total":97.177636}