{"id":"OM","name":"Oman","month":"2018-05","access_date":"2018-06-04","data":{"chrome":{"4":0,"5":0,"6":0,"7":0,"8":0,"9":0,"10":0,"11":0.01148,"12":0,"13":0,"14":0,"15":0,"16":0,"17":0,"18":0,"19":0,"20":0,"21":0,"22":0.00287,"23":0,"24":0,"25":0.00287,"26":0.00287,"27":0.00287,"28":0,"29":0.00574,"30":0.00574,"31":0.00287,"32":0.00287,"33":0.00287,"34":0.00574,"35":0,"36":0.00287,"37":0,"38":0.00861,"39":0.00287,"40":0.00287,"41":0,"42":0,"43":0.01435,"44":0.00287,"45":0.00287,"46":0.00287,"47":0,"48":0,"49":0.10045,"50":0.00287,"51":0,"52":0.00287,"53":0.00287,"54":0.00287,"55":0.00861,"56":0.00574,"57":0.00861,"58":0.02583,"59":0.00574,"60":0.0287,"61":0.00574,"62":0.01148,"63":0.03444,"64":0.03731,"65":0.32431,"66":4.81873,"67":0.04305,"68":0.02009,"69":0},"firefox":{"2":0,"3":0,"3.5":0,"3.6":0.00287,"4":0,"5":0,"6":0,"7":0,"8":0,"9":0,"10":0,"11":0,"12":0.00287,"13":0,"14":0,"15":0,"16":0,"17":0,"18":0.00287,"19":0,"20":0,"21":0,"22":0,"23":0,"24":0,"25":0,"26":0,"27":0,"28":0,"29":0,"30":0,"31":0,"32":0,"33":0,"34":0,"35":0,"36":0,"37":0.00287,"38":0,"39":0,"40":0.00287,"41":0,"42":0,"43":0.00287,"44":0,"45":0,"46":0.00287,"47":0.00861,"48":0.00861,"49":0,"50":0.00287,"51":0.00287,"52":0.02009,"53":0.00287,"54":0.00287,"55":0,"56":0.00287,"57":0.00861,"58":0.00287,"59":0.25543,"60":0.19803,"61":0.01435,"62":0},"opera":{"9":0,"9.5-9.6":0,"10.0-10.1":0,"10.5":0,"10.6":0,"11":0,"11.1":0,"11.5":0,"11.6":0,"12":0,"12.1":0,"15":0,"16":0,"17":0,"18":0,"19":0,"20":0,"21":0,"22":0.00287,"23":0,"24":0,"25":0,"26":0,"27":0,"28":0.00287,"29":0,"30":0,"31":0,"32":0,"33":0,"34":0,"35":0,"36":0,"37":0.00861,"38":0,"39":0,"40":0.00287,"41":0,"42":0,"43":0.00287,"44":0,"45":0.00287,"46":0.00861,"47":0,"48":0,"49":0,"50":0,"51":0,"52":0.0861,"53":0.01722},"safari":{"3.1":0,"3.2":0,"4":0,"5":0,"5.1":0.04018,"6":0,"6.1":0,"7":0.00287,"7.1":0,"8":0.01148,"9":0.00574,"9.1":0.04305,"10":0.0287,"10.1":0.09184,"11":0.07462,"11.1":0.27839,"0":null},"ios_saf":{"3.2":0.000983522544283,"4.0-4.1":0,"4.2-4.3":0.00196704508857,"5.0-5.1":0.0157363607085,"6.0-6.1":0.00983522544283,"7.0-7.1":0.0413079468599,"8":0.00983522544283,"8.1-8.4":0.0698301006441,"9.0-9.2":0.0550772624799,"9.3":0.340298800322,"10.0-10.2":0.315710736715,"10.3":0.721905547504,"11.0-11.2":2.14801323671,"11.3":6.04177898953},"android":{"2.1":0,"2.2":0,"2.3":0,"3":0,"4":0,"4.1":0.152228882603,"4.2-4.3":0.349012560113,"4.4":1.31807934936,"4.4.3-4.4.4":0.805699207921,"66":null},"op_mob":{"10":null,"11":null,"11.1":null,"11.5":null,"12":null,"12.1":null,"0":null},"ie":{"5.5":0,"6":0,"7":0,"8":0.02583,"9":0.02583,"10":0.03157,"11":0.67732},"edge":{"12":0.00861,"13":0.02296,"14":0.04018,"15":0.04018,"16":0.2583,"17":0.04305,"18":null},"samsung":{"4":3.35848464286,"5":0.519038535714,"6.2":4.1726627381},"bb":{"7":0.004278,"10":0.017112},"ie_mob":{"10":0.010695,"11":0.074865},"and_uc":{"0":1.82528},"op_mini":{"0":0.391512955326},"and_chr":{"0":65.01708},"baidu":{"0":null},"and_ff":{"0":0.12121},"and_qq":{"1.2":null}},"total":95.925428872}