{"id":"PA","name":"Panama","month":"2018-05","access_date":"2018-06-04","data":{"chrome":{"4":0,"5":0,"6":0,"7":0,"8":0,"9":0,"10":0,"11":0.005791,"12":0,"13":0,"14":0,"15":0,"16":0,"17":0,"18":0,"19":0,"20":0,"21":0,"22":0.005791,"23":0,"24":0,"25":0,"26":0.011582,"27":0,"28":0,"29":0.017373,"30":0.005791,"31":0.011582,"32":0.005791,"33":0.005791,"34":0.005791,"35":0.005791,"36":0.011582,"37":0,"38":0.017373,"39":0,"40":0.005791,"41":0,"42":0,"43":0.011582,"44":0.011582,"45":0.005791,"46":0.017373,"47":0.017373,"48":0.005791,"49":0.5791,"50":0.011582,"51":0.017373,"52":0.005791,"53":0.011582,"54":0.063701,"55":0.034746,"56":0.034746,"57":0.063701,"58":0.11582,"59":0.046328,"60":0.069492,"61":0.092656,"62":0.081074,"63":0.185312,"64":0.196894,"65":1.262438,"66":21.113986,"67":0.185312,"68":0.005791,"69":0},"firefox":{"2":0,"3":0,"3.5":0.005791,"3.6":0,"4":0,"5":0,"6":0,"7":0,"8":0,"9":0,"10":0,"11":0,"12":0,"13":0,"14":0,"15":0,"16":0.005791,"17":0,"18":0,"19":0,"20":0,"21":0,"22":0,"23":0,"24":0,"25":0,"26":0,"27":0,"28":0,"29":0,"30":0,"31":0,"32":0,"33":0,"34":0,"35":0,"36":0,"37":0,"38":0.005791,"39":0,"40":0,"41":0,"42":0.005791,"43":0.005791,"44":0,"45":0.017373,"46":0,"47":0.011582,"48":0.046328,"49":0.005791,"50":0.005791,"51":0.023164,"52":0.416952,"53":0.017373,"54":0.034746,"55":0.005791,"56":0.034746,"57":0.040537,"58":0.034746,"59":0.978679,"60":0.86865,"61":0.017373,"62":0.005791},"opera":{"9":0,"9.5-9.6":0,"10.0-10.1":0,"10.5":0,"10.6":0,"11":0,"11.1":0,"11.5":0,"11.6":0,"12":0,"12.1":0.005791,"15":0,"16":0,"17":0.005791,"18":0,"19":0,"20":0,"21":0,"22":0.005791,"23":0,"24":0,"25":0,"26":0,"27":0,"28":0,"29":0,"30":0,"31":0,"32":0,"33":0.011582,"34":0,"35":0,"36":0.005791,"37":0,"38":0,"39":0,"40":0,"41":0,"42":0.110029,"43":0,"44":0,"45":0,"46":0,"47":0,"48":0,"49":0,"50":0.011582,"51":0.005791,"52":0.283759,"53":0.086865},"safari":{"3.1":0,"3.2":0,"4":0,"5":0,"5.1":0.081074,"6":0,"6.1":0.005791,"7":0,"7.1":0,"8":0.040537,"9":0.046328,"9.1":0.167939,"10":0.081074,"10.1":0.312714,"11":0.364833,"11.1":1.227692,"0":null},"ios_saf":{"3.2":0.000821131944444,"4.0-4.1":0,"4.2-4.3":0.00164226388889,"5.0-5.1":0.0131381111111,"6.0-6.1":0.00821131944444,"7.0-7.1":0.0344875416667,"8":0.00821131944444,"8.1-8.4":0.0583003680556,"9.0-9.2":0.0459833888889,"9.3":0.284111652778,"10.0-10.2":0.263583354167,"10.3":0.602710847222,"11.0-11.2":1.79335216667,"11.3":5.04421353472},"android":{"2.1":0,"2.2":0,"2.3":0,"3":0,"4":0,"4.1":0.0857895714286,"4.2-4.3":0.196688285714,"4.4":0.742812142857,"4.4.3-4.4.4":0.454057,"66":null},"op_mob":{"10":null,"11":null,"11.1":null,"11.5":null,"12":null,"12.1":null,"0":null},"ie":{"5.5":0,"6":0,"7":0,"8":0.0523334814815,"9":0.0290741563786,"10":0.0290741563786,"11":1.29670737449},"edge":{"12":0.017373,"13":0.028955,"14":0.069492,"15":0.34746,"16":0.735457,"17":0.138984,"18":null},"samsung":{"4":0.994806042254,"5":0.194858915493,"6.2":2.3588184507},"bb":{"7":0.0033672,"10":0.0134688},"ie_mob":{"10":0.0105225,"11":0.1367925},"and_uc":{"0":0.180987},"op_mini":{"0":0.565842917526},"and_chr":{"0":50.037481},"baidu":{"0":null},"and_ff":{"0":0.180987},"and_qq":{"1.2":null}},"total":96.8788154947}