{"id":"PE","name":"Peru","month":"2018-05","access_date":"2018-06-04","data":{"chrome":{"4":0,"5":0,"6":0,"7":0,"8":0,"9":0,"10":0,"11":0.007404,"12":0,"13":0,"14":0,"15":0,"16":0,"17":0,"18":0.007404,"19":0,"20":0,"21":0,"22":0.029616,"23":0,"24":0.007404,"25":0.007404,"26":0.022212,"27":0,"28":0,"29":0.03702,"30":0,"31":0.007404,"32":0,"33":0.022212,"34":0.029616,"35":0.007404,"36":0.007404,"37":0.007404,"38":0.140676,"39":0.051828,"40":0.007404,"41":0,"42":0.007404,"43":0.022212,"44":0.014808,"45":0.007404,"46":0.022212,"47":0.014808,"48":0.007404,"49":0.81444,"50":0.022212,"51":0.044424,"52":0.029616,"53":0.022212,"54":0.044424,"55":0.059232,"56":0.088848,"57":0.066636,"58":0.22212,"59":0.11106,"60":0.155484,"61":0.170292,"62":0.199908,"63":0.473856,"64":0.473856,"65":2.310048,"66":41.965872,"67":0.310968,"68":0.022212,"69":0},"firefox":{"2":0,"3":0.007404,"3.5":0,"3.6":0,"4":0,"5":0,"6":0,"7":0,"8":0,"9":0,"10":0,"11":0,"12":0,"13":0,"14":0,"15":0,"16":0,"17":0,"18":0,"19":0,"20":0,"21":0,"22":0,"23":0,"24":0,"25":0,"26":0,"27":0,"28":0.007404,"29":0,"30":0,"31":0,"32":0,"33":0,"34":0.007404,"35":0,"36":0.007404,"37":0,"38":0,"39":0,"40":0.007404,"41":0.014808,"42":0,"43":0.014808,"44":0,"45":0.007404,"46":0,"47":0.03702,"48":0.044424,"49":0.007404,"50":0.007404,"51":0.007404,"52":0.118464,"53":0.014808,"54":0.022212,"55":0.014808,"56":0.044424,"57":0.051828,"58":0.03702,"59":1.058772,"60":0.770016,"61":0.014808,"62":0},"opera":{"9":0,"9.5-9.6":0,"10.0-10.1":0,"10.5":0,"10.6":0,"11":0,"11.1":0,"11.5":0,"11.6":0,"12":0,"12.1":0.007404,"15":0,"16":0,"17":0,"18":0,"19":0,"20":0,"21":0,"22":0,"23":0,"24":0,"25":0,"26":0,"27":0,"28":0,"29":0,"30":0,"31":0,"32":0,"33":0.007404,"34":0,"35":0,"36":0.007404,"37":0,"38":0,"39":0,"40":0,"41":0,"42":0,"43":0,"44":0,"45":0,"46":0.007404,"47":0.007404,"48":0.007404,"49":0.007404,"50":0.007404,"51":0.014808,"52":0.488664,"53":0.133272},"safari":{"3.1":0,"3.2":0,"4":0,"5":0,"5.1":0,"6":0,"6.1":0.007404,"7":0,"7.1":0,"8":0.081444,"9":0.051828,"9.1":0.07404,"10":0.044424,"10.1":0.133272,"11":0.214716,"11.1":0.5553,"0":null},"ios_saf":{"3.2":0.000354492753623,"4.0-4.1":0,"4.2-4.3":0.000708985507246,"5.0-5.1":0.00567188405797,"6.0-6.1":0.00354492753623,"7.0-7.1":0.0148886956522,"8":0.00354492753623,"8.1-8.4":0.0251689855072,"9.0-9.2":0.0198515942029,"9.3":0.122654492754,"10.0-10.2":0.113792173913,"10.3":0.260197681159,"11.0-11.2":0.774212173913,"11.3":2.17764898551},"android":{"2.1":0,"2.2":0,"2.3":0,"3":0,"4":0,"4.1":0.0564904611033,"4.2-4.3":0.1295147157,"4.4":0.489124724187,"4.4.3-4.4.4":0.29898609901,"66":null},"op_mob":{"10":null,"11":null,"11.1":null,"11.5":null,"12":null,"12.1":null,"0":null},"ie":{"5.5":0,"6":0,"7":0,"8":0.06730236,"9":0.02991216,"10":0.0373902,"11":0.61319928},"edge":{"12":0.014808,"13":0.029616,"14":0.051828,"15":0.066636,"16":0.436836,"17":0.081444,"18":null},"samsung":{"4":0.517716571429,"5":0.0398243516484,"6.2":0.328550901099},"bb":{"7":0.0020768,"10":0.0083072},"ie_mob":{"10":0.0226808421053,"11":0.192787157895},"and_uc":{"0":0.101244},"op_mini":{"0":0.427644164948},"and_chr":{"0":38.34818},"baidu":{"0":null},"and_ff":{"0":0.067496},"and_qq":{"1.2":null}},"total":98.2688839891}