{"id":"PG","name":"Papua New Guinea","month":"2018-05","access_date":"2018-06-04","data":{"chrome":{"4":0,"5":0,"6":0,"7":0,"8":0,"9":0,"10":0,"11":0.050436,"12":0,"13":0,"14":0,"15":0,"16":0,"17":0,"18":0,"19":0,"20":0,"21":0,"22":0.004203,"23":0,"24":0,"25":0,"26":0.004203,"27":0,"28":0,"29":0,"30":0.004203,"31":0,"32":0,"33":0,"34":0,"35":0.012609,"36":0,"37":0,"38":0.004203,"39":0,"40":0.075654,"41":0,"42":0,"43":0.021015,"44":0,"45":0.004203,"46":0.033624,"47":0,"48":0,"49":0.046233,"50":0.012609,"51":0.008406,"52":0,"53":0.004203,"54":0.054639,"55":0.058842,"56":0.012609,"57":0.012609,"58":0.012609,"59":0.021015,"60":0.071451,"61":0.016812,"62":0.012609,"63":0.025218,"64":0.037827,"65":0.584217,"66":1.815696,"67":0.012609,"68":0,"69":0},"firefox":{"2":0,"3":0.012609,"3.5":0,"3.6":0,"4":0.016812,"5":0,"6":0.004203,"7":0,"8":0,"9":0.012609,"10":0,"11":0,"12":0,"13":0,"14":0,"15":0,"16":0,"17":0,"18":0,"19":0.092466,"20":0.012609,"21":0,"22":0,"23":0,"24":0,"25":0,"26":0.117684,"27":0,"28":0.004203,"29":0.46233,"30":0.096669,"31":0.004203,"32":0,"33":0,"34":0,"35":0,"36":0,"37":0.340443,"38":0.071451,"39":0.21015,"40":0.079857,"41":0.004203,"42":0.025218,"43":0.033624,"44":0.243774,"45":0.891036,"46":0.004203,"47":0.327834,"48":0.029421,"49":0.428706,"50":0.008406,"51":0.004203,"52":0.029421,"53":0.096669,"54":0.008406,"55":0.369864,"56":0.256383,"57":0.231165,"58":0.592623,"59":3.240513,"60":1.458441,"61":0.12609,"62":0.004203},"opera":{"9":0,"9.5-9.6":0,"10.0-10.1":0,"10.5":0,"10.6":0,"11":0,"11.1":0,"11.5":0,"11.6":0,"12":0,"12.1":0.021015,"15":0,"16":0,"17":0,"18":0.012609,"19":0,"20":0.008406,"21":0,"22":0.004203,"23":0,"24":0,"25":0,"26":0,"27":0,"28":0,"29":0,"30":0.008406,"31":0,"32":0.004203,"33":0.008406,"34":0.012609,"35":0.016812,"36":0.004203,"37":0.180729,"38":0,"39":0,"40":0,"41":0,"42":0.046233,"43":0.008406,"44":0.004203,"45":0.004203,"46":0.004203,"47":0,"48":0,"49":0,"50":0,"51":0.004203,"52":0.113481,"53":0.016812},"safari":{"3.1":0,"3.2":0,"4":0,"5":0.004203,"5.1":0,"6":0,"6.1":0,"7":0.004203,"7.1":0,"8":0,"9":0.004203,"9.1":0.004203,"10":0.004203,"10.1":0.012609,"11":0.008406,"11.1":0.025218,"0":null},"ios_saf":{"3.2":0.000124987922705,"4.0-4.1":0,"4.2-4.3":0.000249975845411,"5.0-5.1":0.00199980676329,"6.0-6.1":0.00124987922705,"7.0-7.1":0.00524949275362,"8":0.00124987922705,"8.1-8.4":0.00887414251208,"9.0-9.2":0.0069993236715,"9.3":0.043245821256,"10.0-10.2":0.0401211231884,"10.3":0.0917411352657,"11.0-11.2":0.272973623188,"11.3":0.767800809179},"android":{"2.1":0,"2.2":0,"2.3":0,"3":0,"4":0,"4.1":0.722041257426,"4.2-4.3":1.65541166337,"4.4":6.25182064356,"4.4.3-4.4.4":3.82153543564,"66":null},"op_mob":{"10":null,"11":null,"11.1":null,"11.5":null,"12":null,"12.1":null,"0":null},"ie":{"5.5":0,"6":0,"7":0,"8":0.0802898292683,"9":0.0507093658537,"10":0.198611682927,"11":1.22970212195},"edge":{"12":0.029421,"13":0.054639,"14":0.130293,"15":0.033624,"16":0.134496,"17":0.004203,"18":null},"samsung":{"4":2.78631671508,"5":0.376254446927,"6.2":0.457606759777},"bb":{"7":0.0034782,"10":0.0139128},"ie_mob":{"10":0.034057375,"11":0.238401625},"and_uc":{"0":5.194112},"op_mini":{"0":4.59364439691},"and_chr":{"0":47.633442},"baidu":{"0":null},"and_ff":{"0":0.121737},"and_qq":{"1.2":null}},"total":90.6295043187}