{"id":"PH","name":"Philippines","month":"2018-05","access_date":"2018-06-04","data":{"chrome":{"4":0,"5":0,"6":0,"7":0,"8":0,"9":0,"10":0,"11":0.005506,"12":0,"13":0,"14":0,"15":0,"16":0,"17":0,"18":0.005506,"19":0,"20":0,"21":0,"22":0.005506,"23":0,"24":0,"25":0,"26":0.005506,"27":0,"28":0.005506,"29":0.022024,"30":0.011012,"31":0.016518,"32":0.005506,"33":0.011012,"34":0.011012,"35":0.005506,"36":0.016518,"37":0.016518,"38":0.022024,"39":0.005506,"40":0.011012,"41":0.005506,"42":0.005506,"43":0.02753,"44":0.016518,"45":0.011012,"46":0.022024,"47":0.011012,"48":0.016518,"49":0.396432,"50":0.02753,"51":0.060566,"52":0.022024,"53":0.02753,"54":0.038542,"55":0.049554,"56":0.066072,"57":0.05506,"58":0.19271,"59":0.088096,"60":0.170686,"61":0.148662,"62":0.159674,"63":0.38542,"64":0.33036,"65":1.503138,"66":19.232458,"67":0.198216,"68":0.071578,"69":0},"firefox":{"2":0,"3":0,"3.5":0,"3.6":0,"4":0,"5":0,"6":0,"7":0,"8":0,"9":0,"10":0,"11":0,"12":0,"13":0,"14":0,"15":0,"16":0,"17":0,"18":0,"19":0,"20":0,"21":0,"22":0,"23":0,"24":0,"25":0,"26":0,"27":0,"28":0,"29":0.005506,"30":0.005506,"31":0.005506,"32":0,"33":0,"34":0.005506,"35":0,"36":0.005506,"37":0.005506,"38":0.005506,"39":0.005506,"40":0.005506,"41":0.005506,"42":0.005506,"43":0.022024,"44":0.005506,"45":0.011012,"46":0.005506,"47":0.033036,"48":0.02753,"49":0.011012,"50":0.005506,"51":0.011012,"52":0.093602,"53":0.011012,"54":0.022024,"55":0.011012,"56":0.148662,"57":0.033036,"58":0.033036,"59":0.792864,"60":0.671732,"61":0.049554,"62":0},"opera":{"9":0,"9.5-9.6":0,"10.0-10.1":0,"10.5":0,"10.6":0,"11":0,"11.1":0,"11.5":0,"11.6":0,"12":0,"12.1":0.016518,"15":0,"16":0,"17":0,"18":0,"19":0,"20":0,"21":0,"22":0.005506,"23":0,"24":0,"25":0,"26":0,"27":0,"28":0,"29":0,"30":0,"31":0,"32":0,"33":0.005506,"34":0.005506,"35":0,"36":0.005506,"37":0.209228,"38":0,"39":0,"40":0.005506,"41":0,"42":0,"43":0,"44":0,"45":0.005506,"46":0.005506,"47":0,"48":0,"49":0.005506,"50":0.005506,"51":0.005506,"52":0.19271,"53":0.05506},"safari":{"3.1":0,"3.2":0,"4":0,"5":0,"5.1":0.005506,"6":0,"6.1":0,"7":0.005506,"7.1":0,"8":0.011012,"9":0.011012,"9.1":0.071578,"10":0.038542,"10.1":0.08259,"11":0.132144,"11.1":0.24777,"0":null},"ios_saf":{"3.2":0.00116339613527,"4.0-4.1":0,"4.2-4.3":0.00232679227053,"5.0-5.1":0.0186143381643,"6.0-6.1":0.0116339613527,"7.0-7.1":0.0488626376812,"8":0.0116339613527,"8.1-8.4":0.0826011256039,"9.0-9.2":0.0651501835749,"9.3":0.402535062802,"10.0-10.2":0.37345015942,"10.3":0.853932763285,"11.0-11.2":2.54085715942,"11.3":7.14674245894},"android":{"2.1":0,"2.2":0,"2.3":0,"3":0,"4":0,"4.1":0.128875468175,"4.2-4.3":0.295470585573,"4.4":1.11587295615,"4.4.3-4.4.4":0.682096990099,"66":null},"op_mob":{"10":null,"11":null,"11.1":null,"11.5":null,"12":null,"12.1":null,"0":null},"ie":{"5.5":0,"6":0,"7":0,"8":0.3344895,"9":0.07804755,"10":0.03344895,"11":0.445986},"edge":{"12":0.011012,"13":0.022024,"14":0.038542,"15":0.044048,"16":0.291818,"17":0.077084,"18":null},"samsung":{"4":0.662800057803,"5":0.126247630058,"6.2":0.936336589595},"bb":{"7":0.0053928,"10":0.0215712},"ie_mob":{"10":0.0116844,"11":0.1051596},"and_uc":{"0":2.008818},"op_mini":{"0":1.70185154639},"and_chr":{"0":48.529344},"baidu":{"0":null},"and_ff":{"0":0.125832},"and_qq":{"1.2":null}},"total":96.1084698238}