{"id":"PK","name":"Pakistan","month":"2018-05","access_date":"2018-06-04","data":{"chrome":{"4":0,"5":0,"6":0,"7":0,"8":0,"9":0,"10":0,"11":0.002931,"12":0,"13":0,"14":0,"15":0,"16":0,"17":0,"18":0.002931,"19":0,"20":0,"21":0,"22":0.002931,"23":0.002931,"24":0.002931,"25":0.002931,"26":0.002931,"27":0.002931,"28":0.002931,"29":0.035172,"30":0.005862,"31":0.005862,"32":0.005862,"33":0.008793,"34":0.002931,"35":0.002931,"36":0.002931,"37":0.002931,"38":0.002931,"39":0.002931,"40":0.005862,"41":0.002931,"42":0,"43":0.046896,"44":0.002931,"45":0.002931,"46":0.005862,"47":0.005862,"48":0.005862,"49":0.149481,"50":0.002931,"51":0.002931,"52":0.002931,"53":0.002931,"54":0.005862,"55":0.008793,"56":0.020517,"57":0.005862,"58":0.038103,"59":0.020517,"60":0.043965,"61":0.02931,"62":0.043965,"63":0.067413,"64":0.05862,"65":0.284307,"66":5.322696,"67":0.079137,"68":0.041034,"69":0},"firefox":{"2":0,"3":0.002931,"3.5":0,"3.6":0,"4":0,"5":0,"6":0,"7":0,"8":0,"9":0,"10":0,"11":0,"12":0.002931,"13":0,"14":0,"15":0,"16":0,"17":0,"18":0,"19":0,"20":0,"21":0,"22":0,"23":0,"24":0,"25":0,"26":0,"27":0,"28":0.002931,"29":0.002931,"30":0.002931,"31":0.002931,"32":0.002931,"33":0.002931,"34":0.002931,"35":0.002931,"36":0.002931,"37":0.002931,"38":0.002931,"39":0,"40":0.002931,"41":0.002931,"42":0.002931,"43":0.008793,"44":0.005862,"45":0.002931,"46":0.002931,"47":0.014655,"48":0.017586,"49":0.005862,"50":0.002931,"51":0.005862,"52":0.055689,"53":0.005862,"54":0.005862,"55":0.005862,"56":0.026379,"57":0.011724,"58":0.011724,"59":0.254997,"60":0.23448,"61":0.035172,"62":0},"opera":{"9":0,"9.5-9.6":0,"10.0-10.1":0,"10.5":0,"10.6":0,"11":0,"11.1":0,"11.5":0,"11.6":0,"12":0,"12.1":0.005862,"15":0,"16":0,"17":0,"18":0.017586,"19":0.002931,"20":0.002931,"21":0.002931,"22":0.005862,"23":0,"24":0,"25":0,"26":0,"27":0,"28":0,"29":0,"30":0,"31":0,"32":0.002931,"33":0.008793,"34":0,"35":0.002931,"36":0.002931,"37":0.055689,"38":0,"39":0,"40":0,"41":0,"42":0.002931,"43":0.002931,"44":0,"45":0.002931,"46":0.005862,"47":0,"48":0.002931,"49":0.002931,"50":0.002931,"51":0.002931,"52":0.202239,"53":0.052758},"safari":{"3.1":0,"3.2":0,"4":0,"5":0,"5.1":0,"6":0,"6.1":0,"7":0,"7.1":0,"8":0.002931,"9":0,"9.1":0.005862,"10":0.002931,"10.1":0.008793,"11":0.017586,"11.1":0.032241,"0":null},"ios_saf":{"3.2":0.000309046900161,"4.0-4.1":0,"4.2-4.3":0.000618093800322,"5.0-5.1":0.00494475040258,"6.0-6.1":0.00309046900161,"7.0-7.1":0.0129799698068,"8":0.00309046900161,"8.1-8.4":0.0219423299114,"9.0-9.2":0.017306626409,"9.3":0.106930227456,"10.0-10.2":0.0992040549517,"10.3":0.226840424718,"11.0-11.2":0.674958429952,"11.3":1.89847510769},"android":{"2.1":0,"2.2":0,"2.3":0,"3":0,"4":0,"4.1":0.266991130127,"4.2-4.3":0.612126005658,"4.4":2.31175246818,"4.4.3-4.4.4":1.41309939604,"66":null},"op_mob":{"10":null,"11":null,"11.1":null,"11.5":null,"12":null,"12.1":null,"0":null},"ie":{"5.5":0,"6":0.0061551,"7":0.00307755,"8":0.061551,"9":0.0061551,"10":0.0123102,"11":0.09540405},"edge":{"12":0.008793,"13":0.011724,"14":0.023448,"15":0.014655,"16":0.05862,"17":0.011724,"18":null},"samsung":{"4":1.10048857082,"5":0.164559038627,"6.2":1.06963375107},"bb":{"7":0.0098966,"10":0.0395864},"ie_mob":{"10":0.0333252857143,"11":0.355469714286},"and_uc":{"0":12.194025},"op_mini":{"0":5.15320383162},"and_chr":{"0":57.321613},"baidu":{"0":null},"and_ff":{"0":0.063621},"and_qq":{"1.2":null}},"total":93.1348151921}