{"id":"PL","name":"Poland","month":"2018-05","access_date":"2018-06-04","data":{"chrome":{"4":0,"5":0,"6":0,"7":0,"8":0,"9":0,"10":0,"11":0.003443,"12":0,"13":0,"14":0,"15":0,"16":0,"17":0,"18":0.003443,"19":0,"20":0,"21":0,"22":0.010329,"23":0,"24":0,"25":0,"26":0.003443,"27":0,"28":0,"29":0.013772,"30":0,"31":0.006886,"32":0,"33":0.003443,"34":0.010329,"35":0.003443,"36":0.003443,"37":0.003443,"38":0.010329,"39":0.006886,"40":0.006886,"41":0,"42":0,"43":0.006886,"44":0.003443,"45":0,"46":0.024101,"47":0.006886,"48":0.003443,"49":0.254782,"50":0.006886,"51":0.013772,"52":0.003443,"53":0.006886,"54":0.010329,"55":0.013772,"56":0.013772,"57":0.024101,"58":0.044759,"59":0.017215,"60":0.013772,"61":0.024101,"62":0.027544,"63":0.075746,"64":0.072303,"65":0.385616,"66":5.842771,"67":0.03443,"68":0.010329,"69":0},"firefox":{"2":0,"3":0,"3.5":0,"3.6":0,"4":0,"5":0,"6":0,"7":0,"8":0,"9":0,"10":0,"11":0,"12":0,"13":0,"14":0,"15":0,"16":0,"17":0,"18":0,"19":0,"20":0,"21":0,"22":0,"23":0,"24":0,"25":0,"26":0,"27":0,"28":0,"29":0,"30":0,"31":0.003443,"32":0,"33":0,"34":0.003443,"35":0,"36":0,"37":0,"38":0.003443,"39":0.003443,"40":0.003443,"41":0.03443,"42":0,"43":0.006886,"44":0,"45":0.006886,"46":0,"47":0.013772,"48":0.024101,"49":0.003443,"50":0.010329,"51":0.006886,"52":0.234124,"53":0.010329,"54":0.010329,"55":0.006886,"56":0.020658,"57":0.024101,"58":0.024101,"59":1.208493,"60":0.970926,"61":0.010329,"62":0},"opera":{"9":0,"9.5-9.6":0,"10.0-10.1":0,"10.5":0,"10.6":0,"11":0,"11.1":0,"11.5":0,"11.6":0,"12":0,"12.1":0.010329,"15":0,"16":0,"17":0,"18":0,"19":0,"20":0.003443,"21":0,"22":0,"23":0.003443,"24":0,"25":0,"26":0,"27":0,"28":0,"29":0,"30":0.003443,"31":0.003443,"32":0.017215,"33":0.041316,"34":0.003443,"35":0.006886,"36":0.037873,"37":0.003443,"38":0,"39":0,"40":0,"41":0,"42":0.003443,"43":0.003443,"44":0,"45":0.006886,"46":0.010329,"47":0.003443,"48":0.003443,"49":0.006886,"50":0.003443,"51":0.006886,"52":0.729916,"53":0.168707},"safari":{"3.1":0,"3.2":0,"4":0,"5":0,"5.1":0,"6":0,"6.1":0,"7":0,"7.1":0,"8":0,"9":0.003443,"9.1":0.010329,"10":0.006886,"10.1":0.020658,"11":0.037873,"11.1":0.141163,"0":null},"ios_saf":{"3.2":0.000201517713366,"4.0-4.1":0,"4.2-4.3":0.000403035426731,"5.0-5.1":0.00322428341385,"6.0-6.1":0.00201517713366,"7.0-7.1":0.00846374396135,"8":0.00201517713366,"8.1-8.4":0.014307757649,"9.0-9.2":0.0112849919485,"9.3":0.0697251288245,"10.0-10.2":0.0646871859903,"10.3":0.14791400161,"11.0-11.2":0.44011468599,"11.3":1.2379233132},"android":{"2.1":0,"2.2":0,"2.3":0,"3":0,"4":0,"4.1":0.145024480905,"4.2-4.3":0.332495151344,"4.4":1.25569977369,"4.4.3-4.4.4":0.767568594059,"66":null},"op_mob":{"10":null,"11":null,"11.1":null,"11.5":null,"12":null,"12.1":null,"0":null},"ie":{"5.5":0,"6":0,"7":0,"8":0.010329,"9":0.003443,"10":0.010329,"11":0.258225},"edge":{"12":0.006886,"13":0.013772,"14":0.041316,"15":0.072303,"16":0.251339,"17":0.075746,"18":null},"samsung":{"4":1.14417419728,"5":0.384766544218,"6.2":2.72374211565},"bb":{"7":0.0052456,"10":0.0209824},"ie_mob":{"10":0.022358295082,"11":0.659569704918},"and_uc":{"0":0.059013},"op_mini":{"0":0.794591230241},"and_chr":{"0":74.9753},"baidu":{"0":null},"and_ff":{"0":0.203267},"and_qq":{"1.2":null}},"total":97.2160500874}