{"id":"PM","name":"Saint Pierre and Miquelon","month":"2018-05","access_date":"2018-06-04","data":{"chrome":{"4":0,"5":0,"6":0,"7":0,"8":0,"9":0,"10":0,"11":0,"12":0,"13":0,"14":0,"15":0,"16":0,"17":0,"18":0,"19":0,"20":0,"21":0,"22":0,"23":0,"24":0,"25":0,"26":0,"27":0,"28":0,"29":0,"30":0,"31":0,"32":0,"33":0,"34":0,"35":0,"36":0,"37":0,"38":0,"39":0,"40":0,"41":0,"42":0,"43":0,"44":0,"45":0,"46":0.074079,"47":0.008231,"48":0,"49":0.156389,"50":0,"51":0,"52":0,"53":0,"54":0.123465,"55":0.016462,"56":0,"57":0.041155,"58":0,"59":0,"60":0.049386,"61":0.008231,"62":0.485629,"63":0.016462,"64":0.024693,"65":2.049519,"66":22.676405,"67":0.08231,"68":0,"69":0},"firefox":{"2":0,"3":0,"3.5":0,"3.6":0,"4":0,"5":0,"6":0,"7":0,"8":0,"9":0,"10":0,"11":0,"12":0,"13":0,"14":0,"15":0,"16":0,"17":0,"18":0,"19":0,"20":0,"21":0,"22":0,"23":0,"24":0,"25":0.008231,"26":0,"27":0,"28":0,"29":0.016462,"30":0,"31":0.312778,"32":0,"33":0,"34":0.041155,"35":0,"36":0.008231,"37":0.008231,"38":0,"39":0,"40":0.008231,"41":0,"42":0,"43":0,"44":0,"45":0,"46":0,"47":0,"48":0.543246,"49":0.016462,"50":0.032924,"51":0,"52":0.378626,"53":0,"54":0,"55":0,"56":0,"57":0.016462,"58":0,"59":4.148424,"60":3.819184,"61":0.008231,"62":0},"opera":{"9":0,"9.5-9.6":0,"10.0-10.1":0,"10.5":0,"10.6":0,"11":0,"11.1":0,"11.5":0,"11.6":0,"12":0,"12.1":0,"15":0,"16":0,"17":0,"18":0,"19":0,"20":0,"21":0,"22":0,"23":0,"24":0,"25":0,"26":0,"27":0,"28":0,"29":0,"30":0,"31":0,"32":0,"33":0,"34":0,"35":0,"36":0,"37":0,"38":0,"39":0,"40":0,"41":0,"42":0,"43":0,"44":0,"45":0,"46":0,"47":0,"48":0,"49":0,"50":0,"51":0,"52":1.958978,"53":0.115234},"safari":{"3.1":0,"3.2":0,"4":0,"5":0,"5.1":0.008231,"6":0,"6.1":0.008231,"7":0,"7.1":0,"8":0.016462,"9":0.016462,"9.1":0.065848,"10":0.016462,"10.1":0.172851,"11":0.181082,"11.1":20.198874,"0":null},"ios_saf":{"3.2":0.00148173822464,"4.0-4.1":0,"4.2-4.3":0.00296347644928,"5.0-5.1":0.0237078115942,"6.0-6.1":0.0148173822464,"7.0-7.1":0.0622330054348,"8":0.0148173822464,"8.1-8.4":0.105203413949,"9.0-9.2":0.0829773405797,"9.3":0.512681425725,"10.0-10.2":0.475637970109,"10.3":1.08759585688,"11.0-11.2":3.23611628261,"11.3":9.10231791395},"android":{"2.1":0,"2.2":0,"2.3":0,"3":0,"4":0,"4.1":0.0598465459689,"4.2-4.3":0.137209154173,"4.4":0.518183507779,"4.4.3-4.4.4":0.316748792079,"66":null},"op_mob":{"10":null,"11":null,"11.1":null,"11.5":null,"12":null,"12.1":null,"0":null},"ie":{"5.5":0,"6":0,"7":0,"8":0,"9":0,"10":0,"11":0.502091},"edge":{"12":0,"13":0,"14":0.024693,"15":0.008231,"16":1.267574,"17":0.230468,"18":null},"samsung":{"4":0.0576847826087,"5":0,"6.2":0.184591304348},"bb":{"7":0,"10":0},"ie_mob":{"10":0,"11":0},"and_uc":{"0":0},"op_mini":{"0":0},"and_chr":{"0":23.362042},"baidu":{"0":null},"and_ff":{"0":0.097295},"and_qq":{"1.2":null}},"total":99.427218087}