{"id":"PR","name":"Puerto Rico","month":"2018-05","access_date":"2018-06-04","data":{"chrome":{"4":0,"5":0,"6":0,"7":0,"8":0,"9":0,"10":0,"11":0.005229,"12":0,"13":0,"14":0,"15":0,"16":0,"17":0,"18":0,"19":0,"20":0,"21":0,"22":0,"23":0,"24":0,"25":0,"26":0,"27":0,"28":0.005229,"29":0.015687,"30":0.010458,"31":0.005229,"32":0.005229,"33":0,"34":0.005229,"35":0.005229,"36":0.031374,"37":0.026145,"38":0.020916,"39":0,"40":0,"41":0,"42":0.005229,"43":0.020916,"44":0.005229,"45":0.005229,"46":0.005229,"47":0.005229,"48":0,"49":0.266679,"50":0.005229,"51":0.005229,"52":0.005229,"53":0.005229,"54":0.010458,"55":0.015687,"56":0.020916,"57":0.010458,"58":0.026145,"59":0.015687,"60":0.041832,"61":0.167328,"62":0.015687,"63":0.067977,"64":0.057519,"65":1.113777,"66":12.899943,"67":0.094122,"68":0.010458,"69":0},"firefox":{"2":0,"3":0,"3.5":0,"3.6":0,"4":0,"5":0,"6":0,"7":0,"8":0,"9":0,"10":0,"11":0,"12":0.005229,"13":0,"14":0,"15":0,"16":0,"17":0,"18":0,"19":0,"20":0,"21":0,"22":0,"23":0,"24":0,"25":0,"26":0,"27":0,"28":0,"29":0.005229,"30":0,"31":0.005229,"32":0,"33":0,"34":0.015687,"35":0,"36":0.005229,"37":0,"38":0,"39":0,"40":0.005229,"41":0,"42":0,"43":0.005229,"44":0,"45":0.026145,"46":0,"47":0.010458,"48":0.078435,"49":0.020916,"50":0.005229,"51":0.005229,"52":0.183015,"53":0.005229,"54":0.010458,"55":0.010458,"56":0.020916,"57":0.010458,"58":0.010458,"59":1.030113,"60":0.847098,"61":0.020916,"62":0},"opera":{"9":0,"9.5-9.6":0,"10.0-10.1":0,"10.5":0,"10.6":0,"11":0,"11.1":0,"11.5":0,"11.6":0,"12":0,"12.1":0,"15":0,"16":0,"17":0,"18":0,"19":0,"20":0,"21":0,"22":0,"23":0,"24":0,"25":0,"26":0,"27":0,"28":0,"29":0,"30":0,"31":0,"32":0,"33":0.005229,"34":0,"35":0,"36":0.005229,"37":0,"38":0,"39":0,"40":0,"41":0,"42":0,"43":0,"44":0,"45":0,"46":0.005229,"47":0,"48":0,"49":0,"50":0,"51":0.005229,"52":0.203931,"53":0.057519},"safari":{"3.1":0,"3.2":0,"4":0,"5":0.005229,"5.1":0.020916,"6":0,"6.1":0.005229,"7":0.005229,"7.1":0,"8":0.460152,"9":0.015687,"9.1":0.224847,"10":0.10458,"10.1":0.371259,"11":0.491526,"11.1":1.662822,"0":null},"ios_saf":{"3.2":0.00258413113929,"4.0-4.1":0,"4.2-4.3":0.00516826227858,"5.0-5.1":0.0413460982287,"6.0-6.1":0.0258413113929,"7.0-7.1":0.10853350785,"8":0.0258413113929,"8.1-8.4":0.18347331089,"9.0-9.2":0.1447113438,"9.3":0.894109374195,"10.0-10.2":0.829506095713,"10.3":1.89675225624,"11.0-11.2":5.64374240821,"11.3":15.8743175887},"android":{"2.1":0,"2.2":0,"2.3":0,"3":0,"4":0,"4.1":0.0645077878359,"4.2-4.3":0.147895903819,"4.4":0.558543041018,"4.4.3-4.4.4":0.341419267327,"66":null},"op_mob":{"10":null,"11":null,"11.1":null,"11.5":null,"12":null,"12.1":null,"0":null},"ie":{"5.5":0,"6":0,"7":0,"8":0.036603,"9":0.057519,"10":0.036603,"11":1.929501},"edge":{"12":0.031374,"13":0.041832,"14":0.125496,"15":0.141183,"16":1.41183,"17":0.460152,"18":null},"samsung":{"4":0.508005946903,"5":0.29183320354,"6.2":2.21577061947},"bb":{"7":0.0009542,"10":0.0038168},"ie_mob":{"10":0.0245365714286,"11":0.0613414285714},"and_uc":{"0":0.109733},"op_mini":{"0":0.149056860825},"and_chr":{"0":41.019069},"baidu":{"0":null},"and_ff":{"0":0.162214},"and_qq":{"1.2":null}},"total":96.6377556307}