{"id":"PS","name":"Palestinian Territory","month":"2018-05","access_date":"2018-06-04","data":{"chrome":{"4":0,"5":0,"6":0,"7":0,"8":0,"9":0,"10":0,"11":0.00635,"12":0,"13":0,"14":0,"15":0,"16":0,"17":0,"18":0.0127,"19":0,"20":0,"21":0,"22":0.00635,"23":0,"24":0,"25":0,"26":0.00635,"27":0.00635,"28":0.00635,"29":0.15875,"30":0.00635,"31":0.00635,"32":0.00635,"33":0.0127,"34":0.0127,"35":0.00635,"36":0.01905,"37":0.00635,"38":0.00635,"39":0,"40":0.00635,"41":0.0127,"42":0,"43":0.33655,"44":0.00635,"45":0.00635,"46":0.0381,"47":0.00635,"48":0.00635,"49":0.4445,"50":0.00635,"51":0.0127,"52":0.00635,"53":0.0127,"54":0.0127,"55":0.01905,"56":0.04445,"57":0.01905,"58":0.15875,"59":0.03175,"60":0.13335,"61":0.04445,"62":0.1143,"63":0.59055,"64":0.29845,"65":1.55575,"66":28.7147,"67":0.1778,"68":0.06985,"69":0},"firefox":{"2":0,"3":0,"3.5":0,"3.6":0,"4":0,"5":0,"6":0,"7":0,"8":0,"9":0,"10":0,"11":0,"12":0.00635,"13":0,"14":0,"15":0,"16":0.00635,"17":0,"18":0,"19":0,"20":0,"21":0,"22":0,"23":0,"24":0,"25":0,"26":0,"27":0,"28":0,"29":0,"30":0,"31":0,"32":0,"33":0.00635,"34":0.00635,"35":0,"36":0,"37":0,"38":0,"39":0,"40":0.00635,"41":0.00635,"42":0,"43":0.01905,"44":0,"45":0.00635,"46":0,"47":0.04445,"48":0.0635,"49":0.00635,"50":0.00635,"51":0,"52":0.1143,"53":0.0127,"54":0.0127,"55":0.0127,"56":0.0254,"57":0.01905,"58":0.06985,"59":1.49225,"60":1.2192,"61":0.03175,"62":0},"opera":{"9":0,"9.5-9.6":0,"10.0-10.1":0,"10.5":0,"10.6":0,"11":0,"11.1":0,"11.5":0,"11.6":0,"12":0,"12.1":0,"15":0,"16":0,"17":0,"18":0,"19":0,"20":0,"21":0,"22":0.00635,"23":0,"24":0,"25":0,"26":0,"27":0,"28":0,"29":0,"30":0,"31":0,"32":0,"33":0,"34":0,"35":0.00635,"36":0,"37":0.00635,"38":0,"39":0,"40":0,"41":0,"42":0.00635,"43":0.00635,"44":0,"45":0.0127,"46":0.0127,"47":0,"48":0.00635,"49":0.00635,"50":0.00635,"51":0.01905,"52":1.09855,"53":0.2667},"safari":{"3.1":0,"3.2":0,"4":0,"5":0,"5.1":0.00635,"6":0.00635,"6.1":0,"7":0,"7.1":0,"8":0.00635,"9":0.01905,"9.1":0.1397,"10":0.04445,"10.1":0.12065,"11":0.2159,"11.1":0.69215,"0":null},"ios_saf":{"3.2":0.000647292673108,"4.0-4.1":0,"4.2-4.3":0.00129458534622,"5.0-5.1":0.0103566827697,"6.0-6.1":0.00647292673108,"7.0-7.1":0.0271862922705,"8":0.00647292673108,"8.1-8.4":0.0459577797907,"9.0-9.2":0.036248389694,"9.3":0.223963264895,"10.0-10.2":0.207780948068,"10.3":0.475112822061,"11.0-11.2":1.41368719807,"11.3":3.9763188909},"android":{"2.1":0,"2.2":0,"2.3":0,"3":0,"4":0,"4.1":0.159465063649,"4.2-4.3":0.365602828854,"4.4":1.38073408769,"4.4.3-4.4.4":0.843998019802,"66":null},"op_mob":{"10":null,"11":null,"11.1":null,"11.5":null,"12":null,"12.1":null,"0":null},"ie":{"5.5":0,"6":0,"7":0,"8":0.0705152380952,"9":0.012820952381,"10":0.0320523809524,"11":0.557711428571},"edge":{"12":0.0127,"13":0.0254,"14":0.0254,"15":0.0254,"16":0.40005,"17":0.09525,"18":null},"samsung":{"4":0.672188709677,"5":0.16295483871,"6.2":1.61936370968},"bb":{"7":0.00073,"10":0.00292},"ie_mob":{"10":0.0133833333333,"11":0.0267666666667},"and_uc":{"0":0.3066},"op_mini":{"0":0.701483591065},"and_chr":{"0":44.06065},"baidu":{"0":null},"and_ff":{"0":0.0803},"and_qq":{"1.2":null}},"total":97.1638408491}