{"id":"PT","name":"Portugal","month":"2018-05","access_date":"2018-06-04","data":{"chrome":{"4":0,"5":0,"6":0,"7":0,"8":0,"9":0,"10":0,"11":0.007637,"12":0,"13":0,"14":0,"15":0,"16":0,"17":0,"18":0,"19":0,"20":0,"21":0,"22":0.007637,"23":0.007637,"24":0,"25":0,"26":0,"27":0,"28":0,"29":0.129829,"30":0,"31":0.007637,"32":0.007637,"33":0.007637,"34":0.015274,"35":0.007637,"36":0.045822,"37":0.007637,"38":0.038185,"39":0.045822,"40":0.007637,"41":0.030548,"42":0.022911,"43":0.122192,"44":0.007637,"45":0.007637,"46":0.015274,"47":0.022911,"48":0.007637,"49":0.985173,"50":0.007637,"51":0.022911,"52":0.022911,"53":0.022911,"54":0.022911,"55":0.053459,"56":0.053459,"57":0.030548,"58":0.084007,"59":0.053459,"60":0.091644,"61":0.122192,"62":0.099281,"63":0.213836,"64":0.290206,"65":1.855791,"66":34.305404,"67":0.22911,"68":0.030548,"69":0},"firefox":{"2":0,"3":0,"3.5":0,"3.6":0.007637,"4":0,"5":0,"6":0,"7":0,"8":0,"9":0,"10":0,"11":0,"12":0,"13":0,"14":0,"15":0,"16":0.007637,"17":0,"18":0,"19":0,"20":0,"21":0,"22":0,"23":0,"24":0,"25":0,"26":0,"27":0.015274,"28":0,"29":0,"30":0,"31":0,"32":0,"33":0,"34":0,"35":0,"36":0,"37":0.007637,"38":0.015274,"39":0,"40":0.007637,"41":0,"42":0,"43":0.007637,"44":0.007637,"45":0.022911,"46":0.007637,"47":0.022911,"48":0.168014,"49":0.053459,"50":0.038185,"51":0.053459,"52":0.481131,"53":0.015274,"54":0.022911,"55":0.030548,"56":0.068733,"57":0.038185,"58":0.045822,"59":2.779868,"60":2.230004,"61":0.038185,"62":0.007637},"opera":{"9":0,"9.5-9.6":0,"10.0-10.1":0,"10.5":0,"10.6":0,"11":0,"11.1":0,"11.5":0,"11.6":0,"12":0,"12.1":0.007637,"15":0,"16":0,"17":0,"18":0,"19":0,"20":0,"21":0,"22":0,"23":0,"24":0,"25":0,"26":0,"27":0,"28":0,"29":0,"30":0,"31":0,"32":0.007637,"33":0.015274,"34":0,"35":0,"36":0.022911,"37":0,"38":0.015274,"39":0,"40":0,"41":0,"42":0,"43":0,"44":0,"45":0,"46":0.007637,"47":0,"48":0,"49":0.007637,"50":0,"51":0.007637,"52":0.778974,"53":0.221473},"safari":{"3.1":0,"3.2":0,"4":0,"5":0.015274,"5.1":0.022911,"6":0,"6.1":0.007637,"7":0.007637,"7.1":0,"8":0.015274,"9":0.030548,"9.1":0.145103,"10":0.091644,"10.1":0.336028,"11":0.626234,"11.1":2.145997,"0":null},"ios_saf":{"3.2":0.00109065287842,"4.0-4.1":0,"4.2-4.3":0.00218130575684,"5.0-5.1":0.0174504460548,"6.0-6.1":0.0109065287842,"7.0-7.1":0.0458074208937,"8":0.0109065287842,"8.1-8.4":0.077436354368,"9.0-9.2":0.0610765611916,"9.3":0.377365895934,"10.0-10.2":0.350099573973,"10.3":0.800539212762,"11.0-11.2":2.38198588647,"11.3":6.69988063215},"android":{"2.1":0,"2.2":0,"2.3":0,"3":0,"4":0,"4.1":0.0451042333805,"4.2-4.3":0.103409705799,"4.4":0.39053665488,"4.4.3-4.4.4":0.238722405941,"66":null},"op_mob":{"10":null,"11":null,"11.1":null,"11.5":null,"12":null,"12.1":null,"0":null},"ie":{"5.5":0,"6":0,"7":0.0076560925,"8":0.0535926475,"9":0.0995292025,"10":0.0689048325,"11":2.832754225},"edge":{"12":0.022911,"13":0.022911,"14":0.091644,"15":0.137466,"16":1.733599,"17":0.580412,"18":null},"samsung":{"4":0.169742166667,"5":0.03182665625,"6.2":0.721404208333},"bb":{"7":0.0014178,"10":0.0056712},"ie_mob":{"10":0.01240575,"11":0.08684025},"and_uc":{"0":0.245752},"op_mini":{"0":0.109619651203},"and_chr":{"0":29.311024},"baidu":{"0":null},"and_ff":{"0":0.132328},"and_qq":{"1.2":null}},"total":98.0093436825}