{"id":"PW","name":"Palau","month":"2018-05","access_date":"2018-06-04","data":{"chrome":{"4":0,"5":0,"6":0,"7":0,"8":0.004908,"9":0,"10":0,"11":0,"12":0,"13":0,"14":0,"15":0,"16":0,"17":0,"18":0,"19":0,"20":0,"21":0,"22":0,"23":0,"24":0,"25":0,"26":0,"27":0,"28":0,"29":0,"30":0,"31":0,"32":0,"33":0.004908,"34":0.004908,"35":0.004908,"36":0,"37":0,"38":0,"39":0.004908,"40":0,"41":0.029448,"42":0,"43":0,"44":0,"45":0.009816,"46":0.157056,"47":0.02454,"48":0,"49":0.191412,"50":0.009816,"51":0.029448,"52":0,"53":0.004908,"54":0,"55":0.004908,"56":0.058896,"57":0.053988,"58":0.063804,"59":0,"60":0.279756,"61":0.004908,"62":0.04908,"63":0.039264,"64":0.039264,"65":1.065036,"66":16.721556,"67":0.034356,"68":0.014724,"69":0},"firefox":{"2":0,"3":0,"3.5":0,"3.6":0,"4":0,"5":0,"6":0,"7":0,"8":0,"9":0,"10":0,"11":0,"12":0.009816,"13":0,"14":0,"15":0,"16":0,"17":0,"18":0,"19":0,"20":0,"21":0,"22":0,"23":0,"24":0,"25":0,"26":0,"27":0,"28":0,"29":0,"30":0,"31":0,"32":0,"33":0,"34":0,"35":0,"36":0,"37":0,"38":0,"39":0.014724,"40":0.053988,"41":0,"42":0,"43":0.02454,"44":0,"45":0,"46":0,"47":0.058896,"48":0.04908,"49":0,"50":0,"51":0,"52":0.058896,"53":0,"54":0.068712,"55":0,"56":0.014724,"57":0.004908,"58":0.063804,"59":0.677304,"60":0.41718,"61":0.034356,"62":0},"opera":{"9":0,"9.5-9.6":0,"10.0-10.1":0,"10.5":0,"10.6":0,"11":0,"11.1":0,"11.5":0,"11.6":0,"12":0,"12.1":0,"15":0,"16":0,"17":0,"18":0,"19":0,"20":0,"21":0.014724,"22":0,"23":0,"24":0,"25":0,"26":0,"27":0,"28":0,"29":0,"30":0,"31":0,"32":0,"33":0,"34":0,"35":0,"36":0,"37":0.107976,"38":0,"39":0,"40":0,"41":0,"42":0,"43":0,"44":0,"45":0,"46":0,"47":0,"48":0,"49":0,"50":0,"51":0,"52":0.039264,"53":0.014724},"safari":{"3.1":0,"3.2":0,"4":0,"5":0,"5.1":0.009816,"6":0,"6.1":0,"7":0,"7.1":0,"8":0,"9":0,"9.1":0.04908,"10":0,"10.1":0.04908,"11":0.161964,"11.1":0.289572,"0":null},"ios_saf":{"3.2":0.00103341666667,"4.0-4.1":0,"4.2-4.3":0.00206683333333,"5.0-5.1":0.0165346666667,"6.0-6.1":0.0103341666667,"7.0-7.1":0.0434035,"8":0.0103341666667,"8.1-8.4":0.0733725833333,"9.0-9.2":0.0578713333333,"9.3":0.357562166667,"10.0-10.2":0.33172675,"10.3":0.758527833333,"11.0-11.2":2.256982,"11.3":6.34827858333},"android":{"2.1":0,"2.2":0,"2.3":0,"3":0,"4":0,"4.1":0.144669108911,"4.2-4.3":0.33168039604,"4.4":1.25262277228,"4.4.3-4.4.4":0.765687722772,"66":null},"op_mob":{"10":null,"11":null,"11.1":null,"11.5":null,"12":null,"12.1":null,"0":null},"ie":{"5.5":0,"6":0,"7":0,"8":0,"9":0.0312808630705,"10":0.104269543568,"11":1.12089759336},"edge":{"12":0.004908,"13":0.107976,"14":0.014724,"15":0.044172,"16":0.34356,"17":0.004908,"18":null},"samsung":{"4":0.460990848921,"5":0.125724776978,"6.2":0.785779856115},"bb":{"7":0.0030552,"10":0.0122208},"ie_mob":{"10":0,"11":0},"and_uc":{"0":2.790416},"op_mini":{"0":0.621880185567},"and_chr":{"0":56.761136},"baidu":{"0":null},"and_ff":{"0":0.040736},"and_qq":{"1.2":null}},"total":97.3389756676}