{"id":"PY","name":"Paraguay","month":"2018-05","access_date":"2018-06-04","data":{"chrome":{"4":0,"5":0,"6":0,"7":0,"8":0,"9":0,"10":0,"11":0.00226,"12":0,"13":0,"14":0,"15":0,"16":0,"17":0,"18":0.00226,"19":0,"20":0,"21":0,"22":0,"23":0,"24":0,"25":0,"26":0,"27":0,"28":0,"29":0.00226,"30":0.00226,"31":0.00226,"32":0,"33":0.00226,"34":0,"35":0,"36":0.00226,"37":0.00226,"38":0.00226,"39":0,"40":0,"41":0.00226,"42":0,"43":0.00226,"44":0.00226,"45":0,"46":0.00226,"47":0,"48":0.00226,"49":0.08588,"50":0.00226,"51":0.00452,"52":0.00226,"53":0.00226,"54":0.00226,"55":0.00452,"56":0.00452,"57":0.00226,"58":0.01356,"59":0.00678,"60":0.00904,"61":0.00904,"62":0.0113,"63":0.02034,"64":0.02486,"65":0.18758,"66":3.60018,"67":0.02938,"68":0.00226,"69":0},"firefox":{"2":0,"3":0,"3.5":0,"3.6":0,"4":0.00226,"5":0,"6":0,"7":0,"8":0,"9":0,"10":0,"11":0,"12":0,"13":0,"14":0,"15":0,"16":0,"17":0,"18":0,"19":0,"20":0,"21":0,"22":0.00226,"23":0,"24":0.00226,"25":0,"26":0,"27":0,"28":0,"29":0,"30":0,"31":0,"32":0,"33":0,"34":0.00226,"35":0.00226,"36":0,"37":0,"38":0.00452,"39":0,"40":0,"41":0,"42":0,"43":0.00452,"44":0,"45":0.00226,"46":0,"47":0.00452,"48":0.00452,"49":0,"50":0.00226,"51":0.00226,"52":0.03842,"53":0.00226,"54":0.00226,"55":0.00226,"56":0.00452,"57":0.00904,"58":0.00678,"59":0.21244,"60":0.15368,"61":0.00226,"62":0},"opera":{"9":0,"9.5-9.6":0,"10.0-10.1":0,"10.5":0,"10.6":0,"11":0,"11.1":0,"11.5":0,"11.6":0,"12":0,"12.1":0.00226,"15":0,"16":0,"17":0.00452,"18":0,"19":0,"20":0,"21":0,"22":0.00226,"23":0,"24":0,"25":0,"26":0,"27":0,"28":0,"29":0.00226,"30":0,"31":0,"32":0,"33":0.00226,"34":0,"35":0,"36":0,"37":0.00226,"38":0,"39":0,"40":0,"41":0,"42":0,"43":0.00226,"44":0,"45":0,"46":0.00226,"47":0,"48":0,"49":0.00226,"50":0,"51":0,"52":0.05876,"53":0.01356},"safari":{"3.1":0,"3.2":0,"4":0,"5":0,"5.1":0,"6":0,"6.1":0.00226,"7":0,"7.1":0,"8":0,"9":0.0226,"9.1":0.00678,"10":0.00226,"10.1":0.0226,"11":0.02486,"11.1":0.06554,"0":null},"ios_saf":{"3.2":0.000527914653784,"4.0-4.1":0,"4.2-4.3":0.00105582930757,"5.0-5.1":0.00844663446055,"6.0-6.1":0.00527914653784,"7.0-7.1":0.0221724154589,"8":0.00527914653784,"8.1-8.4":0.0374819404187,"9.0-9.2":0.0295632206119,"9.3":0.182658470209,"10.0-10.2":0.169460603865,"10.3":0.387489355878,"11.0-11.2":1.15296560386,"11.3":3.2429797182},"android":{"2.1":0,"2.2":0,"2.3":0,"3":0,"4":0,"4.1":0.112948910891,"4.2-4.3":0.258956039604,"4.4":0.977972277228,"4.4.3-4.4.4":0.597802772277,"66":null},"op_mob":{"10":null,"11":null,"11.1":null,"11.5":null,"12":null,"12.1":null,"0":null},"ie":{"5.5":0,"6":0,"7":0,"8":0.00678,"9":0.00226,"10":0.00226,"11":0.04746},"edge":{"12":0.00226,"13":0.00452,"14":0.00904,"15":0.01582,"16":0.04294,"17":0.0113,"18":null},"samsung":{"4":2.0630602649,"5":0.322038675497,"6.2":2.09325139073},"bb":{"7":0.003096,"10":0.012384},"ie_mob":{"10":0.0436615384615,"11":0.382038461538},"and_uc":{"0":0.25542},"op_mini":{"0":0.959932886598},"and_chr":{"0":79.9347},"baidu":{"0":null},"and_ff":{"0":0.09288},"and_qq":{"1.2":null}},"total":98.2687432177}