{"id":"RE","name":"Reunion","month":"2018-05","access_date":"2018-06-04","data":{"chrome":{"4":0,"5":0,"6":0,"7":0,"8":0,"9":0,"10":0,"11":0,"12":0,"13":0,"14":0,"15":0,"16":0,"17":0,"18":0,"19":0,"20":0,"21":0,"22":0.006455,"23":0,"24":0,"25":0,"26":0,"27":0,"28":0,"29":1.40719,"30":0.006455,"31":0,"32":0.006455,"33":0,"34":0.006455,"35":0.01291,"36":0.006455,"37":0,"38":0.01291,"39":0,"40":0.019365,"41":0.006455,"42":0.045185,"43":0.006455,"44":0.045185,"45":0,"46":0.006455,"47":0.006455,"48":0.032275,"49":0.49058,"50":0.01291,"51":0.019365,"52":0.019365,"53":0.019365,"54":0.3873,"55":0.24529,"56":0.032275,"57":0.05164,"58":0.083915,"59":0.02582,"60":0.10328,"61":0.14201,"62":0.09037,"63":0.135555,"64":0.225925,"65":1.116715,"66":17.6867,"67":0.1291,"68":0.01291,"69":0},"firefox":{"2":0,"3":0,"3.5":0,"3.6":0,"4":0,"5":0,"6":0,"7":0,"8":0,"9":0,"10":0,"11":0.006455,"12":0,"13":0,"14":0,"15":0,"16":0.006455,"17":0,"18":0,"19":0,"20":0,"21":0,"22":0,"23":0.006455,"24":0.006455,"25":0,"26":0.019365,"27":0,"28":0.006455,"29":0,"30":0,"31":0.01291,"32":0.019365,"33":0,"34":0.006455,"35":0.01291,"36":0.01291,"37":0.032275,"38":0.006455,"39":0,"40":0.01291,"41":0.03873,"42":0.01291,"43":0.01291,"44":0.01291,"45":0.09037,"46":0,"47":0.019365,"48":0.56804,"49":0.10328,"50":0.02582,"51":0.01291,"52":0.380845,"53":0.045185,"54":0.032275,"55":0.122645,"56":0.14201,"57":0.07746,"58":0.083915,"59":3.233955,"60":2.704645,"61":0.01291,"62":0},"opera":{"9":0,"9.5-9.6":0,"10.0-10.1":0,"10.5":0,"10.6":0,"11":0,"11.1":0,"11.5":0,"11.6":0,"12":0,"12.1":0,"15":0,"16":0,"17":0,"18":0,"19":0,"20":0,"21":0,"22":0,"23":0,"24":0,"25":0,"26":0,"27":0,"28":0,"29":0,"30":0,"31":0,"32":0,"33":0,"34":0,"35":0,"36":0.006455,"37":0,"38":0,"39":0,"40":0,"41":0,"42":0,"43":0,"44":0,"45":0,"46":0.01291,"47":0,"48":0,"49":0.006455,"50":0.006455,"51":0.01291,"52":0.548675,"53":0.148465},"safari":{"3.1":0,"3.2":0,"4":0,"5":0.019365,"5.1":0.03873,"6":0.006455,"6.1":0.01291,"7":0,"7.1":0,"8":0.083915,"9":0.05164,"9.1":0.20656,"10":0.045185,"10.1":0.41312,"11":0.535765,"11.1":1.84613,"0":null},"ios_saf":{"3.2":0.00146395933977,"4.0-4.1":0,"4.2-4.3":0.00292791867955,"5.0-5.1":0.0234233494364,"6.0-6.1":0.0146395933977,"7.0-7.1":0.0614862922705,"8":0.0146395933977,"8.1-8.4":0.103941113124,"9.0-9.2":0.0819817230274,"9.3":0.506529931562,"10.0-10.2":0.469930948068,"10.3":1.07454615539,"11.0-11.2":3.19728719807,"11.3":8.99310222424},"android":{"2.1":0,"2.2":0,"2.3":0,"3":0,"4":0,"4.1":0.0631310113154,"4.2-4.3":0.144739391796,"4.4":0.546622171146,"4.4.3-4.4.4":0.334132425743,"66":null},"op_mob":{"10":null,"11":null,"11.1":null,"11.5":null,"12":null,"12.1":null,"0":null},"ie":{"5.5":0,"6":0,"7":0,"8":0.019365,"9":0.01291,"10":0.06455,"11":1.01989},"edge":{"12":0.019365,"13":0.032275,"14":0.096825,"15":0.096825,"16":1.374915,"17":0.28402,"18":null},"samsung":{"4":0.572663184932,"5":0.194489383562,"6.2":2.11777328767},"bb":{"7":0.007799,"10":0.031196},"ie_mob":{"10":0.16218375,"11":0.05406125},"and_uc":{"0":0.08508},"op_mini":{"0":0.194658264605},"and_chr":{"0":39.83434},"baidu":{"0":null},"and_ff":{"0":0.223335},"and_qq":{"1.2":null}},"total":96.6995691208}