{"id":"RO","name":"Romania","month":"2018-05","access_date":"2018-06-04","data":{"chrome":{"4":0,"5":0,"6":0,"7":0,"8":0,"9":0,"10":0,"11":0.006072,"12":0,"13":0,"14":0,"15":0,"16":0,"17":0,"18":0,"19":0,"20":0,"21":0,"22":0.006072,"23":0,"24":0,"25":0,"26":0.006072,"27":0,"28":0.006072,"29":0.170016,"30":0.006072,"31":0.006072,"32":0,"33":0.006072,"34":0.018216,"35":0,"36":0.006072,"37":0.006072,"38":0.018216,"39":0.006072,"40":0.006072,"41":0.006072,"42":0.006072,"43":0.012144,"44":0.006072,"45":0.006072,"46":0.018216,"47":0.024288,"48":0.012144,"49":1.111176,"50":0.006072,"51":0.024288,"52":0.012144,"53":0.018216,"54":0.018216,"55":0.042504,"56":0.054648,"57":0.03036,"58":0.109296,"59":0.06072,"60":0.085008,"61":0.103224,"62":0.12144,"63":0.224664,"64":0.218592,"65":1.256904,"66":20.784456,"67":0.145728,"68":0.024288,"69":0},"firefox":{"2":0,"3":0.006072,"3.5":0,"3.6":0,"4":0,"5":0,"6":0,"7":0,"8":0,"9":0,"10":0,"11":0,"12":0,"13":0,"14":0,"15":0,"16":0,"17":0,"18":0,"19":0,"20":0,"21":0,"22":0,"23":0,"24":0.006072,"25":0,"26":0,"27":0,"28":0,"29":0.006072,"30":0,"31":0.006072,"32":0.012144,"33":0,"34":0.006072,"35":0.006072,"36":0,"37":0,"38":0.012144,"39":0.006072,"40":0.006072,"41":0.006072,"42":0.006072,"43":0.018216,"44":0.006072,"45":0.018216,"46":0,"47":0.03036,"48":0.103224,"49":0.012144,"50":0.024288,"51":0.012144,"52":0.66792,"53":0.03036,"54":0.024288,"55":0.03036,"56":0.054648,"57":0.06072,"58":0.072864,"59":2.36808,"60":1.924824,"61":0.036432,"62":0},"opera":{"9":0,"9.5-9.6":0,"10.0-10.1":0,"10.5":0,"10.6":0,"11":0,"11.1":0,"11.5":0,"11.6":0,"12":0,"12.1":0.012144,"15":0,"16":0,"17":0,"18":0,"19":0,"20":0,"21":0,"22":0,"23":0,"24":0,"25":0,"26":0,"27":0,"28":0,"29":0,"30":0,"31":0.024288,"32":0,"33":0,"34":0,"35":0,"36":0.048576,"37":0,"38":0,"39":0,"40":0.006072,"41":0,"42":0.006072,"43":0,"44":0,"45":0.012144,"46":0.012144,"47":0.006072,"48":0.012144,"49":0.012144,"50":0.006072,"51":0.012144,"52":1.317624,"53":0.33396},"safari":{"3.1":0,"3.2":0,"4":0,"5":0,"5.1":0.006072,"6":0,"6.1":0.006072,"7":0,"7.1":0,"8":0.006072,"9":0.012144,"9.1":0.024288,"10":0.018216,"10.1":0.054648,"11":0.097152,"11.1":0.358248,"0":null},"ios_saf":{"3.2":0.00113557487923,"4.0-4.1":0,"4.2-4.3":0.00227114975845,"5.0-5.1":0.0181691980676,"6.0-6.1":0.0113557487923,"7.0-7.1":0.0476941449275,"8":0.0113557487923,"8.1-8.4":0.0806258164251,"9.0-9.2":0.0635921932367,"9.3":0.392908908213,"10.0-10.2":0.364519536232,"10.3":0.833511961353,"11.0-11.2":2.48009553623,"11.3":6.97583648309},"android":{"2.1":0,"2.2":0,"2.3":0,"3":0,"4":0,"4.1":0.0663153833098,"4.2-4.3":0.1520401471,"4.4":0.57419417256,"4.4.3-4.4.4":0.35098629703,"66":null},"op_mob":{"10":null,"11":null,"11.1":null,"11.5":null,"12":null,"12.1":null,"0":null},"ie":{"5.5":0,"6":0.00617899559471,"7":0.00617899559471,"8":0.160653885463,"9":0.0803269427313,"10":0.0803269427313,"11":1.06896623789},"edge":{"12":0.018216,"13":0.018216,"14":0.042504,"15":0.097152,"16":0.631488,"17":0.248952,"18":null},"samsung":{"4":0.668430931677,"5":0.174820397516,"6.2":2.15954608696},"bb":{"7":0.0047136,"10":0.0188544},"ie_mob":{"10":0.032897,"11":0.230279},"and_uc":{"0":0.243536},"op_mini":{"0":0.282627024055},"and_chr":{"0":44.724376},"baidu":{"0":null},"and_ff":{"0":0.200328},"and_qq":{"1.2":null}},"total":96.4271204402}