{"id":"RS","name":"Serbia","month":"2018-05","access_date":"2018-06-04","data":{"chrome":{"4":0,"5":0,"6":0,"7":0,"8":0,"9":0,"10":0,"11":0.00589,"12":0,"13":0,"14":0,"15":0,"16":0,"17":0,"18":0.00589,"19":0,"20":0,"21":0,"22":0.02356,"23":0,"24":0,"25":0.00589,"26":0.01767,"27":0,"28":0,"29":0.01178,"30":0,"31":0.01178,"32":0,"33":0.01178,"34":0.02356,"35":0.00589,"36":0.01178,"37":0.00589,"38":0.02356,"39":0.00589,"40":0.00589,"41":0,"42":0,"43":0.02356,"44":0.00589,"45":0,"46":0.02356,"47":0.01178,"48":0.01767,"49":1.31347,"50":0.01767,"51":0.01178,"52":0.01178,"53":0.01178,"54":0.01178,"55":0.01767,"56":0.02945,"57":0.01767,"58":0.08246,"59":0.02945,"60":0.05301,"61":0.04712,"62":0.07657,"63":0.16492,"64":0.17081,"65":0.91884,"66":18.95402,"67":0.15314,"68":0.03534,"69":0},"firefox":{"2":0.00589,"3":0.00589,"3.5":0,"3.6":0.00589,"4":0,"5":0,"6":0,"7":0,"8":0,"9":0,"10":0.00589,"11":0,"12":0.00589,"13":0,"14":0,"15":0,"16":0,"17":0,"18":0,"19":0,"20":0,"21":0,"22":0,"23":0,"24":0,"25":0,"26":0,"27":0.00589,"28":0.00589,"29":0,"30":0.00589,"31":0.00589,"32":0,"33":0.00589,"34":0.01178,"35":0.00589,"36":0.00589,"37":0.00589,"38":0.01178,"39":0.00589,"40":0.01178,"41":0.01178,"42":0.01178,"43":0.02356,"44":0.00589,"45":0.01767,"46":0.00589,"47":0.04123,"48":0.08246,"49":0.05301,"50":0.03534,"51":0.02356,"52":0.73036,"53":0.01767,"54":0.02356,"55":0.02356,"56":0.07657,"57":0.0589,"58":0.0589,"59":2.56804,"60":2.2971,"61":0.08246,"62":0},"opera":{"9":0,"9.5-9.6":0,"10.0-10.1":0,"10.5":0,"10.6":0,"11":0,"11.1":0,"11.5":0,"11.6":0.00589,"12":0,"12.1":0.04123,"15":0,"16":0,"17":0,"18":0,"19":0,"20":0,"21":0,"22":0,"23":0,"24":0,"25":0,"26":0,"27":0,"28":0,"29":0,"30":0.00589,"31":0.00589,"32":0,"33":0.00589,"34":0,"35":0.00589,"36":0.10013,"37":0.00589,"38":0,"39":0,"40":0.00589,"41":0,"42":0.00589,"43":0.00589,"44":0,"45":0.00589,"46":0.01178,"47":0,"48":0.01178,"49":0.00589,"50":0.00589,"51":0.01178,"52":1.39593,"53":0.37696},"safari":{"3.1":0,"3.2":0,"4":0,"5":0,"5.1":0.00589,"6":0,"6.1":0,"7":0,"7.1":0.00589,"8":0.00589,"9":0.00589,"9.1":0.01767,"10":0.00589,"10.1":0.02945,"11":0.04712,"11.1":0.2356,"0":null},"ios_saf":{"3.2":0.000594671900161,"4.0-4.1":0,"4.2-4.3":0.00118934380032,"5.0-5.1":0.00951475040258,"6.0-6.1":0.00594671900161,"7.0-7.1":0.0249762198068,"8":0.00594671900161,"8.1-8.4":0.0422217049114,"9.0-9.2":0.033301626409,"9.3":0.205756477456,"10.0-10.2":0.190889679952,"10.3":0.436489174718,"11.0-11.2":1.29876342995,"11.3":3.65306948269},"android":{"2.1":0,"2.2":0,"2.3":0,"3":0,"4":0,"4.1":0.10679427157,"4.2-4.3":0.244845403112,"4.4":0.924682107496,"4.4.3-4.4.4":0.565228217822,"66":null},"op_mob":{"10":null,"11":null,"11.1":null,"11.5":null,"12":null,"12.1":null,"0":null},"ie":{"5.5":0,"6":0.0659722992701,"7":0,"8":0.563763284672,"9":0.119949635036,"10":0.0299874087591,"11":0.863637372263},"edge":{"12":0.00589,"13":0.01767,"14":0.07657,"15":0.15903,"16":0.37696,"17":0.13547,"18":null},"samsung":{"4":0.524025,"5":0.0822,"6.2":1.41795},"bb":{"7":0.004932,"10":0.019728},"ie_mob":{"10":0.077187804878,"11":0.374912195122},"and_uc":{"0":0.10275},"op_mini":{"0":0.661484020619},"and_chr":{"0":52.15574},"baidu":{"0":null},"and_ff":{"0":0.15207},"and_qq":{"1.2":null}},"total":96.8726290206}