{"id":"RU","name":"Russian Federation","month":"2018-05","access_date":"2018-06-04","data":{"chrome":{"4":0.007538,"5":0.007538,"6":0.007538,"7":0,"8":0.007538,"9":0.007538,"10":0.007538,"11":0.015076,"12":0.015076,"13":0.007538,"14":0.007538,"15":0.015076,"16":0.015076,"17":0.015076,"18":0.022614,"19":0.007538,"20":0.015076,"21":0.022614,"22":0.030152,"23":0.015076,"24":0.022614,"25":0.007538,"26":0.022614,"27":0.022614,"28":0.045228,"29":0.165836,"30":0.015076,"31":0.030152,"32":0.007538,"33":0.015076,"34":0.015076,"35":0.015076,"36":0.03769,"37":0.022614,"38":0.022614,"39":0.045228,"40":0.03769,"41":0.060304,"42":0.015076,"43":0.03769,"44":0.022614,"45":0.022614,"46":0.015076,"47":0.022614,"48":0.060304,"49":0.844256,"50":0.030152,"51":0.135684,"52":0.060304,"53":0.03769,"54":0.060304,"55":0.105532,"56":0.143222,"57":0.067842,"58":0.11307,"59":0.11307,"60":0.128146,"61":0.165836,"62":0.203526,"63":0.361824,"64":0.399514,"65":1.598056,"66":24.189442,"67":0.18845,"68":0.067842,"69":0},"firefox":{"2":0.007538,"3":0.022614,"3.5":0.030152,"3.6":0.11307,"4":0.007538,"5":0,"6":0,"7":0,"8":0,"9":0,"10":0.007538,"11":0.007538,"12":0.015076,"13":0,"14":0.007538,"15":0.007538,"16":0.015076,"17":0.007538,"18":0,"19":0.007538,"20":0.007538,"21":0.007538,"22":0.007538,"23":0.007538,"24":0.015076,"25":0.015076,"26":0.007538,"27":0,"28":0.007538,"29":0.007538,"30":0.007538,"31":0.015076,"32":0.007538,"33":0.015076,"34":0.015076,"35":0.007538,"36":0.007538,"37":0.007538,"38":0.030152,"39":0.022614,"40":0.022614,"41":0.045228,"42":0.030152,"43":0.045228,"44":0.022614,"45":0.097994,"46":0.030152,"47":0.060304,"48":0.158298,"49":0.045228,"50":0.052766,"51":0.060304,"52":0.701034,"53":0.060304,"54":0.060304,"55":0.045228,"56":0.143222,"57":0.11307,"58":0.097994,"59":2.027722,"60":1.590518,"61":0.030152,"62":null},"opera":{"9":0,"9.5-9.6":0,"10.0-10.1":0,"10.5":0.007538,"10.6":0.015076,"11":0.007538,"11.1":0.007538,"11.5":0.015076,"11.6":0.030152,"12":0.045228,"12.1":0.211064,"15":0,"16":0,"17":0,"18":0.007538,"19":0.007538,"20":0.015076,"21":0.007538,"22":0.007538,"23":0,"24":0.007538,"25":0.007538,"26":0.007538,"27":0.022614,"28":0.007538,"29":0.007538,"30":0.015076,"31":0.007538,"32":0.015076,"33":0.03769,"34":0.007538,"35":0.015076,"36":0.218602,"37":0.015076,"38":0.007538,"39":0.007538,"40":0.007538,"41":0.007538,"42":0.022614,"43":0.022614,"44":0.007538,"45":0.022614,"46":0.030152,"47":0.015076,"48":0.030152,"49":0.03769,"50":0.045228,"51":0.045228,"52":3.113194,"53":null},"safari":{"3.1":0.007538,"3.2":0,"4":0.015076,"5":0.030152,"5.1":0.060304,"6":0.007538,"6.1":0.007538,"7":0.007538,"7.1":0,"8":0.007538,"9":0.022614,"9.1":0.082918,"10":0.045228,"10.1":0.165836,"11":0.354286,"11.1":1.123162,"0":null},"ios_saf":{"3.2":0.00112219021739,"4.0-4.1":0,"4.2-4.3":0.00224438043478,"5.0-5.1":0.0179550434783,"6.0-6.1":0.0112219021739,"7.0-7.1":0.0471319891304,"8":0.0112219021739,"8.1-8.4":0.0796755054348,"9.0-9.2":0.0628426521739,"9.3":0.388277815217,"10.0-10.2":0.360223059783,"10.3":0.823687619565,"11.0-11.2":2.45086343478,"11.3":6.89361450543},"android":{"2.1":0,"2.2":0,"2.3":0,"3":0,"4":0,"4.1":0.0770969335219,"4.2-4.3":0.176758823197,"4.4":0.667546619519,"4.4.3-4.4.4":0.408049623762,"66":null},"op_mob":{"10":null,"11":null,"11.1":null,"11.5":null,"12":null,"12.1":null,"0":null},"ie":{"5.5":0,"6":0.0313849814126,"7":0.0392312267658,"8":0.274618587361,"9":0.0941549442379,"10":0.180463643123,"11":1.4907866171},"edge":{"12":0.015076,"13":0.030152,"14":0.07538,"15":0.105532,"16":0.889484,"17":0.241216,"18":null},"samsung":{"4":0.375865333333,"5":0.0812681801802,"6.2":0.568877261261},"bb":{"7":0.0019696,"10":0.0078784},"ie_mob":{"10":0.023389,"11":0.163723},"and_uc":{"0":1.40334},"op_mini":{"0":0.620009436426},"and_chr":{"0":23.425234},"baidu":{"0":null},"and_ff":{"0":0.078784},"and_qq":{"1.2":null}},"total":84.9176902112}