{"id":"SB","name":"Solomon Islands","month":"2018-05","access_date":"2018-06-04","data":{"chrome":{"4":0,"5":0,"6":0,"7":0,"8":0.002031,"9":0,"10":0,"11":0,"12":0,"13":0,"14":0,"15":0,"16":0,"17":0,"18":0,"19":0,"20":0,"21":0.044682,"22":0,"23":0,"24":0,"25":0.014217,"26":0,"27":0,"28":0,"29":0,"30":0,"31":0,"32":0,"33":0,"34":0,"35":0,"36":0,"37":0,"38":0.006093,"39":0,"40":0.004062,"41":0,"42":0,"43":0.004062,"44":0.004062,"45":0,"46":0.004062,"47":0.006093,"48":0,"49":0.010155,"50":0,"51":0.004062,"52":0.002031,"53":0,"54":0.004062,"55":0.004062,"56":0.004062,"57":0.002031,"58":0.002031,"59":0.002031,"60":0.006093,"61":0.004062,"62":0.002031,"63":0.008124,"64":0.012186,"65":0.062961,"66":1.610583,"67":0.018279,"68":0.002031,"69":0},"firefox":{"2":0,"3":0.004062,"3.5":0,"3.6":0,"4":0,"5":0,"6":0,"7":0,"8":0,"9":0,"10":0,"11":0,"12":0,"13":0,"14":0,"15":0,"16":0,"17":0.002031,"18":0,"19":0.002031,"20":0,"21":0,"22":0,"23":0,"24":0,"25":0.002031,"26":0,"27":0,"28":0,"29":0,"30":0,"31":0,"32":0,"33":0,"34":0,"35":0,"36":0.002031,"37":0,"38":0.006093,"39":0.002031,"40":0,"41":0.002031,"42":0,"43":0.008124,"44":0,"45":0.002031,"46":0.002031,"47":0.006093,"48":0.006093,"49":0.002031,"50":0.002031,"51":0,"52":0.014217,"53":0,"54":0.002031,"55":0.002031,"56":0.010155,"57":0.002031,"58":0.006093,"59":0.239658,"60":0.158418,"61":0.006093,"62":0},"opera":{"9":0,"9.5-9.6":0,"10.0-10.1":0,"10.5":0,"10.6":0,"11":0,"11.1":0,"11.5":0,"11.6":0,"12":0,"12.1":0.044682,"15":0,"16":0.002031,"17":0.012186,"18":0,"19":0.024372,"20":0.002031,"21":0,"22":0.006093,"23":0.002031,"24":0,"25":0,"26":0,"27":0,"28":0,"29":0.008124,"30":0.002031,"31":0.002031,"32":0.004062,"33":0.004062,"34":0.002031,"35":0,"36":0,"37":0.038589,"38":0,"39":0,"40":0,"41":0,"42":0,"43":0.012186,"44":0,"45":0.002031,"46":0.002031,"47":0,"48":0,"49":0.002031,"50":0,"51":0,"52":0.030465,"53":0.008124},"safari":{"3.1":0,"3.2":0,"4":0,"5":0,"5.1":0,"6":0,"6.1":0.010155,"7":0,"7.1":0,"8":0,"9":0.048744,"9.1":0.002031,"10":0.140139,"10.1":0.010155,"11":0.010155,"11.1":0.004062,"0":null},"ios_saf":{"3.2":0.000188346517713,"4.0-4.1":0,"4.2-4.3":0.000376693035427,"5.0-5.1":0.00301354428341,"6.0-6.1":0.00188346517713,"7.0-7.1":0.00791055374396,"8":0.00188346517713,"8.1-8.4":0.0133726027576,"9.0-9.2":0.0105474049919,"9.3":0.0651678951288,"10.0-10.2":0.060459232186,"10.3":0.138246344002,"11.0-11.2":0.411348794686,"11.3":1.15701265831},"android":{"2.1":0,"2.2":0,"2.3":0,"3":0,"4":0,"4.1":0.27605758133,"4.2-4.3":0.632912503536,"4.4":2.39025466761,"4.4.3-4.4.4":1.46108524752,"66":null},"op_mob":{"10":null,"11":null,"11.1":null,"11.5":null,"12":null,"12.1":null,"0":null},"ie":{"5.5":0,"6":0,"7":0,"8":0.022341,"9":0.004062,"10":0.036558,"11":0.706788},"edge":{"12":0.006093,"13":0.018279,"14":0.010155,"15":0.089364,"16":0.050775,"17":0.002031,"18":null},"samsung":{"4":2.49814664,"5":0.29936468,"6.2":0.55743768},"bb":{"7":0,"10":0},"ie_mob":{"10":0.0415526428571,"11":1.12192135714},"and_uc":{"0":23.18979},"op_mini":{"0":9.43066795533},"and_chr":{"0":43.404564},"baidu":{"0":null},"and_ff":{"0":0.063752},"and_qq":{"1.2":null}},"total":90.9637719553}