{"id":"SE","name":"Sweden","month":"2018-05","access_date":"2018-06-04","data":{"chrome":{"4":0,"5":0,"6":0,"7":0,"8":0,"9":0,"10":0,"11":0,"12":0,"13":0,"14":0,"15":0,"16":0,"17":0,"18":0,"19":0,"20":0,"21":0,"22":0.005867,"23":0,"24":0,"25":0,"26":0.005867,"27":0,"28":0,"29":0.076271,"30":0,"31":0.005867,"32":0,"33":0,"34":0.011734,"35":0,"36":0.005867,"37":0.005867,"38":0.041069,"39":0.017601,"40":0.005867,"41":0.005867,"42":0.017601,"43":0.005867,"44":0,"45":0,"46":0.011734,"47":0.005867,"48":0.011734,"49":0.246414,"50":0.005867,"51":0.035202,"52":0.082138,"53":0.011734,"54":0.023468,"55":0.041069,"56":0.029335,"57":0.029335,"58":0.035202,"59":0.023468,"60":0.046936,"61":0.05867,"62":0.123207,"63":0.199478,"64":0.228813,"65":2.076918,"66":15.13686,"67":0.11734,"68":0.011734,"69":0},"firefox":{"2":0,"3":0,"3.5":0,"3.6":0,"4":0,"5":0,"6":0,"7":0,"8":0,"9":0,"10":0,"11":0,"12":0,"13":0,"14":0,"15":0,"16":0,"17":0,"18":0,"19":0,"20":0.005867,"21":0,"22":0,"23":0.005867,"24":0,"25":0,"26":0,"27":0,"28":0,"29":0.046936,"30":0,"31":0.005867,"32":0,"33":0,"34":0.005867,"35":0,"36":0,"37":0,"38":0.005867,"39":0,"40":0.005867,"41":0,"42":0,"43":0.005867,"44":0,"45":0.011734,"46":0.005867,"47":0.005867,"48":0.046936,"49":0.005867,"50":0.005867,"51":0.005867,"52":0.363754,"53":0.011734,"54":0.005867,"55":0.011734,"56":0.041069,"57":0.029335,"58":0.029335,"59":1.419814,"60":1.079528,"61":0.011734,"62":0},"opera":{"9":0,"9.5-9.6":0,"10.0-10.1":0,"10.5":0,"10.6":0,"11":0,"11.1":0,"11.5":0,"11.6":0,"12":0,"12.1":0.005867,"15":0,"16":0,"17":0,"18":0,"19":0,"20":0,"21":0,"22":0,"23":0,"24":0,"25":0,"26":0,"27":0,"28":0,"29":0,"30":0,"31":0,"32":0.005867,"33":0.005867,"34":0,"35":0,"36":0.005867,"37":0,"38":0,"39":0,"40":0,"41":0,"42":0,"43":0.011734,"44":0,"45":0,"46":0.005867,"47":0,"48":0,"49":0,"50":0,"51":0,"52":0.252281,"53":0.064537},"safari":{"3.1":0,"3.2":0,"4":0,"5":0.005867,"5.1":0.017601,"6":0,"6.1":0.011734,"7":0.005867,"7.1":0,"8":0.088005,"9":0.05867,"9.1":0.305084,"10":0.146675,"10.1":0.46936,"11":0.545631,"11.1":1.971312,"0":null},"ios_saf":{"3.2":0.0037792807971,"4.0-4.1":0,"4.2-4.3":0.0075585615942,"5.0-5.1":0.0604684927536,"6.0-6.1":0.037792807971,"7.0-7.1":0.158729793478,"8":0.037792807971,"8.1-8.4":0.268328936594,"9.0-9.2":0.211639724638,"9.3":1.3076311558,"10.0-10.2":1.21314913587,"10.3":2.77399210507,"11.0-11.2":8.25394926087,"11.3":23.2161219366},"android":{"2.1":0,"2.2":0,"2.3":0,"3":0,"4":0,"4.1":0.0308360594059,"4.2-4.3":0.0706973069307,"4.4":0.266995148515,"4.4.3-4.4.4":0.163205485149,"66":null},"op_mob":{"10":null,"11":null,"11.1":null,"11.5":null,"12":null,"12.1":null,"0":null},"ie":{"5.5":0,"6":0,"7":0,"8":0.0117571439842,"9":0.052907147929,"10":0.0352714319527,"11":2.88050027613},"edge":{"12":0.005867,"13":0.029335,"14":0.088005,"15":0.205345,"16":1.566489,"17":0.498695,"18":null},"samsung":{"4":0.309731882353,"5":0.154865941176,"6.2":2.22343244118},"bb":{"7":0,"10":0},"ie_mob":{"10":0.01136575,"11":0.03409725},"and_uc":{"0":0.115724},"op_mini":{"0":0.109560006873},"and_chr":{"0":24.255875},"baidu":{"0":null},"and_ff":{"0":0.235581},"and_qq":{"1.2":null}},"total":96.8744152716}