{"id":"SG","name":"Singapore","month":"2018-05","access_date":"2018-06-04","data":{"chrome":{"4":0,"5":0,"6":0,"7":0,"8":0,"9":0,"10":0,"11":0.001705,"12":0,"13":0,"14":0,"15":0,"16":0,"17":0,"18":0.001705,"19":0,"20":0,"21":0,"22":0.001705,"23":0,"24":0,"25":0,"26":0,"27":0.001705,"28":0.001705,"29":0.008525,"30":0.005115,"31":0.00341,"32":0.001705,"33":0.001705,"34":0.001705,"35":0,"36":0.00341,"37":0.005115,"38":0.005115,"39":0,"40":0,"41":0,"42":0,"43":0.001705,"44":0,"45":0,"46":0.001705,"47":0.001705,"48":0.001705,"49":0.028985,"50":0.001705,"51":0.00341,"52":0.001705,"53":0.001705,"54":0.001705,"55":0.00682,"56":0.00341,"57":0.00341,"58":0.008525,"59":0.00341,"60":0.00682,"61":0.005115,"62":0.00682,"63":0.02046,"64":0.02387,"65":0.14663,"66":1.62657,"67":0.01364,"68":0.00341,"69":0},"firefox":{"2":0,"3":0,"3.5":0,"3.6":0,"4":0,"5":0,"6":0,"7":0,"8":0,"9":0,"10":0,"11":0,"12":0,"13":0,"14":0,"15":0,"16":0,"17":0,"18":0,"19":0,"20":0,"21":0,"22":0,"23":0,"24":0,"25":0,"26":0,"27":0,"28":0,"29":0.001705,"30":0,"31":0.001705,"32":0,"33":0,"34":0.00341,"35":0,"36":0,"37":0,"38":0.001705,"39":0,"40":0,"41":0,"42":0,"43":0.00341,"44":0.001705,"45":0.001705,"46":0,"47":0.00341,"48":0.005115,"49":0.001705,"50":0.001705,"51":0.001705,"52":0.015345,"53":0.001705,"54":0.001705,"55":0.001705,"56":0.005115,"57":0.00341,"58":0.00341,"59":0.117645,"60":0.09889,"61":0.008525,"62":0},"opera":{"9":0,"9.5-9.6":0,"10.0-10.1":0,"10.5":0,"10.6":0,"11":0,"11.1":0,"11.5":0,"11.6":0,"12":0,"12.1":0.001705,"15":0,"16":0,"17":0,"18":0,"19":0,"20":0.001705,"21":0,"22":0,"23":0,"24":0,"25":0,"26":0,"27":0,"28":0,"29":0,"30":0.001705,"31":0,"32":0.00341,"33":0.01023,"34":0,"35":0.00341,"36":0,"37":0.069905,"38":0,"39":0,"40":0,"41":0,"42":0,"43":0.001705,"44":0,"45":0.001705,"46":0.00341,"47":0,"48":0,"49":0,"50":0,"51":0.001705,"52":0.03069,"53":0.008525},"safari":{"3.1":0,"3.2":0,"4":0,"5":0,"5.1":0.001705,"6":0,"6.1":0.001705,"7":0,"7.1":0,"8":0.00341,"9":0.00341,"9.1":0.01023,"10":0.00682,"10.1":0.018755,"11":0.02728,"11.1":0.076725,"0":null},"ios_saf":{"3.2":0.000712036030596,"4.0-4.1":0,"4.2-4.3":0.00142407206119,"5.0-5.1":0.0113925764895,"6.0-6.1":0.00712036030596,"7.0-7.1":0.029905513285,"8":0.00712036030596,"8.1-8.4":0.0505545581723,"9.0-9.2":0.0398740177134,"9.3":0.246364466586,"10.0-10.2":0.228563565821,"10.3":0.522634446457,"11.0-11.2":1.55508669082,"11.3":4.37403733595},"android":{"2.1":0,"2.2":0,"2.3":0,"3":0,"4":0,"4.1":0.0295756718529,"4.2-4.3":0.0678076379066,"4.4":0.256082036775,"4.4.3-4.4.4":0.156534653465,"66":null},"op_mob":{"10":null,"11":null,"11.1":null,"11.5":null,"12":null,"12.1":null,"0":null},"ie":{"5.5":0,"6":0,"7":0,"8":0.00861198979592,"9":0.00344479591837,"10":0.00516719387755,"11":0.151571020408},"edge":{"12":0.001705,"13":0.001705,"14":0.005115,"15":0.005115,"16":0.06479,"17":0.022165,"18":null},"samsung":{"4":1.32461678201,"5":0.203787197232,"6.2":1.18196574394},"bb":{"7":0.044793,"10":0.179172},"ie_mob":{"10":0,"11":0.04977},"and_uc":{"0":32.00211},"op_mini":{"0":4.36636257732},"and_chr":{"0":35.533225},"baidu":{"0":null},"and_ff":{"0":0.14931},"and_qq":{"1.2":null}},"total":85.4348573005}