{"id":"SK","name":"Slovakia (Slovak Republic)","month":"2018-05","access_date":"2018-06-04","data":{"chrome":{"4":null,"5":null,"6":null,"7":null,"8":null,"9":null,"10":null,"11":0.026348,"12":0.013174,"13":null,"14":null,"15":null,"16":null,"17":null,"18":null,"19":null,"20":null,"21":null,"22":0.019761,"23":null,"24":null,"25":null,"26":null,"27":null,"28":null,"29":0.013174,"30":0.013174,"31":0.013174,"32":null,"33":0.013174,"34":0.032935,"35":null,"36":0.019761,"37":0.032935,"38":0.046109,"39":0.013174,"40":0.006587,"41":null,"42":0.013174,"43":0.046109,"44":0.013174,"45":null,"46":0.046109,"47":0.013174,"48":0.019761,"49":1.244943,"50":0.013174,"51":0.019761,"52":0.013174,"53":0.013174,"54":0.013174,"55":0.039522,"56":0.032935,"57":0.019761,"58":0.138327,"59":0.039522,"60":0.072457,"61":0.06587,"62":0.098805,"63":0.151501,"64":0.19761,"65":2.055144,"66":33.949398,"67":0.223958,"68":0.026348,"69":null},"firefox":{"2":0.026348,"3":null,"3.5":null,"3.6":0.013174,"4":null,"5":null,"6":null,"7":null,"8":null,"9":null,"10":0.006587,"11":null,"12":null,"13":null,"14":null,"15":null,"16":null,"17":null,"18":null,"19":null,"20":null,"21":null,"22":null,"23":null,"24":0.006587,"25":null,"26":null,"27":null,"28":null,"29":0.006587,"30":null,"31":0.006587,"32":0.006587,"33":0.032935,"34":0.019761,"35":null,"36":0.006587,"37":0.889245,"38":0.032935,"39":null,"40":null,"41":0.013174,"42":0.013174,"43":0.026348,"44":null,"45":0.052696,"46":null,"47":0.039522,"48":0.085631,"49":0.019761,"50":0.046109,"51":0.019761,"52":2.134188,"53":0.039522,"54":0.046109,"55":0.079044,"56":0.125153,"57":0.118566,"58":0.105392,"59":5.302535,"60":4.485747,"61":0.039522,"62":0.006587},"opera":{"9":null,"9.5-9.6":null,"10.0-10.1":0,"10.5":null,"10.6":null,"11":null,"11.1":null,"11.5":null,"11.6":null,"12":null,"12.1":0.098805,"15":null,"16":null,"17":null,"18":null,"19":null,"20":0.006587,"21":null,"22":null,"23":null,"24":null,"25":null,"26":null,"27":null,"28":null,"29":null,"30":null,"31":0.019761,"32":null,"33":null,"34":null,"35":null,"36":0.098805,"37":null,"38":null,"39":null,"40":null,"41":null,"42":0.006587,"43":0.006587,"44":null,"45":null,"46":0.006587,"47":null,"48":0.006587,"49":null,"50":0.019761,"51":0.019761,"52":2.825823,"53":0.652113},"safari":{"3.1":null,"3.2":null,"4":0,"5":0.006587,"5.1":0.026348,"6":null,"6.1":null,"7":null,"7.1":null,"8":0.013174,"9":0.032935,"9.1":0.118566,"10":0.06587,"10.1":0.217371,"11":0.520373,"11.1":1.758729,"0":null},"ios_saf":{"3.2":0.00062122705314,"4.0-4.1":0,"4.2-4.3":0.00124245410628,"5.0-5.1":0.00993963285024,"6.0-6.1":0.0062122705314,"7.0-7.1":0.0260915362319,"8":0.0062122705314,"8.1-8.4":0.0441071207729,"9.0-9.2":0.0347887149758,"9.3":0.214944560386,"10.0-10.2":0.199413884058,"10.3":0.455980657005,"11.0-11.2":1.35675988406,"11.3":3.81619778744},"android":{"2.1":0,"2.2":0,"2.3":0,"3":0,"4":0,"4.1":0.0332611485149,"4.2-4.3":0.0762572673267,"4.4":0.287992871287,"4.4.3-4.4.4":0.176040712871,"66":null},"op_mob":{"10":null,"11":null,"11.1":null,"11.5":null,"12":null,"12.1":null,"0":null},"ie":{"5.5":null,"6":null,"7":null,"8":0.146684843177,"9":0.233362250509,"10":0.0600074358452,"11":2.83368447047},"edge":{"12":0.019761,"13":0.026348,"14":0.085631,"15":0.079044,"16":1.38327,"17":0.494025,"18":null},"samsung":{"4":0.30171225,"5":0.0862035,"6.2":1.1314209375},"bb":{"7":0.0061452,"10":0.0245808},"ie_mob":{"10":0.0124145454545,"11":0.124145454545},"and_uc":{"0":0.095592},"op_mini":{"0":0.439573030928},"and_chr":{"0":24.931196},"baidu":{"0":null},"and_ff":{"0":0.327744},"and_qq":{"1.2":null}},"total":98.8123267184}