{"id":"SL","name":"Sierra Leone","month":"2018-05","access_date":"2018-06-04","data":{"chrome":{"4":0,"5":0,"6":0,"7":0,"8":0,"9":0,"10":0,"11":0.00167,"12":0,"13":0,"14":0,"15":0,"16":0,"17":0,"18":0,"19":0,"20":0,"21":0,"22":0,"23":0,"24":0,"25":0.00167,"26":0.00167,"27":0,"28":0.00167,"29":0,"30":0.00167,"31":0,"32":0.00167,"33":0.00501,"34":0.00167,"35":0,"36":0.00167,"37":0,"38":0,"39":0,"40":0,"41":0,"42":0,"43":0.03507,"44":0.00167,"45":0,"46":0,"47":0,"48":0,"49":0.00501,"50":0.00167,"51":0,"52":0,"53":0.00167,"54":0,"55":0.02004,"56":0.00167,"57":0,"58":0.01503,"59":0.00167,"60":0.03674,"61":0.00501,"62":0.00501,"63":0.00835,"64":0.02004,"65":0.07181,"66":1.06045,"67":0.01837,"68":0.00334,"69":0},"firefox":{"2":0,"3":0.00167,"3.5":0,"3.6":0,"4":0.00167,"5":0,"6":0,"7":0,"8":0,"9":0,"10":0,"11":0.00167,"12":0.00167,"13":0.00167,"14":0,"15":0.00167,"16":0,"17":0,"18":0,"19":0,"20":0,"21":0,"22":0,"23":0.00167,"24":0,"25":0.00167,"26":0,"27":0,"28":0,"29":0,"30":0.00334,"31":0,"32":0,"33":0.00334,"34":0,"35":0,"36":0.00167,"37":0,"38":0.00334,"39":0,"40":0.00167,"41":0.00167,"42":0.00167,"43":0.0167,"44":0.00501,"45":0.00334,"46":0.00167,"47":0.02338,"48":0.00501,"49":0.00334,"50":0.00167,"51":0.00167,"52":0.00668,"53":0.00167,"54":0.00167,"55":0.00167,"56":0.00668,"57":0.00334,"58":0.00835,"59":0.21543,"60":0.19205,"61":0.03841,"62":0.00835},"opera":{"9":0,"9.5-9.6":0,"10.0-10.1":0,"10.5":0,"10.6":0,"11":0.00501,"11.1":0,"11.5":0,"11.6":0,"12":0,"12.1":0.35237,"15":0.00167,"16":0.00835,"17":0.00501,"18":0.00167,"19":0.00334,"20":0.1169,"21":0.01336,"22":0.00334,"23":0.04676,"24":0.0167,"25":0,"26":0.00167,"27":0,"28":0.00334,"29":0.00501,"30":0.00835,"31":0,"32":0.04175,"33":0.0334,"34":0,"35":0.00167,"36":0.00501,"37":0.00501,"38":0,"39":0,"40":0,"41":0,"42":0.00334,"43":0.00167,"44":0,"45":0.00668,"46":0.01002,"47":0,"48":0.00167,"49":0.00501,"50":0.00334,"51":0.01169,"52":0.12358,"53":0.03006},"safari":{"3.1":0,"3.2":0,"4":0,"5":0,"5.1":0,"6":0,"6.1":0,"7":0,"7.1":0,"8":0.00334,"9":0.00167,"9.1":0.00668,"10":0.00501,"10.1":0.00501,"11":0.01169,"11.1":0.03507,"0":null},"ios_saf":{"3.2":0.000256816626409,"4.0-4.1":0,"4.2-4.3":0.000513633252818,"5.0-5.1":0.00410906602254,"6.0-6.1":0.00256816626409,"7.0-7.1":0.0107862983092,"8":0.00256816626409,"8.1-8.4":0.018233980475,"9.0-9.2":0.0143817310789,"9.3":0.0888585527375,"10.0-10.2":0.0824381370773,"10.3":0.188503403784,"11.0-11.2":0.560887512077,"11.3":1.57762453603},"android":{"2.1":0,"2.2":0,"2.3":0,"3":0,"4":0,"4.1":0.130867128713,"4.2-4.3":0.300036831683,"4.4":1.13311782178,"4.4.3-4.4.4":0.692638217822,"66":null},"op_mob":{"10":null,"11":null,"11.1":null,"11.5":null,"12":null,"12.1":null,"0":null},"ie":{"5.5":0,"6":0,"7":0,"8":0.0118243678161,"9":0.0050675862069,"10":0.0118243678161,"11":0.118243678161},"edge":{"12":0.03006,"13":0.02171,"14":0.02338,"15":0.01503,"16":0.10354,"17":0.01837,"18":null},"samsung":{"4":0.808233624161,"5":0.0716156375839,"6.2":0.552463489933},"bb":{"7":0.011662,"10":0.046648},"ie_mob":{"10":0.0314480898876,"11":0.901511910112},"and_uc":{"0":7.32207},"op_mini":{"0":49.8808844502},"and_chr":{"0":18.68906},"baidu":{"0":null},"and_ff":{"0":0.2499},"and_qq":{"1.2":null}},"total":86.5852972018}