{"id":"SM","name":"San Marino","month":"2018-05","access_date":"2018-06-04","data":{"chrome":{"4":0,"5":0,"6":0,"7":0,"8":0,"9":0,"10":0,"11":0,"12":0,"13":0,"14":0,"15":0,"16":0,"17":0,"18":0,"19":0,"20":0,"21":0,"22":0,"23":0,"24":0,"25":0,"26":0,"27":0,"28":0,"29":0,"30":0,"31":0,"32":0,"33":0,"34":0.008316,"35":0,"36":0,"37":0,"38":0.008316,"39":0.008316,"40":0,"41":0,"42":0,"43":0,"44":0,"45":0,"46":0.008316,"47":0,"48":0,"49":0.856548,"50":0,"51":0.024948,"52":0,"53":0,"54":0,"55":0.008316,"56":0.024948,"57":0,"58":0.066528,"59":0.008316,"60":0.024948,"61":0.016632,"62":0.008316,"63":0.033264,"64":0.04158,"65":2.03742,"66":38.228652,"67":0.099792,"68":0,"69":0},"firefox":{"2":0,"3":0,"3.5":0,"3.6":0,"4":0,"5":0,"6":0,"7":0,"8":0,"9":0,"10":0,"11":0,"12":0,"13":0,"14":0,"15":0,"16":0,"17":0,"18":0,"19":0,"20":0,"21":0,"22":0,"23":0,"24":0,"25":0.008316,"26":0,"27":0,"28":0,"29":0,"30":0,"31":0,"32":0,"33":0,"34":0,"35":0,"36":0,"37":0,"38":0,"39":0,"40":0,"41":0,"42":0.216216,"43":0,"44":0,"45":0,"46":0,"47":0.016632,"48":0.108108,"49":0.008316,"50":0.016632,"51":0.016632,"52":0.199584,"53":0.008316,"54":0,"55":0.232848,"56":0.04158,"57":0.08316,"58":0.058212,"59":4.7817,"60":3.018708,"61":0.016632,"62":0},"opera":{"9":0,"9.5-9.6":0,"10.0-10.1":0,"10.5":0,"10.6":0,"11":0,"11.1":0,"11.5":0,"11.6":0,"12":0,"12.1":0,"15":0,"16":0,"17":0,"18":0,"19":0,"20":0,"21":0,"22":0,"23":0,"24":0,"25":0,"26":0,"27":0,"28":0,"29":0,"30":0,"31":0,"32":0,"33":0,"34":0,"35":0,"36":0.008316,"37":0,"38":0,"39":0,"40":0,"41":0,"42":0,"43":0,"44":0,"45":0,"46":0.016632,"47":0,"48":0,"49":0,"50":0,"51":0,"52":0.16632,"53":0.174636},"safari":{"3.1":0,"3.2":0,"4":0,"5":0.008316,"5.1":0.04158,"6":0,"6.1":0.016632,"7":0,"7.1":0,"8":0,"9":0,"9.1":1.230768,"10":0.515592,"10.1":0.24948,"11":2.378376,"11.1":2.61954,"0":null},"ios_saf":{"3.2":0.00134907085346,"4.0-4.1":0,"4.2-4.3":0.00269814170692,"5.0-5.1":0.0215851336554,"6.0-6.1":0.0134907085346,"7.0-7.1":0.0566609758454,"8":0.0134907085346,"8.1-8.4":0.0957840305958,"9.0-9.2":0.0755479677939,"9.3":0.466778515298,"10.0-10.2":0.433051743961,"10.3":0.990218006441,"11.0-11.2":2.94637074396,"11.3":8.28734225282},"android":{"2.1":0,"2.2":0,"2.3":0,"3":0,"4":0,"4.1":0.0149186647808,"4.2-4.3":0.0342037680339,"4.4":0.129173804809,"4.4.3-4.4.4":0.0789597623762,"66":null},"op_mob":{"10":null,"11":null,"11.1":null,"11.5":null,"12":null,"12.1":null,"0":null},"ie":{"5.5":0,"6":0.024948,"7":0,"8":0.349272,"9":0,"10":0.04158,"11":3.234924},"edge":{"12":0,"13":0.099792,"14":0.024948,"15":0.216216,"16":2.893968,"17":2.195424,"18":null},"samsung":{"4":0.186709021277,"5":0.0311181702128,"6.2":0.622363404255},"bb":{"7":0,"10":0},"ie_mob":{"10":0.0103846666667,"11":0.0519233333333},"and_uc":{"0":0.003368},"op_mini":{"0":0.003188604811},"and_chr":{"0":16.92694},"baidu":{"0":null},"and_ff":{"0":0.141456},"and_qq":{"1.2":null}},"total":98.4913992006}