{"id":"SN","name":"Senegal","month":"2018-05","access_date":"2018-06-04","data":{"chrome":{"4":0,"5":0,"6":0.003408,"7":0,"8":0,"9":0.003408,"10":0,"11":0.013632,"12":0.003408,"13":0.003408,"14":0,"15":0,"16":0.006816,"17":0.003408,"18":0.003408,"19":0.003408,"20":0.003408,"21":0,"22":0.003408,"23":0,"24":0.003408,"25":0,"26":0.003408,"27":0.003408,"28":0.003408,"29":0.003408,"30":0.006816,"31":0.003408,"32":0.006816,"33":0.003408,"34":0.003408,"35":0.003408,"36":0.003408,"37":0,"38":0.006816,"39":0,"40":0.006816,"41":0,"42":0,"43":0.027264,"44":0.003408,"45":0.010224,"46":0.003408,"47":0.010224,"48":0,"49":0.214704,"50":0.006816,"51":0,"52":0.003408,"53":0.003408,"54":0.023856,"55":0.01704,"56":0.013632,"57":0.013632,"58":0.03408,"59":0.013632,"60":0.160176,"61":0.013632,"62":0.03408,"63":0.057936,"64":0.054528,"65":0.385104,"66":5.732256,"67":0.054528,"68":0.003408,"69":0},"firefox":{"2":0,"3":0.003408,"3.5":0,"3.6":0,"4":0.006816,"5":0,"6":0,"7":0,"8":0.003408,"9":0,"10":0,"11":0,"12":0.006816,"13":0,"14":0.003408,"15":0.010224,"16":0.003408,"17":0,"18":0,"19":0.003408,"20":0,"21":0,"22":0.003408,"23":0,"24":0,"25":0,"26":0.003408,"27":0.003408,"28":0.003408,"29":0,"30":0.003408,"31":0.003408,"32":0.047712,"33":0,"34":0,"35":0.006816,"36":0.003408,"37":0.003408,"38":0.006816,"39":0.003408,"40":0.003408,"41":0.003408,"42":0.003408,"43":0.023856,"44":0.003408,"45":0.006816,"46":0.003408,"47":0.05112,"48":0.054528,"49":0.010224,"50":0.010224,"51":0.027264,"52":0.0852,"53":0.006816,"54":0.006816,"55":0.013632,"56":0.020448,"57":0.03408,"58":0.020448,"59":0.926976,"60":0.702048,"61":0.027264,"62":0},"opera":{"9":0,"9.5-9.6":0,"10.0-10.1":0,"10.5":0,"10.6":0,"11":0,"11.1":0,"11.5":0,"11.6":0,"12":0,"12.1":0.006816,"15":0,"16":0,"17":0,"18":0,"19":0,"20":0.003408,"21":0,"22":0.006816,"23":0.003408,"24":0,"25":0,"26":0,"27":0,"28":0,"29":0,"30":0,"31":0,"32":0,"33":0.003408,"34":0,"35":0,"36":0.010224,"37":0.003408,"38":0,"39":0,"40":0,"41":0,"42":0.006816,"43":0.003408,"44":0,"45":0,"46":0.003408,"47":0.003408,"48":0.003408,"49":0.003408,"50":0.003408,"51":0.003408,"52":0.262416,"53":0.071568},"safari":{"3.1":0,"3.2":0,"4":0,"5":0.003408,"5.1":0.010224,"6":0.003408,"6.1":0.003408,"7":0.003408,"7.1":0.003408,"8":0.013632,"9":0.010224,"9.1":0.061344,"10":0.023856,"10.1":0.074976,"11":0.092016,"11.1":0.190848,"0":null},"ios_saf":{"3.2":0.00107912399356,"4.0-4.1":0,"4.2-4.3":0.00215824798712,"5.0-5.1":0.0172659838969,"6.0-6.1":0.0107912399356,"7.0-7.1":0.0453232077295,"8":0.0107912399356,"8.1-8.4":0.0766178035427,"9.0-9.2":0.0604309436393,"9.3":0.373376901771,"10.0-10.2":0.346398801932,"10.3":0.792077011272,"11.0-11.2":2.35680680193,"11.3":6.62905869243},"android":{"2.1":0,"2.2":0,"2.3":0,"3":0,"4":0,"4.1":0.212701736917,"4.2-4.3":0.487657640736,"4.4":1.84168577086,"4.4.3-4.4.4":1.12576285149,"66":null},"op_mob":{"10":null,"11":null,"11.1":null,"11.5":null,"12":null,"12.1":null,"0":null},"ie":{"5.5":0,"6":0,"7":0,"8":0.020448,"9":0.010224,"10":0.037488,"11":0.449856},"edge":{"12":0.030672,"13":0.027264,"14":0.05112,"15":0.05112,"16":0.218112,"17":0.03408,"18":null},"samsung":{"4":1.55519206761,"5":0.317177329577,"6.2":1.63704428169},"bb":{"7":0.0145024,"10":0.0580096},"ie_mob":{"10":0.163601454545,"11":1.03614254545},"and_uc":{"0":0.646016},"op_mini":{"0":1.79737336082},"and_chr":{"0":63.982592},"baidu":{"0":null},"and_ff":{"0":0.217536},"and_qq":{"1.2":null}},"total":96.8264190397}