{"id":"SO","name":"Somalia","month":"2018-05","access_date":"2018-06-04","data":{"chrome":{"4":0,"5":0,"6":0,"7":0,"8":0,"9":0.00177,"10":0,"11":0.00177,"12":0,"13":0,"14":0,"15":0,"16":0,"17":0,"18":0,"19":0,"20":0.00354,"21":0.00354,"22":0,"23":0,"24":0,"25":0,"26":0.02124,"27":0,"28":0,"29":0.00177,"30":0,"31":0.00177,"32":0,"33":0.02655,"34":0,"35":0,"36":0.00354,"37":0,"38":0.00177,"39":0,"40":0.00708,"41":0.00177,"42":0,"43":0.26904,"44":0,"45":0.00708,"46":0.00177,"47":0,"48":0,"49":0.01593,"50":0.00177,"51":0.00177,"52":0,"53":0,"54":0.00177,"55":0.02301,"56":0.00177,"57":0,"58":0.00708,"59":0.00177,"60":0.01416,"61":0.00177,"62":0.00354,"63":0.01062,"64":0.01239,"65":0.09912,"66":1.57176,"67":0.01593,"68":0.00885,"69":0},"firefox":{"2":0,"3":0.01239,"3.5":0,"3.6":0,"4":0,"5":0,"6":0,"7":0,"8":0,"9":0,"10":0,"11":0,"12":0,"13":0,"14":0,"15":0,"16":0,"17":0,"18":0,"19":0.00177,"20":0,"21":0,"22":0,"23":0,"24":0,"25":0,"26":0,"27":0,"28":0,"29":0,"30":0,"31":0,"32":0,"33":0,"34":0,"35":0,"36":0.00177,"37":0.00177,"38":0,"39":0,"40":0,"41":0,"42":0,"43":0.00354,"44":0.00177,"45":0,"46":0.00354,"47":0.00531,"48":0.00531,"49":0.00177,"50":0,"51":0,"52":0.00177,"53":0.00177,"54":0,"55":0.00177,"56":0.00177,"57":0.00177,"58":0.00177,"59":0.08673,"60":0.06195,"61":0.01239,"62":0},"opera":{"9":0,"9.5-9.6":0,"10.0-10.1":0,"10.5":0,"10.6":0,"11":0.00708,"11.1":0,"11.5":0,"11.6":0,"12":0,"12.1":0.01416,"15":0,"16":0.00354,"17":0,"18":0,"19":0.00531,"20":0.00708,"21":0,"22":0.00177,"23":0.01593,"24":0,"25":0,"26":0.00177,"27":0,"28":0,"29":0.00177,"30":0.00354,"31":0,"32":0.00531,"33":0.01062,"34":0.00354,"35":0,"36":0,"37":0.00177,"38":0,"39":0,"40":0.00177,"41":0,"42":0.01416,"43":0,"44":0,"45":0.00177,"46":0.00708,"47":0,"48":0,"49":0.00177,"50":0.00177,"51":0,"52":0.35577,"53":0.0177},"safari":{"3.1":0,"3.2":0,"4":0,"5":0,"5.1":0,"6":0,"6.1":0,"7":0,"7.1":0,"8":0.00177,"9":0.00177,"9.1":0.00177,"10":0,"10.1":0,"11":0.00531,"11.1":0.02478,"0":null},"ios_saf":{"3.2":0.000123685587762,"4.0-4.1":0,"4.2-4.3":0.000247371175523,"5.0-5.1":0.00197896940419,"6.0-6.1":0.00123685587762,"7.0-7.1":0.00519479468599,"8":0.00123685587762,"8.1-8.4":0.00878167673108,"9.0-9.2":0.00692639291465,"9.3":0.0427952133655,"10.0-10.2":0.0397030736715,"10.3":0.0907852214171,"11.0-11.2":0.270129323671,"11.3":0.75980056562},"android":{"2.1":0,"2.2":0,"2.3":0,"3":0,"4":0,"4.1":0.144973564356,"4.2-4.3":0.332378415842,"4.4":1.25525891089,"4.4.3-4.4.4":0.767299108911,"66":null},"op_mob":{"10":null,"11":null,"11.1":null,"11.5":null,"12":null,"12.1":null,"0":null},"ie":{"5.5":0,"6":0,"7":0,"8":0.00354,"9":0.00177,"10":0.00708,"11":0.03363},"edge":{"12":0.01416,"13":0.01416,"14":0.00885,"15":0.01239,"16":0.06726,"17":0.00708,"18":null},"samsung":{"4":1.43731747126,"5":0.192317126437,"6.2":0.971707586207},"bb":{"7":0.003292,"10":0.013168},"ie_mob":{"10":0,"11":0.14814},"and_uc":{"0":29.60331},"op_mini":{"0":12.3497371993},"and_chr":{"0":39.39684},"baidu":{"0":null},"and_ff":{"0":0.07407},"and_qq":{"1.2":null}},"total":90.9666893832}