{"id":"SR","name":"Suriname","month":"2018-05","access_date":"2018-06-04","data":{"chrome":{"4":0,"5":0,"6":0,"7":0,"8":0,"9":0,"10":0,"11":0,"12":0,"13":0,"14":0,"15":0,"16":0,"17":0,"18":0.009526,"19":0,"20":0,"21":0,"22":0.009526,"23":0,"24":0,"25":0,"26":0.004763,"27":0,"28":0.004763,"29":0.09526,"30":0,"31":0,"32":0.004763,"33":0,"34":0.019052,"35":0,"36":0.014289,"37":0,"38":0.009526,"39":0,"40":0.004763,"41":0,"42":0,"43":0.038104,"44":0,"45":0,"46":0,"47":0.009526,"48":0,"49":0.504878,"50":0.009526,"51":0.023815,"52":0.004763,"53":0.009526,"54":0,"55":0.128601,"56":0.071445,"57":0.014289,"58":0.071445,"59":0.04763,"60":0.219098,"61":0.023815,"62":0.009526,"63":0.14289,"64":0.14289,"65":0.800184,"66":12.178991,"67":0.090497,"68":0.014289,"69":0},"firefox":{"2":0,"3":0,"3.5":0,"3.6":0,"4":0,"5":0,"6":0,"7":0,"8":0,"9":0,"10":0,"11":0,"12":0,"13":0,"14":0,"15":0,"16":0,"17":0,"18":0,"19":0,"20":0,"21":0,"22":0,"23":0,"24":0,"25":0,"26":0,"27":0,"28":0,"29":0,"30":0.004763,"31":0,"32":0,"33":0,"34":0,"35":0,"36":0.004763,"37":0,"38":0.004763,"39":0.004763,"40":0,"41":0,"42":0,"43":0.004763,"44":0,"45":0,"46":0,"47":0.004763,"48":0.019052,"49":0,"50":0.004763,"51":0.004763,"52":0.080971,"53":0.023815,"54":0,"55":0.004763,"56":0.009526,"57":0.161942,"58":0.023815,"59":1.062149,"60":0.85734,"61":0.366751,"62":0.009526},"opera":{"9":0,"9.5-9.6":0,"10.0-10.1":0,"10.5":0,"10.6":0,"11":0,"11.1":0,"11.5":0,"11.6":0,"12":0,"12.1":0.009526,"15":0,"16":0,"17":0.014289,"18":0,"19":0,"20":0,"21":0,"22":0,"23":0,"24":0,"25":0,"26":0,"27":0,"28":0,"29":0.004763,"30":0,"31":0,"32":0,"33":0.019052,"34":0,"35":0,"36":0.004763,"37":0.038104,"38":0,"39":0,"40":0,"41":0,"42":0,"43":0.004763,"44":0,"45":0,"46":0.004763,"47":0,"48":0.04763,"49":0,"50":0,"51":0.004763,"52":0.300069,"53":0.061919},"safari":{"3.1":0,"3.2":0,"4":0,"5":0,"5.1":0,"6":0,"6.1":0,"7":0,"7.1":0,"8":0.004763,"9":0,"9.1":0.023815,"10":0.009526,"10.1":0.104786,"11":0.066682,"11.1":0.409618,"0":null},"ios_saf":{"3.2":0.00101790438808,"4.0-4.1":0,"4.2-4.3":0.00203580877617,"5.0-5.1":0.0162864702093,"6.0-6.1":0.0101790438808,"7.0-7.1":0.0427519842995,"8":0.0101790438808,"8.1-8.4":0.0722712115539,"9.0-9.2":0.0570026457327,"9.3":0.352194918277,"10.0-10.2":0.326747308575,"10.3":0.747141820853,"11.0-11.2":2.22310318357,"11.3":6.252986656},"android":{"2.1":0,"2.2":0,"2.3":0,"3":0,"4":0,"4.1":0.196087110325,"4.2-4.3":0.449565570014,"4.4":1.69782741867,"4.4.3-4.4.4":1.03782690099,"66":null},"op_mob":{"10":null,"11":null,"11.1":null,"11.5":null,"12":null,"12.1":null,"0":null},"ie":{"5.5":0,"6":0,"7":0,"8":0.023815,"9":0.028578,"10":0.166705,"11":0.733502},"edge":{"12":0.023815,"13":0.033341,"14":0.104786,"15":0.209572,"16":0.838288,"17":0.200046,"18":null},"samsung":{"4":3.67884181542,"5":0.386696440825,"6.2":5.46600644734},"bb":{"7":0.0764602,"10":0.3058408},"ie_mob":{"10":0.0460856,"11":0.2995564},"and_uc":{"0":1.251643},"op_mini":{"0":0.704043563574},"and_chr":{"0":46.978906},"baidu":{"0":null},"and_ff":{"0":0.15711},"and_qq":{"1.2":null}},"total":93.7321502672}