{"id":"ST","name":"Sao Tome and Principe","month":"2018-05","access_date":"2018-06-04","data":{"chrome":{"4":0,"5":0,"6":0,"7":0,"8":0,"9":0,"10":0,"11":0.003172,"12":0,"13":0,"14":0,"15":0,"16":0,"17":0,"18":0,"19":0,"20":0,"21":0,"22":0.003172,"23":0,"24":0,"25":0,"26":0.003172,"27":0,"28":0,"29":0.003172,"30":0,"31":0,"32":0,"33":0.044408,"34":0,"35":0,"36":0,"37":0,"38":0,"39":0,"40":0.053924,"41":0,"42":0,"43":0.69784,"44":0,"45":0.003172,"46":0.053924,"47":0.006344,"48":0,"49":0.11102,"50":0.006344,"51":0.003172,"52":0.006344,"53":0.003172,"54":0.003172,"55":0.012688,"56":0.012688,"57":0.003172,"58":0.019032,"59":0,"60":0.256932,"61":0.01586,"62":0.022204,"63":0.060268,"64":0.022204,"65":0.431392,"66":5.56686,"67":0.04758,"68":0.003172,"69":0},"firefox":{"2":0,"3":0,"3.5":0,"3.6":0,"4":0,"5":0,"6":0,"7":0,"8":0,"9":0,"10":0,"11":0.003172,"12":0,"13":0,"14":0,"15":0,"16":0,"17":0,"18":0,"19":0,"20":0,"21":0,"22":0,"23":0,"24":0,"25":0,"26":0,"27":0,"28":0.006344,"29":0,"30":0,"31":0,"32":0,"33":0,"34":0,"35":0.003172,"36":0,"37":0,"38":0,"39":0,"40":0,"41":0,"42":0.009516,"43":0.003172,"44":0,"45":0.003172,"46":0,"47":0.003172,"48":0,"49":0.003172,"50":0,"51":0,"52":0.044408,"53":0,"54":0,"55":0,"56":0.003172,"57":0.003172,"58":0.003172,"59":0.26962,"60":0.326716,"61":0.012688,"62":0},"opera":{"9":0,"9.5-9.6":0,"10.0-10.1":0,"10.5":0,"10.6":0,"11":0,"11.1":0,"11.5":0,"11.6":0,"12":0,"12.1":0.104676,"15":0,"16":0,"17":0,"18":0,"19":0,"20":0,"21":0,"22":0,"23":0,"24":0,"25":0,"26":0,"27":0,"28":0,"29":0,"30":0,"31":0,"32":0.01586,"33":0.006344,"34":0,"35":0,"36":0,"37":0,"38":0,"39":0,"40":0,"41":0,"42":0,"43":0,"44":0,"45":0,"46":0,"47":0,"48":0.022204,"49":0,"50":0.003172,"51":0.085644,"52":0.12688,"53":0.022204},"safari":{"3.1":0,"3.2":0,"4":0,"5":0,"5.1":0,"6":0,"6.1":0,"7":0,"7.1":0,"8":0,"9":0,"9.1":0.003172,"10":0,"10.1":0.003172,"11":0.117364,"11.1":0.136396,"0":null},"ios_saf":{"3.2":0.000179471014493,"4.0-4.1":0,"4.2-4.3":0.000358942028986,"5.0-5.1":0.00287153623188,"6.0-6.1":0.00179471014493,"7.0-7.1":0.0075377826087,"8":0.00179471014493,"8.1-8.4":0.012742442029,"9.0-9.2":0.0100503768116,"9.3":0.0620969710145,"10.0-10.2":0.0576101956522,"10.3":0.131731724638,"11.0-11.2":0.391964695652,"11.3":1.10249044203},"android":{"2.1":0,"2.2":0,"2.3":0,"3":0,"4":0,"4.1":0.262898031117,"4.2-4.3":0.60274182744,"4.4":2.27631222065,"4.4.3-4.4.4":1.39143592079,"66":null},"op_mob":{"10":null,"11":null,"11.1":null,"11.5":null,"12":null,"12.1":null,"0":null},"ie":{"5.5":0,"6":0,"7":0,"8":0.0128044036697,"9":0.00320110091743,"10":0.0128044036697,"11":0.320110091743},"edge":{"12":0.019032,"13":0.050752,"14":0.019032,"15":0.025376,"16":0.275964,"17":0.107848,"18":null},"samsung":{"4":0.206465714286,"5":0.0825862857143,"6.2":1.42461342857},"bb":{"7":0,"10":0},"ie_mob":{"10":0.0531066666667,"11":0.138077333333},"and_uc":{"0":5.32584},"op_mini":{"0":25.8443084948},"and_chr":{"0":38.50334},"baidu":{"0":null},"and_ff":{"0":0.03414},"and_qq":{"1.2":null}},"total":87.6005179234}