{"id":"SV","name":"El Salvador","month":"2018-05","access_date":"2018-06-04","data":{"chrome":{"4":0,"5":0,"6":0,"7":0,"8":0,"9":0,"10":0,"11":0.005965,"12":0,"13":0,"14":0,"15":0,"16":0,"17":0,"18":0,"19":0,"20":0,"21":0,"22":0.017895,"23":0,"24":0,"25":0,"26":0.005965,"27":0,"28":0,"29":0.005965,"30":0.005965,"31":0.005965,"32":0,"33":0,"34":0.01193,"35":0,"36":0.005965,"37":0.005965,"38":0.03579,"39":0.005965,"40":0.01193,"41":0,"42":0,"43":0.01193,"44":0.005965,"45":0,"46":0.005965,"47":0.01193,"48":0.005965,"49":0.447375,"50":0.005965,"51":0.017895,"52":0.005965,"53":0.005965,"54":0.03579,"55":0.065615,"56":0.05965,"57":0.017895,"58":0.089475,"59":0.065615,"60":0.07158,"61":0.053685,"62":0.053685,"63":0.208775,"64":0.15509,"65":1.41967,"66":24.009125,"67":0.172985,"68":0.017895,"69":0},"firefox":{"2":0,"3":0.005965,"3.5":0,"3.6":0.005965,"4":0,"5":0,"6":0,"7":0,"8":0,"9":0,"10":0,"11":0,"12":0,"13":0,"14":0,"15":0,"16":0,"17":0,"18":0,"19":0,"20":0,"21":0,"22":0,"23":0,"24":0,"25":0,"26":0,"27":0,"28":0.005965,"29":0,"30":0,"31":0,"32":0,"33":0.005965,"34":0,"35":0.005965,"36":0,"37":0.005965,"38":0.005965,"39":0.005965,"40":0,"41":0,"42":0,"43":0.02386,"44":0.005965,"45":0.02386,"46":0.01193,"47":0.065615,"48":0.1193,"49":0.01193,"50":0.005965,"51":0.005965,"52":0.125265,"53":0.017895,"54":0.029825,"55":0.01193,"56":0.04772,"57":0.041755,"58":0.03579,"59":1.389845,"60":1.10949,"61":0.017895,"62":0},"opera":{"9":0,"9.5-9.6":0,"10.0-10.1":0,"10.5":0,"10.6":0,"11":0,"11.1":0,"11.5":0,"11.6":0,"12":0,"12.1":0.01193,"15":0,"16":0,"17":0,"18":0,"19":0,"20":0.005965,"21":0,"22":0,"23":0,"24":0,"25":0,"26":0,"27":0,"28":0,"29":0.005965,"30":0,"31":0,"32":0.005965,"33":0.005965,"34":0,"35":0,"36":0.005965,"37":0,"38":0,"39":0,"40":0.005965,"41":0,"42":0,"43":0,"44":0,"45":0,"46":0.017895,"47":0,"48":0,"49":0.005965,"50":0,"51":0.005965,"52":0.471235,"53":0.113335},"safari":{"3.1":0,"3.2":0,"4":0,"5":0.005965,"5.1":0.017895,"6":0.005965,"6.1":0.029825,"7":0,"7.1":0,"8":0.02386,"9":0.08351,"9.1":0.125265,"10":0.13123,"10.1":0.19088,"11":0.36983,"11.1":0.69194,"0":null},"ios_saf":{"3.2":0.000454697061192,"4.0-4.1":0,"4.2-4.3":0.000909394122383,"5.0-5.1":0.00727515297907,"6.0-6.1":0.00454697061192,"7.0-7.1":0.01909727657,"8":0.00454697061192,"8.1-8.4":0.0322834913446,"9.0-9.2":0.0254630354267,"9.3":0.157325183172,"10.0-10.2":0.145957756643,"10.3":0.333747642915,"11.0-11.2":0.993058381643,"11.3":2.7932040469},"android":{"2.1":0,"2.2":0,"2.3":0,"3":0,"4":0,"4.1":0.131253352192,"4.2-4.3":0.300922319661,"4.4":1.13646195191,"4.4.3-4.4.4":0.694682376238,"66":null},"op_mob":{"10":null,"11":null,"11.1":null,"11.5":null,"12":null,"12.1":null,"0":null},"ie":{"5.5":0,"6":0,"7":0,"8":0.01193,"9":0.017895,"10":0.041755,"11":0.38176},"edge":{"12":0.01193,"13":0.017895,"14":0.04772,"15":0.053685,"16":0.340005,"17":0.07158,"18":null},"samsung":{"4":0.794192275281,"5":0.103141853933,"6.2":0.897334129213},"bb":{"7":0.003228,"10":0.012912},"ie_mob":{"10":0.025017,"11":0.100068},"and_uc":{"0":0.859455},"op_mini":{"0":0.679973762887},"and_chr":{"0":53.417835},"baidu":{"0":null},"and_ff":{"0":0.084735},"and_qq":{"1.2":null}},"total":97.3897520213}