{"id":"SZ","name":"Swaziland","month":"2018-05","access_date":"2018-06-04","data":{"chrome":{"4":0,"5":0,"6":0,"7":0,"8":0,"9":0,"10":0,"11":0.011228,"12":0,"13":0,"14":0,"15":0,"16":0,"17":0,"18":0.002807,"19":0,"20":0,"21":0,"22":0,"23":0,"24":0,"25":0.002807,"26":0.008421,"27":0,"28":0,"29":0,"30":0,"31":0,"32":0.002807,"33":0.002807,"34":0,"35":0,"36":0.002807,"37":0,"38":0,"39":0,"40":0.16842,"41":0,"42":0,"43":0.022456,"44":0,"45":0,"46":0.011228,"47":0,"48":0.002807,"49":0.070175,"50":0.008421,"51":0.005614,"52":0,"53":0.005614,"54":0,"55":0.061754,"56":0,"57":0.002807,"58":0.002807,"59":0.002807,"60":0.019649,"61":0.005614,"62":0.014035,"63":0.053333,"64":0.075789,"65":0.151578,"66":3.270155,"67":0.025263,"68":0,"69":0},"firefox":{"2":0,"3":0.002807,"3.5":0,"3.6":0,"4":0,"5":0,"6":0,"7":0,"8":0.005614,"9":0,"10":0,"11":0,"12":0,"13":0,"14":0,"15":0,"16":0,"17":0,"18":0,"19":0,"20":0,"21":0,"22":0,"23":0,"24":0,"25":0,"26":0.002807,"27":0,"28":0,"29":0,"30":0,"31":0.030877,"32":0,"33":0,"34":0,"35":0,"36":0,"37":0,"38":0.014035,"39":0,"40":0,"41":0,"42":0,"43":0.014035,"44":0.002807,"45":0.05614,"46":0,"47":0.070175,"48":0.005614,"49":0.008421,"50":0,"51":0,"52":0.162806,"53":0,"54":0.002807,"55":0.002807,"56":0.011228,"57":0.008421,"58":0.008421,"59":0.446313,"60":0.390173,"61":0.014035,"62":0},"opera":{"9":0,"9.5-9.6":0,"10.0-10.1":0,"10.5":0,"10.6":0,"11":0,"11.1":0,"11.5":0,"11.6":0,"12":0.002807,"12.1":0.272279,"15":0.025263,"16":0.005614,"17":0.002807,"18":0.005614,"19":0.002807,"20":0.011228,"21":0.008421,"22":0.005614,"23":0,"24":0.002807,"25":0,"26":0,"27":0,"28":0.011228,"29":0.002807,"30":0.002807,"31":0,"32":0.022456,"33":0.014035,"34":0.002807,"35":0.022456,"36":0.002807,"37":0.050526,"38":0,"39":0,"40":0.005614,"41":0,"42":0.014035,"43":0,"44":0,"45":0.002807,"46":0.008421,"47":0.002807,"48":0.005614,"49":0.002807,"50":0.005614,"51":0.008421,"52":0.567014,"53":0.098245},"safari":{"3.1":0,"3.2":0,"4":0,"5":0,"5.1":0,"6":0.008421,"6.1":0,"7":0,"7.1":0,"8":0,"9":0.005614,"9.1":0,"10":0.014035,"10.1":0.011228,"11":0.011228,"11.1":0.115087,"0":null},"ios_saf":{"3.2":0.000164279488728,"4.0-4.1":0,"4.2-4.3":0.000328558977456,"5.0-5.1":0.00262847181965,"6.0-6.1":0.00164279488728,"7.0-7.1":0.00689973852657,"8":0.00164279488728,"8.1-8.4":0.0116638436997,"9.0-9.2":0.00919965136876,"9.3":0.0568407030998,"10.0-10.2":0.0527337158816,"10.3":0.120581144726,"11.0-11.2":0.358786403382,"11.3":1.00916889926},"android":{"2.1":0,"2.2":0,"2.3":0,"3":0,"4":0,"4.1":0.148519339463,"4.2-4.3":0.34050775389,"4.4":1.28596013437,"4.4.3-4.4.4":0.786065772277,"66":null},"op_mob":{"10":null,"11":null,"11.1":null,"11.5":null,"12":null,"12.1":null,"0":null},"ie":{"5.5":0,"6":0,"7":0,"8":0.058947,"9":0.036491,"10":0.067368,"11":0.682101},"edge":{"12":0.081403,"13":0.042105,"14":0.092631,"15":0.036491,"16":0.227367,"17":0.016842,"18":null},"samsung":{"4":1.58098382463,"5":0.278997145522,"6.2":0.867991119403},"bb":{"7":0.050351,"10":0.201404},"ie_mob":{"10":0.147645789474,"11":0.715514210526},"and_uc":{"0":3.416675},"op_mini":{"0":44.0802736065},"and_chr":{"0":18.879484},"baidu":{"0":null},"and_ff":{"0":0.035965},"and_qq":{"1.2":null}},"total":82.4289196961}