{"id":"TC","name":"Turks and Caicos Islands","month":"2018-05","access_date":"2018-06-04","data":{"chrome":{"4":0,"5":0,"6":0,"7":0,"8":0,"9":0,"10":0,"11":0,"12":0,"13":0,"14":0,"15":0,"16":0,"17":0,"18":0,"19":0,"20":0,"21":0,"22":0,"23":0,"24":0,"25":0,"26":0.005095,"27":0,"28":0,"29":0.005095,"30":0,"31":0,"32":0,"33":0,"34":0,"35":0,"36":0.16304,"37":0,"38":0.02038,"39":0,"40":0.01019,"41":0,"42":0,"43":0.005095,"44":0,"45":0,"46":0,"47":0.015285,"48":0,"49":0.280225,"50":0.005095,"51":0.005095,"52":0,"53":0,"54":0,"55":0,"56":0.005095,"57":0.28532,"58":0.01019,"59":0.16304,"60":0.04076,"61":0.005095,"62":0.005095,"63":0.02038,"64":0.035665,"65":0.77444,"66":13.313235,"67":0.1019,"68":0.005095,"69":0},"firefox":{"2":0,"3":0,"3.5":0,"3.6":0,"4":0,"5":0,"6":0,"7":0,"8":0,"9":0,"10":0,"11":0.1019,"12":0,"13":0,"14":0,"15":0,"16":0,"17":0,"18":0,"19":0,"20":0,"21":0,"22":0,"23":0,"24":0,"25":0,"26":0,"27":0,"28":0,"29":0,"30":0,"31":0,"32":0.005095,"33":0,"34":0,"35":0,"36":0,"37":0,"38":0,"39":0,"40":0,"41":0,"42":0,"43":0,"44":0,"45":0,"46":0,"47":0.005095,"48":0,"49":0,"50":0,"51":0.015285,"52":0.01019,"53":0.005095,"54":0.005095,"55":0.01019,"56":0.005095,"57":0.005095,"58":0.005095,"59":0.66235,"60":0.351555,"61":0,"62":0},"opera":{"9":0,"9.5-9.6":0,"10.0-10.1":0,"10.5":0,"10.6":0,"11":0,"11.1":0,"11.5":0,"11.6":0,"12":0,"12.1":0,"15":0,"16":0,"17":0,"18":0,"19":0,"20":0,"21":0,"22":0,"23":0,"24":0,"25":0,"26":0,"27":0,"28":0,"29":0.01019,"30":0,"31":0,"32":0,"33":0,"34":0,"35":0,"36":0,"37":0,"38":0,"39":0,"40":0,"41":0,"42":0,"43":0,"44":0,"45":0,"46":0,"47":0,"48":0,"49":0.086615,"50":0,"51":0,"52":0.07133,"53":0.01019},"safari":{"3.1":0,"3.2":0,"4":0,"5":0,"5.1":0,"6":0,"6.1":0.04076,"7":0,"7.1":0,"8":0.005095,"9":0.005095,"9.1":0.168135,"10":0.13247,"10.1":0.26494,"11":0.34646,"11.1":0.95786,"0":null},"ios_saf":{"3.2":0.0031561986715,"4.0-4.1":0,"4.2-4.3":0.006312397343,"5.0-5.1":0.050499178744,"6.0-6.1":0.031561986715,"7.0-7.1":0.132560344203,"8":0.031561986715,"8.1-8.4":0.224090105676,"9.0-9.2":0.176747125604,"9.3":1.09204474034,"10.0-10.2":1.01313977355,"10.3":2.31664982488,"11.0-11.2":6.89313789855,"11.3":19.388528439},"android":{"2.1":0,"2.2":0,"2.3":0,"3":0,"4":0,"4.1":0.0401263578501,"4.2-4.3":0.0919970155587,"4.4":0.347435537482,"4.4.3-4.4.4":0.212376089109,"66":null},"op_mob":{"10":null,"11":null,"11.1":null,"11.5":null,"12":null,"12.1":null,"0":null},"ie":{"5.5":0,"6":0,"7":0,"8":0.005095,"9":0.015285,"10":0.015285,"11":2.06857},"edge":{"12":0.03057,"13":0.066235,"14":0.280225,"15":0.137565,"16":1.68135,"17":0.331175,"18":null},"samsung":{"4":1.03889674419,"5":0.0773646511628,"6.2":2.86249209302},"bb":{"7":0.004905,"10":0.01962},"ie_mob":{"10":0.0073575,"11":0.0073575},"and_uc":{"0":0.152055},"op_mini":{"0":0.236830592784},"and_chr":{"0":37.627315},"baidu":{"0":null},"and_ff":{"0":0.112815},"and_qq":{"1.2":null}},"total":97.3964690812}