{"id":"TD","name":"Chad","month":"2018-05","access_date":"2018-06-04","data":{"chrome":{"4":0,"5":0,"6":0,"7":0,"8":0,"9":0,"10":0,"11":0,"12":0,"13":0,"14":0,"15":0,"16":0,"17":0,"18":0,"19":0,"20":0,"21":0,"22":0,"23":0,"24":0,"25":0,"26":0,"27":0.002068,"28":0,"29":0.008272,"30":0,"31":0.002068,"32":0,"33":0,"34":0,"35":0,"36":0,"37":0,"38":0,"39":0,"40":0.006204,"41":0,"42":0,"43":0.014476,"44":0,"45":0.04136,"46":0,"47":0,"48":0,"49":0.02068,"50":0.002068,"51":0,"52":0,"53":0,"54":0,"55":0.132352,"56":0.004136,"57":0.006204,"58":0,"59":0,"60":0.002068,"61":0.008272,"62":0.002068,"63":0.008272,"64":0.024816,"65":0.078584,"66":1.66474,"67":0.004136,"68":0.002068,"69":0},"firefox":{"2":0,"3":0.262636,"3.5":0,"3.6":0,"4":0.002068,"5":0,"6":0,"7":0,"8":0,"9":0,"10":0,"11":0,"12":0,"13":0,"14":0.002068,"15":0.008272,"16":0.002068,"17":0,"18":0.004136,"19":0,"20":0,"21":0.055836,"22":0,"23":0,"24":0.002068,"25":0,"26":0,"27":0,"28":0.004136,"29":0.002068,"30":0.002068,"31":0,"32":0,"33":0,"34":0,"35":0.004136,"36":0,"37":0.004136,"38":0,"39":0,"40":0,"41":0,"42":0,"43":0.006204,"44":0.006204,"45":0.002068,"46":0,"47":0.008272,"48":0.006204,"49":0.002068,"50":0.006204,"51":0,"52":0.028952,"53":0.002068,"54":0.008272,"55":0,"56":0.004136,"57":0.004136,"58":0.008272,"59":0.28952,"60":0.233684,"61":0.002068,"62":0},"opera":{"9":0,"9.5-9.6":0,"10.0-10.1":0,"10.5":0,"10.6":0,"11":0,"11.1":0,"11.5":0,"11.6":0,"12":0.01034,"12.1":0.148896,"15":0.012408,"16":0.028952,"17":0,"18":0,"19":0.02068,"20":0.068244,"21":0.008272,"22":0,"23":0.014476,"24":0,"25":0,"26":0.006204,"27":0,"28":0.002068,"29":0.006204,"30":0.004136,"31":0,"32":0.008272,"33":0.004136,"34":0.002068,"35":0.004136,"36":0,"37":0.008272,"38":0,"39":0,"40":0,"41":0,"42":0.008272,"43":0,"44":0,"45":0.02068,"46":0.002068,"47":0,"48":0,"49":0.002068,"50":0.086856,"51":0.018612,"52":0.213004,"53":0.016544},"safari":{"3.1":0,"3.2":0,"4":0,"5":0,"5.1":0,"6":0,"6.1":0,"7":0,"7.1":0.004136,"8":0,"9":0,"9.1":0.033088,"10":0,"10.1":0.074448,"11":0.004136,"11.1":0.059972,"0":null},"ios_saf":{"3.2":0.000152457326892,"4.0-4.1":0,"4.2-4.3":0.000304914653784,"5.0-5.1":0.00243931723027,"6.0-6.1":0.00152457326892,"7.0-7.1":0.00640320772947,"8":0.00152457326892,"8.1-8.4":0.0108244702093,"9.0-9.2":0.00853761030596,"9.3":0.0527502351047,"10.0-10.2":0.0489388019324,"10.3":0.111903677939,"11.0-11.2":0.332966801932,"11.3":0.936545359098},"android":{"2.1":0,"2.2":0,"2.3":0,"3":0,"4":0,"4.1":0.21809239604,"4.2-4.3":0.500016712871,"4.4":1.8883609901,"4.4.3-4.4.4":1.15429390099,"66":null},"op_mob":{"10":null,"11":null,"11.1":null,"11.5":null,"12":null,"12.1":null,"0":null},"ie":{"5.5":0,"6":0,"7":0,"8":0.0500481219512,"9":0.00953297560976,"10":0.0166827073171,"11":0.314588195122},"edge":{"12":0.01034,"13":0.004136,"14":0.014476,"15":0.002068,"16":0.059972,"17":0.004136,"18":null},"samsung":{"4":2.15344047541,"5":0.111210540984,"6.2":0.192090934426},"bb":{"7":0.007932,"10":0.031728},"ie_mob":{"10":0,"11":0.230028},"and_uc":{"0":28.253784},"op_mini":{"0":34.0105488454},"and_chr":{"0":8.2532},"baidu":{"0":null},"and_ff":{"0":0.071388},"and_qq":{"1.2":null}},"total":82.9874987962}