{"id":"TG","name":"Togo","month":"2018-05","access_date":"2018-06-04","data":{"chrome":{"4":0,"5":0,"6":0,"7":0.002823,"8":0.002823,"9":0,"10":0,"11":0.008469,"12":0,"13":0,"14":0,"15":0,"16":0,"17":0,"18":0,"19":0.002823,"20":0,"21":0,"22":0,"23":0,"24":0,"25":0.002823,"26":0.005646,"27":0,"28":0,"29":0.011292,"30":0.014115,"31":0.031053,"32":0.002823,"33":0.002823,"34":0.002823,"35":0,"36":0.002823,"37":0.016938,"38":0,"39":0,"40":0.005646,"41":0.002823,"42":0,"43":0.070575,"44":0.002823,"45":0.019761,"46":0.008469,"47":0,"48":0.014115,"49":0.087513,"50":0.033876,"51":0.005646,"52":0.008469,"53":0.002823,"54":0.008469,"55":0.022584,"56":0.008469,"57":0.002823,"58":0.039522,"59":0.011292,"60":0.081867,"61":0.014115,"62":0.053637,"63":0.036699,"64":0.053637,"65":0.220194,"66":2.461656,"67":0.019761,"68":0.002823,"69":0},"firefox":{"2":0,"3":0.033876,"3.5":0,"3.6":0,"4":0,"5":0,"6":0,"7":0,"8":0,"9":0,"10":0,"11":0.002823,"12":0.036699,"13":0,"14":0,"15":0,"16":0,"17":0,"18":0.002823,"19":0.002823,"20":0,"21":0.005646,"22":0.002823,"23":0.011292,"24":0,"25":0,"26":0,"27":0.005646,"28":0.008469,"29":0.002823,"30":0.008469,"31":0.002823,"32":0.002823,"33":0.002823,"34":0.005646,"35":0.005646,"36":0.011292,"37":0.014115,"38":0.005646,"39":0.011292,"40":0.014115,"41":0.008469,"42":0.036699,"43":0.05646,"44":0.016938,"45":0.025407,"46":0.002823,"47":0.073398,"48":0.025407,"49":0.036699,"50":0.019761,"51":0.005646,"52":0.259716,"53":0.014115,"54":0.039522,"55":0.008469,"56":0.042345,"57":0.059283,"58":0.042345,"59":1.275996,"60":0.948528,"61":0.059283,"62":0},"opera":{"9":0,"9.5-9.6":0,"10.0-10.1":0,"10.5":0,"10.6":0,"11":0,"11.1":0,"11.5":0,"11.6":0.002823,"12":0.002823,"12.1":0.08469,"15":0,"16":0.002823,"17":0,"18":0,"19":0.002823,"20":0.062106,"21":0,"22":0.002823,"23":0.016938,"24":0,"25":0,"26":0,"27":0,"28":0.002823,"29":0.002823,"30":0.005646,"31":0,"32":0.005646,"33":0.011292,"34":0,"35":0,"36":0.011292,"37":0.002823,"38":0,"39":0,"40":0,"41":0,"42":0.039522,"43":0.008469,"44":0.005646,"45":0.002823,"46":0.008469,"47":0.005646,"48":0,"49":0,"50":0.002823,"51":0.016938,"52":0.313353,"53":0.093159},"safari":{"3.1":0,"3.2":0,"4":0,"5":0,"5.1":0.002823,"6":0,"6.1":0,"7":0.002823,"7.1":0,"8":0,"9":0,"9.1":0.031053,"10":0.008469,"10.1":0.011292,"11":0.008469,"11.1":0.070575,"0":null},"ios_saf":{"3.2":0.000147604871176,"4.0-4.1":0,"4.2-4.3":0.000295209742351,"5.0-5.1":0.00236167793881,"6.0-6.1":0.00147604871176,"7.0-7.1":0.00619940458937,"8":0.00147604871176,"8.1-8.4":0.0104799458535,"9.0-9.2":0.00826587278583,"9.3":0.0510712854267,"10.0-10.2":0.0473811636473,"10.3":0.108341975443,"11.0-11.2":0.322369038647,"11.3":0.906736723631},"android":{"2.1":0,"2.2":0,"2.3":0,"3":0,"4":0,"4.1":0.34360644413,"4.2-4.3":0.787780628006,"4.4":2.97512896747,"4.4.3-4.4.4":1.8185999604,"66":null},"op_mob":{"10":null,"11":null,"11.1":null,"11.5":null,"12":null,"12.1":null,"0":null},"ie":{"5.5":0,"6":0,"7":0,"8":0.0641422622951,"9":0.00610878688525,"10":0.00916318032787,"11":0.106903770492},"edge":{"12":0.025407,"13":0.014115,"14":0.022584,"15":0.033876,"16":0.090336,"17":0.016938,"18":null},"samsung":{"4":0.498021391304,"5":0.062252673913,"6.2":0.373516043478},"bb":{"7":0.014354,"10":0.057416},"ie_mob":{"10":0.1184205,"11":0.5059785},"and_uc":{"0":17.138676},"op_mini":{"0":14.2553224158},"and_chr":{"0":40.539816},"baidu":{"0":null},"and_ff":{"0":0.444974},"and_qq":{"1.2":null}},"total":89.3105115245}