{"id":"TH","name":"Thailand","month":"2018-05","access_date":"2018-06-04","data":{"chrome":{"4":0,"5":0,"6":0,"7":0,"8":0,"9":0,"10":0,"11":0.00686,"12":0.00343,"13":0,"14":0,"15":0,"16":0,"17":0,"18":0,"19":0,"20":0,"21":0,"22":0.00343,"23":0,"24":0,"25":0.00686,"26":0.00343,"27":0,"28":0,"29":0.01715,"30":0.00343,"31":0.00686,"32":0.00343,"33":0.00343,"34":0.00686,"35":0.00343,"36":0.00686,"37":0.00686,"38":0.02058,"39":0.00343,"40":0.00343,"41":0,"42":0,"43":0.11319,"44":0.00343,"45":0,"46":0.00686,"47":0.00343,"48":0.00343,"49":0.19894,"50":0.00343,"51":0.01372,"52":0.00343,"53":0.00686,"54":0.00686,"55":0.01029,"56":0.01372,"57":0.01029,"58":0.05831,"59":0.01715,"60":0.03087,"61":0.02401,"62":0.04116,"63":0.0686,"64":0.0686,"65":0.42189,"66":7.91644,"67":0.07203,"68":0.02058,"69":0},"firefox":{"2":0,"3":0,"3.5":0,"3.6":0,"4":0,"5":0,"6":0,"7":0,"8":0,"9":0,"10":0,"11":0,"12":0,"13":0,"14":0,"15":0.00343,"16":0,"17":0.00343,"18":0,"19":0,"20":0,"21":0,"22":0,"23":0,"24":0,"25":0,"26":0.00343,"27":0,"28":0,"29":0,"30":0.00343,"31":0,"32":0,"33":0,"34":0.00343,"35":0,"36":0,"37":0,"38":0,"39":0,"40":0,"41":0,"42":0,"43":0.00343,"44":0,"45":0.00343,"46":0.00686,"47":0.00686,"48":0.01715,"49":0.00686,"50":0.00343,"51":0.00343,"52":0.04459,"53":0.01029,"54":0.01029,"55":0.02058,"56":0.02401,"57":0.01029,"58":0.00686,"59":0.34986,"60":0.29155,"61":0.01029,"62":0},"opera":{"9":0,"9.5-9.6":0,"10.0-10.1":0,"10.5":0,"10.6":0,"11":0,"11.1":0,"11.5":0,"11.6":0,"12":0,"12.1":0,"15":0,"16":0,"17":0,"18":0,"19":0,"20":0,"21":0,"22":0,"23":0,"24":0,"25":0,"26":0,"27":0,"28":0,"29":0,"30":0,"31":0,"32":0,"33":0,"34":0.00343,"35":0,"36":0,"37":0.21609,"38":0,"39":0,"40":0,"41":0,"42":0,"43":0,"44":0,"45":0,"46":0.00343,"47":0,"48":0,"49":0,"50":0,"51":0,"52":0.07889,"53":0.02058},"safari":{"3.1":0,"3.2":0,"4":0,"5":0,"5.1":0.00343,"6":0,"6.1":0,"7":0,"7.1":0,"8":0.00686,"9":0.00343,"9.1":0.02401,"10":0.02058,"10.1":0.04802,"11":0.07546,"11.1":0.2058,"0":null},"ios_saf":{"3.2":0.0014982689211,"4.0-4.1":0,"4.2-4.3":0.00299653784219,"5.0-5.1":0.0239723027375,"6.0-6.1":0.014982689211,"7.0-7.1":0.062927294686,"8":0.014982689211,"8.1-8.4":0.106377093398,"9.0-9.2":0.0839030595813,"9.3":0.518401046699,"10.0-10.2":0.480944323671,"10.3":1.09972938808,"11.0-11.2":3.27221932367,"11.3":9.20386598229},"android":{"2.1":0,"2.2":0,"2.3":0,"3":0,"4":0,"4.1":0.0662419660537,"4.2-4.3":0.151871824611,"4.4":0.573558486563,"4.4.3-4.4.4":0.350597722772,"66":null},"op_mob":{"10":null,"11":null,"11.1":null,"11.5":null,"12":null,"12.1":null,"0":null},"ie":{"5.5":0,"6":0,"7":0,"8":0.0311316101695,"9":0.0276725423729,"10":0.0242134745763,"11":0.325152372881},"edge":{"12":0.00343,"13":0.00343,"14":0.01029,"15":0.01372,"16":0.13377,"17":0.03773,"18":null},"samsung":{"4":1.54208973034,"5":0.289788674157,"6.2":2.60809806742},"bb":{"7":0,"10":0},"ie_mob":{"10":0.03504,"11":0.07008},"and_uc":{"0":0.95922},"op_mini":{"0":0.889467371134},"and_chr":{"0":63.6362},"baidu":{"0":null},"and_ff":{"0":0.09198},"and_qq":{"1.2":null}},"total":97.566073843}