{"id":"TL","name":"Timor-Leste","month":"2018-05","access_date":"2018-06-04","data":{"chrome":{"4":0.003324,"5":0.001662,"6":0,"7":0,"8":0,"9":0,"10":0,"11":0.001662,"12":0,"13":0,"14":0,"15":0,"16":0,"17":0,"18":0,"19":0,"20":0.006648,"21":0.003324,"22":0,"23":0,"24":0,"25":0,"26":0.001662,"27":0.001662,"28":0,"29":0,"30":0,"31":0.021606,"32":0.001662,"33":0.003324,"34":0.001662,"35":0.001662,"36":0,"37":0.001662,"38":0.004986,"39":0,"40":0.044874,"41":0,"42":0.00831,"43":0.089748,"44":0.001662,"45":0.001662,"46":0,"47":0.001662,"48":0,"49":0.014958,"50":0,"51":0.001662,"52":0.006648,"53":0.001662,"54":0,"55":0.00831,"56":0.003324,"57":0.001662,"58":0.003324,"59":0.001662,"60":0.006648,"61":0.001662,"62":0.019944,"63":0.009972,"64":0.018282,"65":0.076452,"66":0.812718,"67":0.00831,"68":0.001662,"69":0},"firefox":{"2":0,"3":0.001662,"3.5":0.001662,"3.6":0.01662,"4":0.014958,"5":0.01662,"6":0.001662,"7":0.013296,"8":0.001662,"9":0.001662,"10":0.006648,"11":0.003324,"12":0.006648,"13":0.003324,"14":0.001662,"15":0.001662,"16":0.006648,"17":0.006648,"18":0.011634,"19":0.004986,"20":0.004986,"21":0.006648,"22":0.001662,"23":0.003324,"24":0.003324,"25":0.001662,"26":0,"27":0.001662,"28":0,"29":0.003324,"30":0.004986,"31":0.001662,"32":0.001662,"33":0.004986,"34":0.003324,"35":0.013296,"36":0.004986,"37":0.003324,"38":0.004986,"39":0.004986,"40":0.00831,"41":0.01662,"42":0.003324,"43":0.01662,"44":0.028254,"45":0.009972,"46":0.003324,"47":0.038226,"48":0.019944,"49":0.011634,"50":0.003324,"51":0.001662,"52":0.009972,"53":0.001662,"54":0.006648,"55":0.006648,"56":0.011634,"57":0.009972,"58":0.028254,"59":0.270906,"60":0.275892,"61":0.04155,"62":0},"opera":{"9":0,"9.5-9.6":0,"10.0-10.1":0,"10.5":0,"10.6":0,"11":0,"11.1":0,"11.5":0,"11.6":0,"12":0,"12.1":0.013296,"15":0,"16":0,"17":0,"18":0.001662,"19":0.003324,"20":0.001662,"21":0.001662,"22":0.003324,"23":0,"24":0,"25":0,"26":0,"27":0,"28":0,"29":0,"30":0.00831,"31":0.001662,"32":0.001662,"33":0.021606,"34":0.003324,"35":0,"36":0,"37":0.1662,"38":0,"39":0,"40":0,"41":0,"42":0.001662,"43":0.001662,"44":0,"45":0.001662,"46":0,"47":0,"48":0.001662,"49":0,"50":0,"51":0,"52":0.04155,"53":0.00831},"safari":{"3.1":0,"3.2":0,"4":0,"5":0,"5.1":0.004986,"6":0,"6.1":0.001662,"7":0,"7.1":0,"8":0,"9":0,"9.1":0.004986,"10":0.001662,"10.1":0.014958,"11":0.004986,"11.1":0.01662,"0":null},"ios_saf":{"3.2":0.000243221417069,"4.0-4.1":0,"4.2-4.3":0.000486442834138,"5.0-5.1":0.00389154267311,"6.0-6.1":0.00243221417069,"7.0-7.1":0.0102152995169,"8":0.00243221417069,"8.1-8.4":0.0172687206119,"9.0-9.2":0.0136203993559,"9.3":0.084154610306,"10.0-10.2":0.0780740748792,"10.3":0.178524520129,"11.0-11.2":0.531195574879,"11.3":1.49410916506},"android":{"2.1":0,"2.2":0,"2.3":0,"3":0,"4":0,"4.1":0.280786673267,"4.2-4.3":0.643754811881,"4.4":2.43120168317,"4.4.3-4.4.4":1.48611483168,"66":null},"op_mob":{"10":null,"11":null,"11.1":null,"11.5":null,"12":null,"12.1":null,"0":null},"ie":{"5.5":0,"6":0.001662,"7":0,"8":0.02493,"9":0.003324,"10":0.009972,"11":0.086424},"edge":{"12":0.013296,"13":0.006648,"14":0.006648,"15":0.011634,"16":0.036564,"17":0.001662,"18":null},"samsung":{"4":3.74090652055,"5":0.304965205479,"6.2":0.365958246575},"bb":{"7":0.0016676,"10":0.0066704},"ie_mob":{"10":0,"11":0.066704},"and_uc":{"0":6.75378},"op_mini":{"0":9.49633730928},"and_chr":{"0":64.89518},"baidu":{"0":null},"and_ff":{"0":0.175098},"and_qq":{"1.2":null}},"total":95.8280172819}