{"id":"TN","name":"Tunisia","month":"2018-05","access_date":"2018-06-04","data":{"chrome":{"4":0,"5":0,"6":0,"7":0,"8":0,"9":0,"10":0.006672,"11":0.006672,"12":0,"13":0.006672,"14":0.006672,"15":0,"16":0,"17":0,"18":0,"19":0,"20":0,"21":0.006672,"22":0,"23":0,"24":0.46704,"25":0,"26":0,"27":0.006672,"28":0,"29":0.293568,"30":0.23352,"31":0.020016,"32":0,"33":0.006672,"34":0.006672,"35":0.460368,"36":0.013344,"37":0,"38":0.006672,"39":0.013344,"40":0.013344,"41":0.006672,"42":0.006672,"43":0.060048,"44":0.006672,"45":0.006672,"46":0.013344,"47":0.006672,"48":0.026688,"49":1.26768,"50":0.020016,"51":0.03336,"52":0.026688,"53":0.013344,"54":0.03336,"55":0.073392,"56":0.086736,"57":0.026688,"58":0.260208,"59":0.060048,"60":0.260208,"61":0.073392,"62":0.186816,"63":0.273552,"64":0.340272,"65":1.861488,"66":28.736304,"67":0.393648,"68":0.020016,"69":0},"firefox":{"2":0.246864,"3":0.006672,"3.5":0,"3.6":0.006672,"4":0,"5":0,"6":0,"7":0,"8":0,"9":0,"10":0,"11":0,"12":0,"13":0,"14":0,"15":0.23352,"16":0,"17":0.020016,"18":0,"19":0,"20":0,"21":0,"22":0,"23":0.23352,"24":0,"25":0,"26":0,"27":0,"28":0,"29":0,"30":0,"31":0,"32":0.020016,"33":0,"34":0,"35":0,"36":0.006672,"37":0,"38":0,"39":0,"40":0,"41":0,"42":0,"43":0.013344,"44":0,"45":0.006672,"46":0,"47":0.020016,"48":0.193488,"49":0.006672,"50":0.006672,"51":0.006672,"52":0.153456,"53":0.006672,"54":0.020016,"55":0.026688,"56":0.060048,"57":0.040032,"58":0.040032,"59":1.154256,"60":0.880704,"61":0.03336,"62":0},"opera":{"9":0,"9.5-9.6":0,"10.0-10.1":0.240192,"10.5":0,"10.6":0,"11":0,"11.1":0,"11.5":0,"11.6":0,"12":0,"12.1":0,"15":0,"16":0,"17":0,"18":0,"19":0.006672,"20":0,"21":0,"22":0.013344,"23":0,"24":0,"25":0,"26":0,"27":0,"28":0,"29":0,"30":0,"31":0,"32":0.006672,"33":0,"34":0,"35":0,"36":0.020016,"37":0.006672,"38":0,"39":0,"40":0,"41":0,"42":0.006672,"43":0,"44":0,"45":0.006672,"46":0.020016,"47":0.006672,"48":0.006672,"49":0.03336,"50":0.013344,"51":0.013344,"52":0.93408,"53":0.26688},"safari":{"3.1":0,"3.2":0,"4":0,"5":0.013344,"5.1":0.013344,"6":0,"6.1":0.013344,"7":0.006672,"7.1":0,"8":0.03336,"9":0.006672,"9.1":0.080064,"10":0.053376,"10.1":0.126768,"11":0.160128,"11.1":0.3336,"0":null},"ios_saf":{"3.2":0.000363481481481,"4.0-4.1":0,"4.2-4.3":0.000726962962963,"5.0-5.1":0.0058157037037,"6.0-6.1":0.00363481481481,"7.0-7.1":0.0152662222222,"8":0.00363481481481,"8.1-8.4":0.0258071851852,"9.0-9.2":0.020354962963,"9.3":0.125764592593,"10.0-10.2":0.116677555556,"10.3":0.266795407407,"11.0-11.2":0.793843555556,"11.3":2.23286674074},"android":{"2.1":0,"2.2":0,"2.3":0,"3":0,"4":0,"4.1":0.147817120226,"4.2-4.3":0.338897787836,"4.4":1.27987994342,"4.4.3-4.4.4":0.782349148515,"66":null},"op_mob":{"10":null,"11":null,"11.1":null,"11.5":null,"12":null,"12.1":null,"0":null},"ie":{"5.5":0,"6":0.00704613084112,"7":0.00704613084112,"8":0.0845535700935,"9":0.260706841121,"10":0.0986458317757,"11":0.295937495327},"edge":{"12":0.013344,"13":0.026688,"14":0.06672,"15":0.03336,"16":0.306912,"17":0.10008,"18":null},"samsung":{"4":0.797980444444,"5":0.0920746666667,"6.2":0.736597333333},"bb":{"7":0.0026624,"10":0.0106496},"ie_mob":{"10":0.0328045714286,"11":0.196827428571},"and_uc":{"0":0.625664},"op_mini":{"0":0.730970611684},"and_chr":{"0":44.30528},"baidu":{"0":null},"and_ff":{"0":0.086528},"and_qq":{"1.2":null}},"total":96.7195270561}