{"id":"TO","name":"Tonga","month":"2018-05","access_date":"2018-06-04","data":{"chrome":{"4":0,"5":0,"6":0,"7":0,"8":0,"9":0,"10":0,"11":0,"12":0,"13":0,"14":0,"15":0,"16":0,"17":0,"18":0,"19":0,"20":0,"21":0,"22":0,"23":0,"24":0,"25":0,"26":0,"27":0,"28":0,"29":0.010968,"30":0,"31":0,"32":0,"33":0,"34":0,"35":0,"36":0,"37":0.005484,"38":0,"39":0.005484,"40":0.016452,"41":0,"42":0.076776,"43":0,"44":0,"45":0,"46":0,"47":0,"48":0,"49":0.197424,"50":0,"51":0.005484,"52":0.005484,"53":0.005484,"54":0,"55":0.323556,"56":0.016452,"57":0,"58":0.049356,"59":0.071292,"60":0.032904,"61":0.021936,"62":0.060324,"63":1.228416,"64":0.038388,"65":1.025508,"66":12.925788,"67":0.038388,"68":0.016452,"69":0},"firefox":{"2":0,"3":0,"3.5":0,"3.6":0,"4":0,"5":0,"6":0,"7":0,"8":0,"9":0,"10":0,"11":0,"12":0,"13":0,"14":0,"15":0,"16":0,"17":0,"18":0.005484,"19":0,"20":0,"21":0.005484,"22":0,"23":0,"24":0,"25":0,"26":0.010968,"27":0.010968,"28":0,"29":0,"30":0,"31":0.016452,"32":0.02742,"33":0,"34":0,"35":0,"36":0,"37":0.005484,"38":0.005484,"39":0,"40":0.010968,"41":0,"42":0,"43":0.010968,"44":0.021936,"45":0,"46":0.010968,"47":0.032904,"48":0.175488,"49":0.005484,"50":0,"51":0.016452,"52":0.038388,"53":0,"54":0.005484,"55":0.005484,"56":0.049356,"57":0.043872,"58":0.016452,"59":1.689072,"60":1.447776,"61":0.1371,"62":0},"opera":{"9":0,"9.5-9.6":0,"10.0-10.1":0,"10.5":0,"10.6":0,"11":0,"11.1":0,"11.5":0,"11.6":0,"12":0,"12.1":0.005484,"15":0,"16":0,"17":0,"18":0,"19":0,"20":0,"21":0,"22":0,"23":0,"24":0,"25":0,"26":0,"27":0,"28":0,"29":0,"30":0,"31":0,"32":0,"33":0,"34":0,"35":0,"36":0,"37":0.02742,"38":0,"39":0,"40":0,"41":0,"42":0,"43":0,"44":0,"45":0,"46":0,"47":0,"48":0,"49":0,"50":0,"51":0,"52":0.235812,"53":0.016452},"safari":{"3.1":0,"3.2":0,"4":0,"5":0,"5.1":0.021936,"6":0,"6.1":0,"7":0,"7.1":0,"8":0.021936,"9":0.021936,"9.1":0.093228,"10":0.016452,"10.1":0.104196,"11":0.076776,"11.1":0.104196,"0":null},"ios_saf":{"3.2":0.0011404520934,"4.0-4.1":0,"4.2-4.3":0.0022809041868,"5.0-5.1":0.0182472334944,"6.0-6.1":0.011404520934,"7.0-7.1":0.0478989879227,"8":0.011404520934,"8.1-8.4":0.0809720986312,"9.0-9.2":0.0638653172303,"9.3":0.394596424316,"10.0-10.2":0.366085121981,"10.3":0.837091836554,"11.0-11.2":2.49074737198,"11.3":7.00579720974},"android":{"2.1":0,"2.2":0,"2.3":0,"3":0,"4":0,"4.1":0.0844985063649,"4.2-4.3":0.193728282885,"4.4":0.731633408769,"4.4.3-4.4.4":0.44722380198,"66":null},"op_mob":{"10":null,"11":null,"11.1":null,"11.5":null,"12":null,"12.1":null,"0":null},"ie":{"5.5":0,"6":0,"7":0,"8":0.138785655738,"9":0.0166542786885,"10":0.0832713934426,"11":5.17948067213},"edge":{"12":0.104196,"13":0.071292,"14":0.104196,"15":0.126132,"16":0.899376,"17":0.038388,"18":null},"samsung":{"4":1.72555105556,"5":0.220954708333,"6.2":1.08373023611},"bb":{"7":0,"10":0},"ie_mob":{"10":0,"11":0.15806},"and_uc":{"0":2.09994},"op_mini":{"0":0.286455621993},"and_chr":{"0":49.727256},"baidu":{"0":null},"and_ff":{"0":0.018064},"and_qq":{"1.2":null}},"total":95.599919622}