{"id":"TR","name":"Turkey","month":"2018-05","access_date":"2018-06-04","data":{"chrome":{"4":0,"5":0,"6":0,"7":0,"8":0,"9":0,"10":0,"11":0.00861,"12":0,"13":0,"14":0,"15":0,"16":0.004305,"17":0,"18":0.004305,"19":0,"20":0,"21":0,"22":0.03444,"23":0,"24":0.00861,"25":0,"26":0.012915,"27":0,"28":0,"29":0.030135,"30":0.004305,"31":0.004305,"32":0,"33":0.004305,"34":0.02583,"35":0.012915,"36":0,"37":0,"38":0.030135,"39":0.004305,"40":0.004305,"41":0.004305,"42":0.004305,"43":0.021525,"44":0.00861,"45":0.00861,"46":0.01722,"47":0.00861,"48":0.012915,"49":0.426195,"50":0.00861,"51":0.00861,"52":0.00861,"53":0.00861,"54":0.01722,"55":0.02583,"56":0.055965,"57":0.021525,"58":0.064575,"59":0.055965,"60":0.064575,"61":0.073185,"62":0.107625,"63":0.20664,"64":0.18942,"65":0.7749,"66":11.71821,"67":0.0861,"68":0.004305,"69":0},"firefox":{"2":0.004305,"3":0,"3.5":0,"3.6":0,"4":0,"5":0,"6":0,"7":0,"8":0,"9":0,"10":0,"11":0,"12":0,"13":0,"14":0,"15":0.004305,"16":0,"17":0,"18":0,"19":0,"20":0,"21":0,"22":0,"23":0.004305,"24":0,"25":0,"26":0,"27":0,"28":0,"29":0,"30":0,"31":0,"32":0,"33":0,"34":0,"35":0,"36":0,"37":0,"38":0.004305,"39":0,"40":0.004305,"41":0,"42":0,"43":0.004305,"44":0,"45":0.004305,"46":0.004305,"47":0.004305,"48":0.021525,"49":0.004305,"50":0.004305,"51":0.004305,"52":0.05166,"53":0.004305,"54":0.00861,"55":0.00861,"56":0.012915,"57":0.021525,"58":0.012915,"59":0.3444,"60":0.29274,"61":0.00861,"62":0},"opera":{"9":0,"9.5-9.6":0,"10.0-10.1":0.004305,"10.5":0,"10.6":0,"11":0,"11.1":0,"11.5":0,"11.6":0,"12":0,"12.1":0.004305,"15":0,"16":0,"17":0,"18":0,"19":0,"20":0,"21":0,"22":0,"23":0,"24":0,"25":0,"26":0,"27":0,"28":0,"29":0,"30":0,"31":0.00861,"32":0.004305,"33":0.004305,"34":0,"35":0,"36":0.00861,"37":0,"38":0,"39":0,"40":0.004305,"41":0,"42":0,"43":0,"44":0,"45":0.004305,"46":0.004305,"47":0.004305,"48":0,"49":0.004305,"50":0.004305,"51":0.004305,"52":0.383145,"53":0.107625},"safari":{"3.1":0,"3.2":0,"4":0,"5":0,"5.1":0.004305,"6":0,"6.1":0,"7":0,"7.1":0,"8":0.004305,"9":0.004305,"9.1":0.021525,"10":0.012915,"10.1":0.04305,"11":0.090405,"11.1":0.2583,"0":null},"ios_saf":{"3.2":0.00132338566828,"4.0-4.1":0,"4.2-4.3":0.00264677133655,"5.0-5.1":0.0211741706924,"6.0-6.1":0.0132338566828,"7.0-7.1":0.0555821980676,"8":0.0132338566828,"8.1-8.4":0.0939603824477,"9.0-9.2":0.0741095974235,"9.3":0.457891441224,"10.0-10.2":0.424806799517,"10.3":0.971365080515,"11.0-11.2":2.89027429952,"11.3":8.12955816023},"android":{"2.1":0,"2.2":0,"2.3":0,"3":0,"4":0,"4.1":0.170788486563,"4.2-4.3":0.391563847242,"4.4":1.47877835926,"4.4.3-4.4.4":0.903929306931,"66":null},"op_mob":{"10":null,"11":null,"11.1":null,"11.5":null,"12":null,"12.1":null,"0":null},"ie":{"5.5":0,"6":0,"7":0.00437261780105,"8":0.0524714136126,"9":0.0437261780105,"10":0.0393535602094,"11":0.695246230366},"edge":{"12":0.00861,"13":0.012915,"14":0.030135,"15":0.021525,"16":0.331485,"17":0.081795,"18":null},"samsung":{"4":1.65332756461,"5":0.421033727634,"6.2":2.96777432406},"bb":{"7":0.002278,"10":0.009112},"ie_mob":{"10":0.04556,"11":0.19363},"and_uc":{"0":0.23919},"op_mini":{"0":0.862665292096},"and_chr":{"0":55.23944},"baidu":{"0":null},"and_ff":{"0":0.096815},"and_qq":{"1.2":null}},"total":95.1871109084}