{"id":"TT","name":"Trinidad and Tobago","month":"2018-05","access_date":"2018-06-04","data":{"chrome":{"4":0,"5":0,"6":0,"7":0,"8":0,"9":0,"10":0,"11":0.010718,"12":0,"13":0,"14":0,"15":0,"16":0,"17":0,"18":0,"19":0,"20":0,"21":0,"22":0.05359,"23":0,"24":0,"25":0,"26":0,"27":0,"28":0.005359,"29":0.010718,"30":0.010718,"31":0.005359,"32":0.005359,"33":0,"34":0.026795,"35":0,"36":0.021436,"37":0.021436,"38":0.05359,"39":0.005359,"40":0.005359,"41":0,"42":0.005359,"43":0.010718,"44":0.005359,"45":0,"46":0.005359,"47":0.005359,"48":0.037513,"49":0.273309,"50":0.005359,"51":0.005359,"52":0.005359,"53":0.005359,"54":0.021436,"55":0.026795,"56":0.021436,"57":0.021436,"58":0.069667,"59":0.016077,"60":0.150052,"61":0.010718,"62":0.048231,"63":0.139334,"64":0.150052,"65":1.259365,"66":15.926948,"67":0.091103,"68":0.032154,"69":0},"firefox":{"2":0,"3":0,"3.5":0,"3.6":0,"4":0,"5":0,"6":0,"7":0,"8":0,"9":0,"10":0,"11":0,"12":0,"13":0,"14":0,"15":0,"16":0,"17":0,"18":0,"19":0,"20":0,"21":0,"22":0,"23":0,"24":0,"25":0,"26":0,"27":0,"28":0,"29":0.005359,"30":0,"31":0,"32":0,"33":0,"34":0.005359,"35":0,"36":0,"37":0,"38":0,"39":0,"40":0,"41":0,"42":0,"43":0.005359,"44":0,"45":0,"46":0,"47":0.005359,"48":0.042872,"49":0,"50":0.005359,"51":0.005359,"52":0.058949,"53":0.010718,"54":0.005359,"55":0.010718,"56":0.037513,"57":0.010718,"58":0.021436,"59":0.943184,"60":0.755619,"61":0.032154,"62":0},"opera":{"9":0,"9.5-9.6":0,"10.0-10.1":0,"10.5":0,"10.6":0,"11":0,"11.1":0,"11.5":0,"11.6":0,"12":0,"12.1":0.010718,"15":0,"16":0,"17":0.064308,"18":0,"19":0,"20":0,"21":0,"22":0.005359,"23":0,"24":0,"25":0,"26":0,"27":0,"28":0,"29":0.010718,"30":0,"31":0,"32":0.016077,"33":0.042872,"34":0,"35":0.005359,"36":0,"37":0.010718,"38":0,"39":0,"40":0,"41":0,"42":0,"43":0.010718,"44":0,"45":0,"46":0.016077,"47":0,"48":0,"49":0,"50":0,"51":0,"52":0.353694,"53":0.091103},"safari":{"3.1":0,"3.2":0,"4":0,"5":0.005359,"5.1":0.016077,"6":0,"6.1":0.005359,"7":0.005359,"7.1":0,"8":0.021436,"9":0.016077,"9.1":0.091103,"10":0.048231,"10.1":0.166129,"11":0.241155,"11.1":0.787773,"0":null},"ios_saf":{"3.2":0.00135187892512,"4.0-4.1":0,"4.2-4.3":0.00270375785024,"5.0-5.1":0.0216300628019,"6.0-6.1":0.0135187892512,"7.0-7.1":0.0567789148551,"8":0.0135187892512,"8.1-8.4":0.0959834036836,"9.0-9.2":0.0757052198068,"9.3":0.467750108092,"10.0-10.2":0.433953134964,"10.3":0.992279131039,"11.0-11.2":2.95250357246,"11.3":8.30459223702},"android":{"2.1":0,"2.2":0,"2.3":0,"3":0,"4":0,"4.1":0.128711584158,"4.2-4.3":0.295094851485,"4.4":1.1144539604,"4.4.3-4.4.4":0.68122960396,"66":null},"op_mob":{"10":null,"11":null,"11.1":null,"11.5":null,"12":null,"12.1":null,"0":null},"ie":{"5.5":0,"6":0,"7":0,"8":0.016077,"9":0.032154,"10":0.048231,"11":1.023569},"edge":{"12":0.021436,"13":0.032154,"14":0.139334,"15":0.085744,"16":1.195057,"17":0.278668,"18":null},"samsung":{"4":0.733003596401,"5":0.109403521851,"6.2":3.09611966838},"bb":{"7":0.009282,"10":0.037128},"ie_mob":{"10":0.013566,"11":0.162792},"and_uc":{"0":0.329511},"op_mini":{"0":0.808459010309},"and_chr":{"0":49.563958},"baidu":{"0":null},"and_ff":{"0":0.143871},"and_qq":{"1.2":null}},"total":96.1194617969}