{"id":"TV","name":"Tuvalu","month":"2018-05","access_date":"2018-06-04","data":{"chrome":{"4":0,"5":0,"6":0,"7":0,"8":0,"9":0,"10":0,"11":0,"12":0,"13":0,"14":0,"15":0,"16":0,"17":0.03031,"18":0,"19":0,"20":0,"21":0,"22":0,"23":0,"24":0,"25":0,"26":0,"27":0,"28":0,"29":0,"30":0,"31":0,"32":0,"33":0,"34":0,"35":0,"36":0,"37":0,"38":0,"39":0,"40":0,"41":0,"42":0,"43":0,"44":0,"45":0,"46":0,"47":0,"48":0,"49":0,"50":0,"51":0,"52":0.09526,"53":0,"54":0,"55":0,"56":0,"57":0,"58":1.40292,"59":0,"60":0,"61":0,"62":0,"63":0.03031,"64":0.62352,"65":1.18642,"66":10.53489,"67":0.15588,"68":0.09526,"69":0},"firefox":{"2":0,"3":0,"3.5":0,"3.6":0,"4":0,"5":0,"6":0,"7":0,"8":0.03031,"9":0,"10":0,"11":0,"12":0,"13":0,"14":0,"15":0,"16":0,"17":0,"18":0,"19":0,"20":0,"21":0,"22":0,"23":0,"24":0,"25":0,"26":0,"27":0,"28":0,"29":0,"30":0,"31":0,"32":0,"33":0,"34":0,"35":0,"36":0,"37":0,"38":0,"39":0,"40":0,"41":0,"42":0,"43":0,"44":0,"45":0,"46":0,"47":0.03031,"48":0,"49":0,"50":0,"51":0,"52":0.03031,"53":0,"54":0,"55":0,"56":0,"57":0,"58":0,"59":0.31176,"60":0.2165,"61":0,"62":0},"opera":{"9":0,"9.5-9.6":0,"10.0-10.1":0,"10.5":0,"10.6":0,"11":0,"11.1":0,"11.5":0,"11.6":0,"12":0,"12.1":0,"15":0,"16":0,"17":0,"18":0,"19":0,"20":0,"21":0,"22":0,"23":0,"24":0,"25":0,"26":0,"27":0,"28":0,"29":0,"30":0,"31":0,"32":0,"33":0,"34":0,"35":0,"36":0,"37":0,"38":0,"39":0,"40":0,"41":0,"42":0,"43":0,"44":0,"45":0,"46":0,"47":0,"48":0,"49":0,"50":0,"51":0,"52":0.5629,"53":0.15588},"safari":{"3.1":0,"3.2":0,"4":0,"5":0,"5.1":0,"6":0,"6.1":0,"7":0,"7.1":0,"8":0,"9":0.09526,"9.1":0,"10":0,"10.1":0,"11":0.06062,"11.1":0.49795,"0":null},"ios_saf":{"3.2":0.000984669887279,"4.0-4.1":0,"4.2-4.3":0.00196933977456,"5.0-5.1":0.0157547181965,"6.0-6.1":0.00984669887279,"7.0-7.1":0.0413561352657,"8":0.00984669887279,"8.1-8.4":0.0699115619968,"9.0-9.2":0.0551415136876,"9.3":0.340695780998,"10.0-10.2":0.316079033816,"10.3":0.722747697262,"11.0-11.2":2.15051903382,"11.3":6.04882711755},"android":{"2.1":0,"2.2":0,"2.3":0,"3":0,"4":0,"4.1":0.0309030975955,"4.2-4.3":0.0708510042433,"4.4":0.267575601132,"4.4.3-4.4.4":0.16356029703,"66":null},"op_mob":{"10":null,"11":null,"11.1":null,"11.5":null,"12":null,"12.1":null,"0":null},"ie":{"5.5":0,"6":0,"7":0,"8":0,"9":0,"10":0,"11":0.43733},"edge":{"12":0.03031,"13":0.03031,"14":0.03031,"15":0,"16":0.2165,"17":0,"18":null},"samsung":{"4":1.04076547826,"5":0,"6.2":0.0721322608696},"bb":{"7":0,"10":0},"ie_mob":{"10":0,"11":0},"and_uc":{"0":1.84842},"op_mini":{"0":1.05212597938},"and_chr":{"0":66.62502},"baidu":{"0":null},"and_ff":{"0":0},"and_qq":{"1.2":null}},"total":97.8463637185}