{"id":"TW","name":"Taiwan","month":"2018-05","access_date":"2018-06-04","data":{"chrome":{"4":0,"5":0,"6":0,"7":0,"8":0,"9":0,"10":0,"11":0.005811,"12":0,"13":0,"14":0,"15":0,"16":0,"17":0,"18":0.005811,"19":0,"20":0,"21":0,"22":0,"23":0,"24":0,"25":0,"26":0.005811,"27":0,"28":0.017433,"29":0.220818,"30":0.081354,"31":0.034866,"32":0.017433,"33":0.005811,"34":0.011622,"35":0,"36":0.098787,"37":0.151086,"38":0.087165,"39":0.005811,"40":0,"41":0,"42":0,"43":0.005811,"44":0.005811,"45":0.011622,"46":0.011622,"47":0.017433,"48":0.017433,"49":0.708942,"50":0.011622,"51":0.034866,"52":0.011622,"53":0.017433,"54":0.040677,"55":0.110409,"56":0.05811,"57":0.052299,"58":0.05811,"59":0.034866,"60":0.052299,"61":0.052299,"62":0.092976,"63":0.249873,"64":0.226629,"65":1.632891,"66":20.896356,"67":0.145275,"68":0.023244,"69":0},"firefox":{"2":0,"3":0,"3.5":0,"3.6":0,"4":0,"5":0,"6":0,"7":0,"8":0,"9":0,"10":0,"11":0,"12":0,"13":0,"14":0,"15":0,"16":0,"17":0,"18":0,"19":0,"20":0,"21":0,"22":0,"23":0,"24":0,"25":0,"26":0,"27":0,"28":0,"29":0.034866,"30":0,"31":0.017433,"32":0,"33":0.151086,"34":0.069732,"35":0,"36":0,"37":0,"38":0,"39":0,"40":0,"41":0,"42":0,"43":0.005811,"44":0,"45":0.005811,"46":0,"47":0.005811,"48":0.034866,"49":0.005811,"50":0.005811,"51":0.005811,"52":0.127842,"53":0.005811,"54":0.005811,"55":0.011622,"56":0.034866,"57":0.017433,"58":0.017433,"59":0.633399,"60":0.46488,"61":0.005811,"62":0},"opera":{"9":0,"9.5-9.6":0,"10.0-10.1":0,"10.5":0,"10.6":0,"11":0,"11.1":0,"11.5":0,"11.6":0,"12":0,"12.1":0,"15":0,"16":0,"17":0,"18":0,"19":0,"20":0,"21":0,"22":0,"23":0,"24":0,"25":0,"26":0,"27":0,"28":0,"29":0,"30":0,"31":0,"32":0,"33":0.005811,"34":0,"35":0,"36":0.005811,"37":0.156897,"38":0,"39":0,"40":0,"41":0,"42":0,"43":0,"44":0,"45":0,"46":0,"47":0,"48":0,"49":0,"50":0,"51":0,"52":0.122031,"53":0.029055},"safari":{"3.1":0,"3.2":0,"4":0,"5":0.005811,"5.1":0.011622,"6":0,"6.1":0.005811,"7":0.005811,"7.1":0,"8":0.029055,"9":0.017433,"9.1":0.075543,"10":0.063921,"10.1":0.156897,"11":0.209196,"11.1":0.633399,"0":null},"ios_saf":{"3.2":0.00248656018519,"4.0-4.1":0,"4.2-4.3":0.00497312037037,"5.0-5.1":0.039784962963,"6.0-6.1":0.0248656018519,"7.0-7.1":0.104435527778,"8":0.0248656018519,"8.1-8.4":0.176545773148,"9.0-9.2":0.13924737037,"9.3":0.860349824074,"10.0-10.2":0.798185819444,"10.3":1.82513517593,"11.0-11.2":5.43064744444,"11.3":15.2749392176},"android":{"2.1":0,"2.2":0,"2.3":0,"3":0,"4":0,"4.1":0.0470590113154,"4.2-4.3":0.107891391796,"4.4":0.407462171146,"4.4.3-4.4.4":0.249068425743,"66":null},"op_mob":{"10":null,"11":null,"11.1":null,"11.5":null,"12":null,"12.1":null,"0":null},"ie":{"5.5":0,"6":0.005889,"7":0.005889,"8":0.306228,"9":0.070668,"10":0.106002,"11":2.137707},"edge":{"12":0.011622,"13":0.005811,"14":0.023244,"15":0.023244,"16":0.552045,"17":0.162708,"18":null},"samsung":{"4":0.436793753086,"5":0.127842074074,"6.2":1.01208308642},"bb":{"7":0.0008378,"10":0.0033512},"ie_mob":{"10":0.0104725,"11":0.0104725},"and_uc":{"0":0.171749},"op_mini":{"0":0.515563694158},"and_chr":{"0":38.353249},"baidu":{"0":null},"and_ff":{"0":0.08378},"and_qq":{"1.2":null}},"total":98.1872046077}