{"id":"TZ","name":"Tanzania","month":"2018-05","access_date":"2018-06-04","data":{"chrome":{"4":null,"5":null,"6":null,"7":null,"8":null,"9":null,"10":null,"11":0.019129,"12":null,"13":null,"14":null,"15":null,"16":null,"17":null,"18":0.005217,"19":0.003478,"20":0.006956,"21":0.010434,"22":0.001739,"23":0.005217,"24":null,"25":0.003478,"26":null,"27":null,"28":0.003478,"29":0.003478,"30":0.001739,"31":0.003478,"32":0.001739,"33":0.010434,"34":null,"35":null,"36":0.003478,"37":0.003478,"38":0.003478,"39":null,"40":0.008695,"41":null,"42":0.006956,"43":0.076516,"44":0.001739,"45":0.005217,"46":0.006956,"47":0.003478,"48":0.003478,"49":0.106079,"50":0.006956,"51":0.006956,"52":0.006956,"53":0.001739,"54":0.001739,"55":0.048692,"56":0.005217,"57":0.012173,"58":0.071299,"59":0.005217,"60":0.20868,"61":0.01739,"62":0.033041,"63":0.066082,"64":0.071299,"65":0.467791,"66":6.36474,"67":0.073038,"68":0.012173,"69":null},"firefox":{"2":null,"3":null,"3.5":null,"3.6":0.005217,"4":0.005217,"5":0.003478,"6":0.006956,"7":0.005217,"8":0.006956,"9":0.001739,"10":0.005217,"11":0.005217,"12":0.013912,"13":0.012173,"14":0.005217,"15":0.005217,"16":0.006956,"17":0.008695,"18":0.012173,"19":0.005217,"20":0.005217,"21":0.055648,"22":0.001739,"23":0.020868,"24":0.005217,"25":0.005217,"26":0.015651,"27":0.003478,"28":0.006956,"29":0.01739,"30":0.024346,"31":0.008695,"32":0.008695,"33":0.036519,"34":0.024346,"35":0.013912,"36":0.020868,"37":0.010434,"38":0.022607,"39":0.015651,"40":0.019129,"41":0.010434,"42":0.015651,"43":0.083472,"44":0.045214,"45":0.026085,"46":0.019129,"47":0.116513,"48":0.043475,"49":0.036519,"50":0.01739,"51":0.006956,"52":0.109557,"53":0.005217,"54":0.013912,"55":0.010434,"56":0.057387,"57":0.039997,"58":0.03478,"59":1.58249,"60":1.366854,"61":0.1739,"62":null},"opera":{"9":null,"9.5-9.6":null,"10.0-10.1":0,"10.5":null,"10.6":0.003478,"11":0.003478,"11.1":null,"11.5":null,"11.6":0.060865,"12":null,"12.1":0.008695,"15":0.001739,"16":null,"17":0.003478,"18":null,"19":null,"20":null,"21":null,"22":null,"23":null,"24":null,"25":null,"26":null,"27":null,"28":null,"29":null,"30":null,"31":null,"32":null,"33":null,"34":null,"35":null,"36":0.010434,"37":0.005217,"38":null,"39":null,"40":0.005217,"41":null,"42":0.024346,"43":0.006956,"44":null,"45":0.006956,"46":0.015651,"47":0.003478,"48":0.006956,"49":0.01739,"50":0.031302,"51":0.020868,"52":0.751248,"53":0.215636},"safari":{"3.1":null,"3.2":null,"4":0.003478,"5":null,"5.1":0.008695,"6":0.001739,"6.1":0.001739,"7":0.001739,"7.1":0.003478,"8":0.015651,"9":0.033041,"9.1":0.064343,"10":0.071299,"10.1":0.085211,"11":0.172161,"11.1":0.300847,"0":null},"ios_saf":{"3.2":0.0001404931562,"4.0-4.1":0,"4.2-4.3":0.000280986312399,"5.0-5.1":0.00224789049919,"6.0-6.1":0.001404931562,"7.0-7.1":0.00590071256039,"8":0.001404931562,"8.1-8.4":0.00997501409018,"9.0-9.2":0.00786761674718,"9.3":0.0486106320451,"10.0-10.2":0.0450983031401,"10.3":0.103121976651,"11.0-11.2":0.30683705314,"11.3":0.863049458535},"android":{"2.1":0,"2.2":0,"2.3":0,"3":0,"4":0,"4.1":0.142744950495,"4.2-4.3":0.327268910891,"4.4":1.23596237624,"4.4.3-4.4.4":0.755503762376,"66":null},"op_mob":{"10":null,"11":null,"11.1":null,"11.5":null,"12":null,"12.1":null,"0":null},"ie":{"5.5":null,"6":null,"7":null,"8":0.228396136598,"9":0.0104608917526,"10":0.036613121134,"11":0.387052994845},"edge":{"12":0.06956,"13":0.053909,"14":0.043475,"15":0.03478,"16":0.241721,"17":0.050431,"18":null},"samsung":{"4":1.10536792079,"5":0.223101782178,"6.2":0.679446336634},"bb":{"7":0.009912,"10":0.039648},"ie_mob":{"10":0.133995555556,"11":0.468984444444},"and_uc":{"0":16.55304},"op_mini":{"0":33.5088472509},"and_chr":{"0":23.580169},"baidu":{"0":null},"and_ff":{"0":0.26432},"and_qq":{"1.2":null}},"total":95.6109034348}