{"id":"UA","name":"Ukraine","month":"2018-05","access_date":"2018-06-04","data":{"chrome":{"4":0.008028,"5":0.008028,"6":0.008028,"7":0.008028,"8":0.008028,"9":0.008028,"10":0.016056,"11":0.024084,"12":0.016056,"13":0.008028,"14":0.016056,"15":0.024084,"16":0.016056,"17":0.024084,"18":0.056196,"19":0.024084,"20":0.016056,"21":0.032112,"22":0.04014,"23":0.024084,"24":0.024084,"25":0.016056,"26":0.024084,"27":0.032112,"28":0.008028,"29":0.353232,"30":0.008028,"31":0.016056,"32":0.008028,"33":0.008028,"34":0.016056,"35":0.016056,"36":0.008028,"37":0.016056,"38":0.016056,"39":0.064224,"40":0.056196,"41":0.016056,"42":0.016056,"43":0.024084,"44":0.008028,"45":0.016056,"46":0.024084,"47":0.024084,"48":0.032112,"49":1.44504,"50":0.024084,"51":0.216756,"52":0.032112,"53":0.032112,"54":0.096336,"55":0.136476,"56":0.184644,"57":0.064224,"58":0.144504,"59":0.184644,"60":0.16056,"61":0.36126,"62":0.289008,"63":0.569988,"64":0.513792,"65":2.255868,"66":32.842548,"67":0.248868,"68":0.08028,"69":0},"firefox":{"2":0.008028,"3":0.032112,"3.5":0.048168,"3.6":0.176616,"4":0.008028,"5":0.008028,"6":0.008028,"7":0.008028,"8":0.008028,"9":0.008028,"10":0.008028,"11":0.008028,"12":0.016056,"13":0.008028,"14":0.008028,"15":0.008028,"16":0.048168,"17":0.008028,"18":0,"19":0.008028,"20":0.008028,"21":0.008028,"22":0.008028,"23":0.008028,"24":0.016056,"25":0.008028,"26":0.08028,"27":0.008028,"28":0.008028,"29":0,"30":0,"31":0.008028,"32":0.008028,"33":0.008028,"34":0.008028,"35":0.008028,"36":0.008028,"37":0.008028,"38":0.024084,"39":0.008028,"40":0.104364,"41":0.024084,"42":0.008028,"43":0.04014,"44":0.008028,"45":0.232812,"46":0.016056,"47":0.144504,"48":0.16056,"49":0.032112,"50":0.04014,"51":0.032112,"52":0.955332,"53":0.056196,"54":0.064224,"55":0.128448,"56":0.136476,"57":0.248868,"58":0.144504,"59":2.12742,"60":1.750104,"61":0.032112,"62":0},"opera":{"9":0,"9.5-9.6":0,"10.0-10.1":0,"10.5":0.008028,"10.6":0.016056,"11":0.008028,"11.1":0.008028,"11.5":0.008028,"11.6":0.088308,"12":0.048168,"12.1":1.035612,"15":0,"16":0,"17":0,"18":0.008028,"19":0.008028,"20":0.016056,"21":0.008028,"22":0.008028,"23":0,"24":0.008028,"25":0.008028,"26":0.008028,"27":0.048168,"28":0,"29":0,"30":0.008028,"31":0,"32":0.008028,"33":0.008028,"34":0.008028,"35":0.008028,"36":0.297036,"37":0.016056,"38":0.008028,"39":0.008028,"40":0.008028,"41":0.008028,"42":0.032112,"43":0.024084,"44":0.008028,"45":0.024084,"46":0.032112,"47":0.024084,"48":0.024084,"49":0.024084,"50":0.04014,"51":0.072252,"52":3.925692,"53":0.947304},"safari":{"3.1":0.008028,"3.2":0,"4":0.016056,"5":0.048168,"5.1":0.032112,"6":0.008028,"6.1":0.008028,"7":0.008028,"7.1":0,"8":0.008028,"9":0.016056,"9.1":0.056196,"10":0.056196,"10.1":0.128448,"11":0.345204,"11.1":1.252368,"0":null},"ios_saf":{"3.2":0.000702035024155,"4.0-4.1":0,"4.2-4.3":0.00140407004831,"5.0-5.1":0.0112325603865,"6.0-6.1":0.00702035024155,"7.0-7.1":0.0294854710145,"8":0.00702035024155,"8.1-8.4":0.049844486715,"9.0-9.2":0.0393139613527,"9.3":0.242904118357,"10.0-10.2":0.225353242754,"10.3":0.515293707729,"11.0-11.2":1.53324449275,"11.3":4.31260115338},"android":{"2.1":0,"2.2":0,"2.3":0,"3":0,"4":0,"4.1":0.0666348005658,"4.2-4.3":0.15277246959,"4.4":0.576959858557,"4.4.3-4.4.4":0.352676871287,"66":null},"op_mob":{"10":null,"11":null,"11.1":null,"11.5":null,"12":null,"12.1":null,"0":null},"ie":{"5.5":0,"6":0.00830129361702,"7":0.00830129361702,"8":0.30714786383,"9":0.182628459574,"10":0.174327165957,"11":1.2700979234},"edge":{"12":0.032112,"13":0.024084,"14":0.056196,"15":0.064224,"16":0.329148,"17":0.112392,"18":null},"samsung":{"4":0.178127522388,"5":0.041912358209,"6.2":0.450557850746},"bb":{"7":0.0027608,"10":0.0110432},"ie_mob":{"10":0.0537818181818,"11":0.0941181818182},"and_uc":{"0":1.062908},"op_mini":{"0":1.03803098282},"and_chr":{"0":22.434644},"baidu":{"0":null},"and_ff":{"0":0.090712},"and_qq":{"1.2":null}},"total":93.3274367142}