{"id":"US","name":"United States","month":"2018-05","access_date":"2018-06-04","data":{"chrome":{"4":0,"5":0,"6":0,"7":0,"8":0,"9":0,"10":0,"11":0,"12":0,"13":0,"14":0,"15":0,"16":0,"17":0,"18":0.010984,"19":0,"20":0,"21":0,"22":0,"23":0,"24":0,"25":0.016476,"26":0,"27":0,"28":0,"29":0.098856,"30":0.005492,"31":0.010984,"32":0.005492,"33":0.005492,"34":0.010984,"35":0,"36":0.005492,"37":0.010984,"38":0.010984,"39":0.005492,"40":0.021968,"41":0.010984,"42":0.005492,"43":0.016476,"44":0.005492,"45":0.005492,"46":0.010984,"47":0.010984,"48":0.016476,"49":0.252632,"50":0.010984,"51":0.02746,"52":0.142792,"53":0.016476,"54":0.032952,"55":0.065904,"56":0.065904,"57":0.065904,"58":0.065904,"59":0.076888,"60":0.098856,"61":0.087872,"62":0.153776,"63":0.554692,"64":0.345996,"65":1.900232,"66":12.357,"67":0.104348,"68":0.021968,"69":0},"firefox":{"2":0,"3":0,"3.5":0,"3.6":0.005492,"4":0,"5":0,"6":0,"7":0,"8":0,"9":0,"10":0,"11":0.005492,"12":0,"13":0,"14":0,"15":0,"16":0.005492,"17":0.005492,"18":0,"19":0,"20":0,"21":0,"22":0,"23":0,"24":0,"25":0,"26":0,"27":0,"28":0,"29":0.005492,"30":0,"31":0.010984,"32":0,"33":0.005492,"34":0.021968,"35":0,"36":0.005492,"37":0,"38":0.093364,"39":0,"40":0.005492,"41":0.005492,"42":0,"43":0.005492,"44":0.005492,"45":0.016476,"46":0.005492,"47":0.016476,"48":0.071396,"49":0.010984,"50":0.02746,"51":0.021968,"52":0.258124,"53":0.021968,"54":0.021968,"55":0.038444,"56":0.038444,"57":0.038444,"58":0.043936,"59":1.164304,"60":0.917164,"61":0.010984,"62":0},"opera":{"9":0,"9.5-9.6":0,"10.0-10.1":0,"10.5":0,"10.6":0,"11":0,"11.1":0,"11.5":0,"11.6":0,"12":0,"12.1":0.005492,"15":0,"16":0,"17":0,"18":0,"19":0,"20":0,"21":0,"22":0,"23":0,"24":0,"25":0,"26":0,"27":0,"28":0,"29":0,"30":0,"31":0,"32":0,"33":0.005492,"34":0,"35":0,"36":0.005492,"37":0.005492,"38":0.005492,"39":0.005492,"40":0,"41":0,"42":0,"43":0,"44":0,"45":0,"46":0.005492,"47":0.005492,"48":0,"49":0,"50":0,"51":0.005492,"52":0.16476,"53":0.032952},"safari":{"3.1":0,"3.2":0,"4":0.005492,"5":0.010984,"5.1":0.021968,"6":0,"6.1":0.010984,"7":0.005492,"7.1":0,"8":0.032952,"9":0.02746,"9.1":0.159268,"10":0.087872,"10.1":0.307552,"11":0.378948,"11.1":1.433412,"0":null},"ios_saf":{"3.2":0.00391100080515,"4.0-4.1":0,"4.2-4.3":0.00782200161031,"5.0-5.1":0.0625760128824,"6.0-6.1":0.0391100080515,"7.0-7.1":0.164262033816,"8":0.0391100080515,"8.1-8.4":0.277681057166,"9.0-9.2":0.219016045089,"9.3":1.35320627858,"10.0-10.2":1.25543125845,"10.3":2.87067459098,"11.0-11.2":8.54162575845,"11.3":24.0252779461},"android":{"2.1":0,"2.2":0,"2.3":0,"3":0,"4":0,"4.1":0.0623986364922,"4.2-4.3":0.143060288543,"4.4":0.540280876945,"4.4.3-4.4.4":0.33025619802,"66":null},"op_mob":{"10":null,"11":null,"11.1":null,"11.5":null,"12":null,"12.1":null,"0":null},"ie":{"5.5":0,"6":0.0110429481216,"7":0.00552147406082,"8":0.13251537746,"9":0.143558325581,"10":0.0552147406082,"11":2.73865113417},"edge":{"12":0.016476,"13":0.021968,"14":0.076888,"15":0.093364,"16":1.422428,"17":0.483296,"18":null},"samsung":{"4":0.251578436548,"5":0.120320121827,"6.2":1.21413941117},"bb":{"7":0.0027048,"10":0.0108192},"ie_mob":{"10":0.013524,"11":0.040572},"and_uc":{"0":0.356132},"op_mini":{"0":0.123768611684},"and_chr":{"0":27.520184},"baidu":{"0":null},"and_ff":{"0":0.229908},"and_qq":{"1.2":null}},"total":97.4111585812}