{"id":"UY","name":"Uruguay","month":"2018-05","access_date":"2018-06-04","data":{"chrome":{"4":0,"5":0,"6":0,"7":0,"8":0,"9":0,"10":0,"11":0.003475,"12":0,"13":0,"14":0,"15":0,"16":0,"17":0,"18":0,"19":0,"20":0,"21":0,"22":0.003475,"23":0,"24":0,"25":0,"26":0.003475,"27":0,"28":0,"29":0,"30":0,"31":0.003475,"32":0,"33":0,"34":0.003475,"35":0.003475,"36":0,"37":0,"38":0.003475,"39":0.003475,"40":0.003475,"41":0,"42":0.003475,"43":0.010425,"44":0.003475,"45":0,"46":0.0139,"47":0.00695,"48":0.045175,"49":0.29885,"50":0.00695,"51":0.00695,"52":0.003475,"53":0.003475,"54":0.003475,"55":0.010425,"56":0.0139,"57":0.072975,"58":0.0417,"59":0.017375,"60":0.038225,"61":0.02085,"62":0.295375,"63":0.2224,"64":0.0695,"65":0.4865,"66":7.8674,"67":0.072975,"68":0.003475,"69":0},"firefox":{"2":0,"3":0,"3.5":0,"3.6":0.003475,"4":0,"5":0,"6":0,"7":0,"8":0,"9":0,"10":0,"11":0,"12":0,"13":0,"14":0,"15":0,"16":0,"17":0,"18":0,"19":0,"20":0.003475,"21":0,"22":0,"23":0,"24":0,"25":0.017375,"26":0,"27":0.00695,"28":0.003475,"29":0,"30":0,"31":0,"32":0,"33":0.0139,"34":0,"35":0.003475,"36":0,"37":0,"38":0.003475,"39":0,"40":0.00695,"41":0,"42":0,"43":0.010425,"44":0.003475,"45":0.003475,"46":0,"47":0.00695,"48":0.010425,"49":0.0139,"50":0.003475,"51":0.003475,"52":0.1112,"53":0.017375,"54":0.00695,"55":0.003475,"56":0.024325,"57":0.02085,"58":0.0139,"59":0.427425,"60":0.330125,"61":0.003475,"62":0},"opera":{"9":0,"9.5-9.6":0,"10.0-10.1":0,"10.5":0,"10.6":0,"11":0,"11.1":0,"11.5":0,"11.6":0,"12":0,"12.1":0.003475,"15":0,"16":0,"17":0,"18":0,"19":0,"20":0,"21":0,"22":0,"23":0,"24":0,"25":0,"26":0,"27":0,"28":0,"29":0.003475,"30":0,"31":0,"32":0.003475,"33":0.003475,"34":0,"35":0,"36":0.00695,"37":0,"38":0,"39":0,"40":0,"41":0,"42":0,"43":0,"44":0,"45":0,"46":0.003475,"47":0.003475,"48":0.00695,"49":0,"50":0,"51":0,"52":0.121625,"53":0.0278},"safari":{"3.1":0,"3.2":0,"4":0,"5":0,"5.1":0,"6":0,"6.1":0,"7":0.003475,"7.1":0,"8":0.003475,"9":0,"9.1":0.010425,"10":0.010425,"10.1":0.031275,"11":0.059075,"11.1":0.17375,"0":null},"ios_saf":{"3.2":0.000727095913849,"4.0-4.1":0,"4.2-4.3":0.0014541918277,"5.0-5.1":0.0116335346216,"6.0-6.1":0.00727095913849,"7.0-7.1":0.0305380283816,"8":0.00727095913849,"8.1-8.4":0.0516238098833,"9.0-9.2":0.0407173711755,"9.3":0.251575186192,"10.0-10.2":0.233397788345,"10.3":0.533688400765,"11.0-11.2":1.58797747585,"11.3":4.46655019877},"android":{"2.1":0,"2.2":0,"2.3":0,"3":0,"4":0,"4.1":0.0681545261669,"4.2-4.3":0.156256718529,"4.4":0.590118458274,"4.4.3-4.4.4":0.36072029703,"66":null},"op_mob":{"10":null,"11":null,"11.1":null,"11.5":null,"12":null,"12.1":null,"0":null},"ie":{"5.5":0,"6":0,"7":0,"8":0.010425,"9":0.003475,"10":0.00695,"11":0.163325},"edge":{"12":0.003475,"13":0.0139,"14":0.0278,"15":0.0278,"16":0.121625,"17":0.0417,"18":null},"samsung":{"4":1.16248571429,"5":0.21228,"6.2":1.73867428571},"bb":{"7":0.001305,"10":0.00522},"ie_mob":{"10":0.0648,"11":0.5616},"and_uc":{"0":0.267525},"op_mini":{"0":0.654809536082},"and_chr":{"0":73.083075},"baidu":{"0":null},"and_ff":{"0":0.11745},"and_qq":{"1.2":null}},"total":97.9136245361}