{"id":"VA","name":"Holy See (Vatican City State)","month":"2018-05","access_date":"2018-06-04","data":{"chrome":{"4":0,"5":0,"6":0,"7":0,"8":0,"9":0,"10":0,"11":0,"12":0,"13":0,"14":0,"15":0,"16":0,"17":0,"18":0,"19":0,"20":0,"21":0,"22":0,"23":0,"24":0,"25":0,"26":0,"27":0,"28":0,"29":0,"30":0,"31":0,"32":0,"33":0,"34":0,"35":0,"36":0,"37":0,"38":0,"39":0,"40":0,"41":0,"42":0,"43":0,"44":0.009648,"45":0,"46":0,"47":0,"48":0,"49":0.279792,"50":0,"51":0,"52":0,"53":0,"54":0,"55":0,"56":0,"57":0,"58":0.009648,"59":0,"60":0.009648,"61":0,"62":0.009648,"63":0.009648,"64":0.067536,"65":1.794528,"66":50.26608,"67":0.38592,"68":0,"69":0},"firefox":{"2":0,"3":0,"3.5":0,"3.6":0,"4":0,"5":0,"6":0,"7":0,"8":0,"9":0,"10":0,"11":0,"12":0,"13":0,"14":0,"15":0,"16":0.704304,"17":0,"18":0,"19":0,"20":0,"21":0,"22":0,"23":0,"24":0,"25":0,"26":0,"27":0,"28":0.009648,"29":0,"30":0,"31":0,"32":0,"33":0,"34":0,"35":0.057888,"36":0,"37":0,"38":0,"39":0,"40":0,"41":0,"42":0.019296,"43":0.202608,"44":0.057888,"45":0,"46":0.009648,"47":0,"48":0.028944,"49":0,"50":0,"51":0.028944,"52":0.82008,"53":0,"54":0.04824,"55":0,"56":0,"57":0.077184,"58":0.009648,"59":6.599232,"60":5.7888,"61":0,"62":0},"opera":{"9":0,"9.5-9.6":0,"10.0-10.1":0,"10.5":0,"10.6":0,"11":0,"11.1":0,"11.5":0,"11.6":0,"12":0,"12.1":0,"15":0,"16":0,"17":0,"18":0,"19":0,"20":0,"21":0,"22":0,"23":0,"24":0,"25":0,"26":0,"27":0,"28":0,"29":0,"30":0,"31":0,"32":0,"33":0,"34":0,"35":0,"36":0,"37":0,"38":0,"39":0,"40":0,"41":0,"42":0,"43":0,"44":0,"45":0,"46":0,"47":0,"48":0,"49":0,"50":0,"51":0,"52":0.501696,"53":0},"safari":{"3.1":0,"3.2":0,"4":0,"5":0,"5.1":0.009648,"6":0,"6.1":0,"7":0,"7.1":0,"8":0.019296,"9":0.009648,"9.1":0.520992,"10":0.019296,"10.1":0.28944,"11":0.173664,"11.1":1.649808,"0":null},"ios_saf":{"3.2":0.000717995169082,"4.0-4.1":0,"4.2-4.3":0.00143599033816,"5.0-5.1":0.0114879227053,"6.0-6.1":0.00717995169082,"7.0-7.1":0.0301557971014,"8":0.00717995169082,"8.1-8.4":0.0509776570048,"9.0-9.2":0.0402077294686,"9.3":0.248426328502,"10.0-10.2":0.230476449275,"10.3":0.527008454106,"11.0-11.2":1.56810144928,"11.3":4.41064432367},"android":{"2.1":0,"2.2":0,"2.3":0,"3":0,"4":0,"4.1":0.0071909476662,"4.2-4.3":0.016486562942,"4.4":0.0622630834512,"4.4.3-4.4.4":0.0380594059406,"66":null},"op_mob":{"10":null,"11":null,"11.1":null,"11.5":null,"12":null,"12.1":null,"0":null},"ie":{"5.5":0,"6":0,"7":0,"8":0.077184,"9":0.009648,"10":0.009648,"11":15.48504},"edge":{"12":0.009648,"13":0,"14":0.028944,"15":0.067536,"16":1.6884,"17":0.926208,"18":null},"samsung":{"4":0.042108,"5":0,"6.2":0.621093},"bb":{"7":0,"10":0},"ie_mob":{"10":0,"11":0},"and_uc":{"0":0.014432},"op_mini":{"0":0},"and_chr":{"0":2.470896},"baidu":{"0":null},"and_ff":{"0":0.010912},"and_qq":{"1.2":null}},"total":99.217633}