{"id":"VE","name":"Venezuela","month":"2018-05","access_date":"2018-06-04","data":{"chrome":{"4":0,"5":0,"6":0.008024,"7":0.008024,"8":0,"9":0,"10":0,"11":0.016048,"12":0.008024,"13":0,"14":0,"15":0,"16":0,"17":0,"18":0.008024,"19":0,"20":0.008024,"21":0.008024,"22":0,"23":0.008024,"24":0.008024,"25":0.008024,"26":0.008024,"27":0.024072,"28":0,"29":0.088264,"30":0.008024,"31":0.016048,"32":0.016048,"33":0.008024,"34":0.016048,"35":0.008024,"36":0.016048,"37":0.064192,"38":0.008024,"39":0.016048,"40":0.008024,"41":0.008024,"42":0.016048,"43":0.04012,"44":0.016048,"45":0.024072,"46":0.048144,"47":0.032096,"48":0.032096,"49":2.6078,"50":0.024072,"51":0.08024,"52":0.024072,"53":0.032096,"54":0.096288,"55":0.104312,"56":0.264792,"57":0.072216,"58":0.44132,"59":0.296888,"60":0.337008,"61":0.377128,"62":0.44132,"63":0.938808,"64":0.914736,"65":2.623848,"66":39.35772,"67":0.288864,"68":0.032096,"69":0},"firefox":{"2":0.008024,"3":0.008024,"3.5":0.016048,"3.6":0.056168,"4":0,"5":0,"6":0,"7":0,"8":0.088264,"9":0,"10":0,"11":0,"12":0.008024,"13":0,"14":0,"15":0,"16":0.008024,"17":0,"18":0,"19":0,"20":0,"21":0.008024,"22":0,"23":0.008024,"24":0,"25":0,"26":0.016048,"27":0.2006,"28":0.008024,"29":0.024072,"30":0.016048,"31":0.016048,"32":0.008024,"33":0.008024,"34":0.016048,"35":0.008024,"36":0.008024,"37":0.008024,"38":0.024072,"39":0.016048,"40":0.024072,"41":0.016048,"42":0.016048,"43":0.072216,"44":0.016048,"45":0.064192,"46":0.016048,"47":0.096288,"48":0.216648,"49":0.04012,"50":0.048144,"51":0.032096,"52":0.938808,"53":0.032096,"54":0.096288,"55":0.072216,"56":0.104312,"57":0.192576,"58":0.136408,"59":2.36708,"60":1.997976,"61":0.04012,"62":0},"opera":{"9":0,"9.5-9.6":0,"10.0-10.1":0,"10.5":0,"10.6":0,"11":0,"11.1":0,"11.5":0,"11.6":0,"12":0,"12.1":0.024072,"15":0,"16":0,"17":0.008024,"18":0,"19":0,"20":0,"21":0,"22":0,"23":0,"24":0,"25":0,"26":0,"27":0,"28":0,"29":0,"30":0,"31":0,"32":0,"33":0.016048,"34":0,"35":0,"36":0.04012,"37":0.008024,"38":0,"39":0,"40":0,"41":0,"42":0.008024,"43":0,"44":0,"45":0.016048,"46":0.016048,"47":0.008024,"48":0.024072,"49":0.024072,"50":0.024072,"51":0.024072,"52":0.96288,"53":0.248744},"safari":{"3.1":0,"3.2":0,"4":0.008024,"5":0.016048,"5.1":0.016048,"6":0,"6.1":0.008024,"7":0,"7.1":0.008024,"8":0.088264,"9":0.016048,"9.1":0.072216,"10":0.024072,"10.1":0.12036,"11":0.144432,"11.1":0.28084,"0":null},"ios_saf":{"3.2":0.000365419484702,"4.0-4.1":0,"4.2-4.3":0.000730838969404,"5.0-5.1":0.00584671175523,"6.0-6.1":0.00365419484702,"7.0-7.1":0.0153476183575,"8":0.00365419484702,"8.1-8.4":0.0259447834138,"9.0-9.2":0.0204634911433,"9.3":0.126435141707,"10.0-10.2":0.117299654589,"10.3":0.268217901771,"11.0-11.2":0.798076154589,"11.3":2.24477189452},"android":{"2.1":0,"2.2":0,"2.3":0,"3":0,"4":0,"4.1":0.243923903819,"4.2-4.3":0.559240169731,"4.4":2.11202404526,"4.4.3-4.4.4":1.29101188119,"66":null},"op_mob":{"10":null,"11":null,"11.1":null,"11.5":null,"12":null,"12.1":null,"0":null},"ie":{"5.5":0,"6":0.00851778461538,"7":0.00851778461538,"8":0.195909046154,"9":0.0681422769231,"10":0.0936956307692,"11":0.732529476923},"edge":{"12":0.032096,"13":0.032096,"14":0.048144,"15":0.048144,"16":0.272816,"17":0.072216,"18":null},"samsung":{"4":0.127613672727,"5":0.0212689454545,"6.2":0.414744436364},"bb":{"7":0.06916,"10":0.27664},"ie_mob":{"10":0.07398144,"11":0.23427456},"and_uc":{"0":0.191672},"op_mini":{"0":1.39183736082},"and_chr":{"0":24.9258},"baidu":{"0":null},"and_ff":{"0":0.102752},"and_qq":{"1.2":null}},"total":96.7213684154}