{"id":"VG","name":"Virgin Islands, British","month":"2018-05","access_date":"2018-06-04","data":{"chrome":{"4":null,"5":null,"6":null,"7":null,"8":null,"9":null,"10":null,"11":null,"12":null,"13":null,"14":null,"15":null,"16":null,"17":null,"18":null,"19":null,"20":null,"21":null,"22":null,"23":null,"24":null,"25":null,"26":null,"27":null,"28":null,"29":null,"30":null,"31":0.004617,"32":0.078489,"33":null,"34":null,"35":null,"36":0.013851,"37":null,"38":0.036936,"39":null,"40":null,"41":null,"42":null,"43":null,"44":null,"45":null,"46":null,"47":0.004617,"48":0.009234,"49":0.826443,"50":0.004617,"51":0.096957,"52":0.009234,"53":0.027702,"54":0.018468,"55":0.106191,"56":0.050787,"57":0.023085,"58":0.701784,"59":0.050787,"60":1.574397,"61":0.027702,"62":0.055404,"63":0.152361,"64":0.503253,"65":1.514376,"66":18.948168,"67":0.09234,"68":null,"69":null},"firefox":{"2":null,"3":null,"3.5":null,"3.6":null,"4":null,"5":null,"6":null,"7":null,"8":null,"9":null,"10":null,"11":null,"12":0.004617,"13":null,"14":null,"15":null,"16":null,"17":null,"18":null,"19":null,"20":null,"21":null,"22":null,"23":null,"24":null,"25":null,"26":null,"27":null,"28":null,"29":null,"30":null,"31":null,"32":null,"33":null,"34":null,"35":0.004617,"36":null,"37":null,"38":null,"39":null,"40":null,"41":0.004617,"42":null,"43":null,"44":null,"45":null,"46":null,"47":null,"48":null,"49":0.341658,"50":1.832949,"51":null,"52":0.120042,"53":0.013851,"54":0.036936,"55":0.013851,"56":0.073872,"57":0.013851,"58":0.009234,"59":0.854145,"60":0.669465,"61":0.009234,"62":null},"opera":{"9":null,"9.5-9.6":null,"10.0-10.1":0,"10.5":null,"10.6":null,"11":null,"11.1":null,"11.5":null,"11.6":null,"12":null,"12.1":null,"15":null,"16":null,"17":null,"18":null,"19":null,"20":null,"21":null,"22":null,"23":null,"24":null,"25":null,"26":null,"27":null,"28":null,"29":null,"30":null,"31":null,"32":null,"33":null,"34":null,"35":null,"36":null,"37":null,"38":null,"39":null,"40":null,"41":null,"42":null,"43":null,"44":null,"45":null,"46":null,"47":null,"48":null,"49":null,"50":null,"51":null,"52":0.517104,"53":0.013851},"safari":{"3.1":null,"3.2":null,"4":0,"5":0.050787,"5.1":0.023085,"6":null,"6.1":0.004617,"7":null,"7.1":null,"8":null,"9":0.032319,"9.1":0.101574,"10":0.018468,"10.1":0.120042,"11":0.835677,"11.1":2.516265,"0":null},"ios_saf":{"3.2":0.00152182437601,"4.0-4.1":0,"4.2-4.3":0.00304364875201,"5.0-5.1":0.0243491900161,"6.0-6.1":0.0152182437601,"7.0-7.1":0.0639166237923,"8":0.0152182437601,"8.1-8.4":0.108049530696,"9.0-9.2":0.0852221650564,"9.3":0.526551234098,"10.0-10.2":0.488505624698,"10.3":1.11701909199,"11.0-11.2":3.3236644372,"11.3":9.34856714181},"android":{"2.1":0,"2.2":0,"2.3":0,"3":0,"4":0,"4.1":0.0440157326733,"4.2-4.3":0.100914118812,"4.4":0.381111831683,"4.4.3-4.4.4":0.232961316832,"66":null},"op_mob":{"10":null,"11":null,"11.1":null,"11.5":null,"12":null,"12.1":null,"0":null},"ie":{"5.5":null,"6":null,"7":null,"8":0.0654836320523,"9":0.0888706434996,"10":0.0093548045789,"11":5.55675391987},"edge":{"12":0.09234,"13":0.115425,"14":0.198531,"15":0.226233,"16":4.584681,"17":0.586359,"18":null},"samsung":{"4":1.20225981356,"5":0.184129881356,"6.2":2.8161040678},"bb":{"7":0.0021532,"10":0.0086128},"ie_mob":{"10":0.0218988148148,"11":0.273735185185},"and_uc":{"0":0.759003},"op_mini":{"0":0.586071812715},"and_chr":{"0":32.92693},"baidu":{"0":null},"and_ff":{"0":0.134575},"and_qq":{"1.2":null}},"total":99.4878835754}