{"id":"VI","name":"Virgin Island, U.S.","month":"2018-05","access_date":"2018-06-04","data":{"chrome":{"4":null,"5":null,"6":null,"7":null,"8":null,"9":null,"10":null,"11":null,"12":null,"13":null,"14":null,"15":null,"16":null,"17":null,"18":null,"19":null,"20":null,"21":null,"22":null,"23":null,"24":null,"25":null,"26":null,"27":null,"28":null,"29":null,"30":null,"31":null,"32":null,"33":null,"34":null,"35":null,"36":null,"37":null,"38":0.021376,"39":null,"40":null,"41":null,"42":null,"43":null,"44":null,"45":0.005344,"46":null,"47":null,"48":null,"49":0.42752,"50":null,"51":null,"52":0.010688,"53":null,"54":null,"55":null,"56":0.021376,"57":0.016032,"58":0.02672,"59":0.048096,"60":0.10688,"61":0.005344,"62":0.010688,"63":0.154976,"64":0.181696,"65":1.881088,"66":24.919072,"67":0.395456,"68":0.021376,"69":null},"firefox":{"2":null,"3":null,"3.5":null,"3.6":null,"4":null,"5":null,"6":null,"7":null,"8":null,"9":null,"10":0.005344,"11":null,"12":null,"13":null,"14":null,"15":null,"16":null,"17":null,"18":null,"19":null,"20":null,"21":null,"22":null,"23":null,"24":null,"25":null,"26":null,"27":null,"28":null,"29":null,"30":null,"31":null,"32":null,"33":null,"34":null,"35":null,"36":null,"37":null,"38":null,"39":null,"40":null,"41":0.005344,"42":null,"43":null,"44":null,"45":0.02672,"46":null,"47":0.010688,"48":0.203072,"49":null,"50":0.005344,"51":null,"52":0.138944,"53":0.005344,"54":0.010688,"55":null,"56":0.016032,"57":0.058784,"58":0.037408,"59":3.441536,"60":1.587168,"61":0.010688,"62":null},"opera":{"9":null,"9.5-9.6":null,"10.0-10.1":0,"10.5":null,"10.6":null,"11":null,"11.1":null,"11.5":null,"11.6":null,"12":null,"12.1":null,"15":null,"16":null,"17":null,"18":null,"19":null,"20":null,"21":null,"22":null,"23":null,"24":null,"25":null,"26":null,"27":null,"28":null,"29":null,"30":null,"31":null,"32":null,"33":null,"34":null,"35":null,"36":null,"37":null,"38":null,"39":null,"40":null,"41":null,"42":0.016032,"43":null,"44":null,"45":null,"46":null,"47":0.048096,"48":null,"49":null,"50":null,"51":null,"52":0.112224,"53":0.032064},"safari":{"3.1":null,"3.2":null,"4":0,"5":null,"5.1":null,"6":null,"6.1":0.010688,"7":null,"7.1":null,"8":0.010688,"9":0.069472,"9.1":0.171008,"10":0.08016,"10.1":0.523712,"11":0.96192,"11.1":1.945216,"0":null},"ios_saf":{"3.2":0.00209979227053,"4.0-4.1":0,"4.2-4.3":0.00419958454106,"5.0-5.1":0.0335966763285,"6.0-6.1":0.0209979227053,"7.0-7.1":0.0881912753623,"8":0.0209979227053,"8.1-8.4":0.149085251208,"9.0-9.2":0.11758836715,"9.3":0.726528125604,"10.0-10.2":0.674033318841,"10.3":1.54124752657,"11.0-11.2":4.58594631884,"11.3":12.8990239179},"android":{"2.1":0,"2.2":0,"2.3":0,"3":0,"4":0,"4.1":0.0151204752475,"4.2-4.3":0.0346664554455,"4.4":0.130921188119,"4.4.3-4.4.4":0.0800278811881,"66":null},"op_mob":{"10":null,"11":null,"11.1":null,"11.5":null,"12":null,"12.1":null,"0":null},"ie":{"5.5":null,"6":null,"7":null,"8":0.042752,"9":0.010688,"10":null,"11":6.8136},"edge":{"12":0.010688,"13":0.048096,"14":0.331328,"15":0.315296,"16":5.258496,"17":1.971936,"18":null},"samsung":{"4":null,"5":null,"6.2":null},"bb":{"7":0.0018624,"10":0.0074496},"ie_mob":{"10":0.07398144,"11":0.23427456},"and_uc":{"0":0.214176},"op_mini":{"0":0.149872},"and_chr":{"0":21.041696},"baidu":{"0":null},"and_ff":{"0":0.18624},"and_qq":{"1.2":null}},"total":95.634816}