{"id":"VN","name":"Vietnam","month":"2018-05","access_date":"2018-06-04","data":{"chrome":{"4":0,"5":0,"6":0,"7":0,"8":0,"9":0,"10":0,"11":0.006824,"12":0,"13":0,"14":0,"15":0,"16":0,"17":0.006824,"18":0.013648,"19":0.013648,"20":0,"21":0.006824,"22":0.006824,"23":0,"24":0,"25":0,"26":0.006824,"27":0,"28":0.006824,"29":0.13648,"30":0.020472,"31":0.013648,"32":0.006824,"33":0,"34":0.020472,"35":0.006824,"36":0.027296,"37":0.03412,"38":0.03412,"39":0.020472,"40":0.006824,"41":0.006824,"42":0,"43":0.027296,"44":0.013648,"45":0.013648,"46":0.03412,"47":0.027296,"48":0.027296,"49":1.064544,"50":0.013648,"51":0.061416,"52":0.020472,"53":0.020472,"54":0.061416,"55":0.054592,"56":0.129656,"57":0.047768,"58":0.156952,"59":0.116008,"60":0.388968,"61":0.156952,"62":0.184248,"63":0.354848,"64":0.27296,"65":1.241968,"66":22.157528,"67":0.259312,"68":0.020472,"69":0},"firefox":{"2":0,"3":0.006824,"3.5":0,"3.6":0.006824,"4":0,"5":0,"6":0,"7":0,"8":0,"9":0,"10":0,"11":0.013648,"12":0,"13":0,"14":0,"15":0,"16":0.006824,"17":0,"18":0,"19":0,"20":0,"21":0,"22":0.006824,"23":0.006824,"24":0,"25":0,"26":0,"27":0,"28":0,"29":0.013648,"30":0,"31":0.006824,"32":0,"33":0.006824,"34":0.013648,"35":0,"36":0.006824,"37":0.006824,"38":0.013648,"39":0.006824,"40":0.006824,"41":0.006824,"42":0.006824,"43":0.020472,"44":0,"45":0.013648,"46":0.006824,"47":0.047768,"48":0.06824,"49":0.020472,"50":0.03412,"51":0.027296,"52":0.293432,"53":0.020472,"54":0.06824,"55":0.054592,"56":0.054592,"57":0.075064,"58":0.040944,"59":0.975832,"60":0.846176,"61":0.040944,"62":0},"opera":{"9":0,"9.5-9.6":0,"10.0-10.1":0.006824,"10.5":0,"10.6":0,"11":0,"11.1":0,"11.5":0,"11.6":0,"12":0,"12.1":0.006824,"15":0,"16":0,"17":0,"18":0,"19":0,"20":0,"21":0,"22":0.027296,"23":0,"24":0,"25":0,"26":0,"27":0,"28":0,"29":0,"30":0,"31":0,"32":0,"33":0,"34":0,"35":0,"36":0.006824,"37":0.088712,"38":0,"39":0,"40":0.006824,"41":0,"42":0,"43":0.006824,"44":0,"45":0.006824,"46":0.013648,"47":0.006824,"48":0.013648,"49":0.020472,"50":0.006824,"51":0.006824,"52":0.259312,"53":0.06824},"safari":{"3.1":0,"3.2":0,"4":0.006824,"5":0,"5.1":0.006824,"6":0,"6.1":0,"7":0,"7.1":0.013648,"8":0.020472,"9":0.027296,"9.1":0.06824,"10":0.047768,"10.1":0.191072,"11":0.191072,"11.1":0.518624,"0":null},"ios_saf":{"3.2":0.0022236626409,"4.0-4.1":0,"4.2-4.3":0.0044473252818,"5.0-5.1":0.0355786022544,"6.0-6.1":0.022236626409,"7.0-7.1":0.0933938309179,"8":0.022236626409,"8.1-8.4":0.157880047504,"9.0-9.2":0.12452510789,"9.3":0.769387273752,"10.0-10.2":0.713795707729,"10.3":1.63216837842,"11.0-11.2":4.85647920773,"11.3":13.6599596031},"android":{"2.1":0,"2.2":0,"2.3":0,"3":0,"4":0,"4.1":0.083463241867,"4.2-4.3":0.191354749646,"4.4":0.722669533239,"4.4.3-4.4.4":0.441744475248,"66":null},"op_mob":{"10":null,"11":null,"11.1":null,"11.5":null,"12":null,"12.1":null,"0":null},"ie":{"5.5":0,"6":0,"7":0.00725434234234,"8":0.174104216216,"9":0.0652890810811,"10":0.108815135135,"11":0.449769225225},"edge":{"12":0.020472,"13":0.013648,"14":0.061416,"15":0.061416,"16":0.23884,"17":0.129656,"18":null},"samsung":{"4":0.444390202247,"5":0.105807191011,"6.2":1.23794413483},"bb":{"7":0.0463696,"10":0.1854784},"ie_mob":{"10":0.0567142857143,"11":0.340285714286},"and_uc":{"0":1.718216},"op_mini":{"0":0.417949594502},"and_chr":{"0":24.222216},"baidu":{"0":null},"and_ff":{"0":0.11116},"and_qq":{"1.2":null}},"total":85.5778911226}