{"id":"VU","name":"Vanuatu","month":"2018-05","access_date":"2018-06-04","data":{"chrome":{"4":0,"5":0,"6":0,"7":0,"8":0,"9":0,"10":0,"11":0,"12":0,"13":0,"14":0,"15":0,"16":0,"17":0,"18":0,"19":0,"20":0,"21":0,"22":0,"23":0,"24":0,"25":0,"26":0,"27":0.004447,"28":0,"29":0,"30":0,"31":0.013341,"32":0,"33":0,"34":0.022235,"35":0,"36":0,"37":0,"38":0,"39":0.004447,"40":0,"41":0,"42":0,"43":0.004447,"44":0,"45":0.004447,"46":0.004447,"47":0.017788,"48":0,"49":0.115622,"50":0,"51":0,"52":0.004447,"53":0.004447,"54":0.008894,"55":0.031129,"56":0.022235,"57":0,"58":0.026682,"59":0.004447,"60":0.257926,"61":0.004447,"62":0.017788,"63":0.04447,"64":0.787119,"65":0.40023,"66":8.725014,"67":0.04447,"68":0.017788,"69":0},"firefox":{"2":0,"3":0,"3.5":0,"3.6":0,"4":0,"5":0,"6":0,"7":0,"8":0,"9":0,"10":0,"11":0,"12":0,"13":0,"14":0,"15":0.004447,"16":0,"17":0,"18":0,"19":0.004447,"20":0,"21":0,"22":0,"23":0,"24":0,"25":0,"26":0,"27":0,"28":0,"29":0,"30":0,"31":0,"32":0.066705,"33":0,"34":0.035576,"35":0,"36":0,"37":0,"38":0.08894,"39":0,"40":0.008894,"41":0,"42":0.017788,"43":0.026682,"44":0.004447,"45":0.004447,"46":0.004447,"47":0.08894,"48":0.066705,"49":0.026682,"50":0.13341,"51":0.004447,"52":0.048917,"53":0,"54":0.013341,"55":0.08894,"56":0.111175,"57":0.026682,"58":0.013341,"59":2.227947,"60":0.920529,"61":0.146751,"62":0},"opera":{"9":0,"9.5-9.6":0,"10.0-10.1":0,"10.5":0,"10.6":0,"11":0,"11.1":0,"11.5":0,"11.6":0,"12":0,"12.1":0.008894,"15":0,"16":0,"17":0,"18":0,"19":0,"20":0,"21":0,"22":0,"23":0,"24":0,"25":0,"26":0,"27":0,"28":0,"29":0,"30":0,"31":0,"32":0,"33":0,"34":0,"35":0,"36":0,"37":0.164539,"38":0,"39":0,"40":0,"41":0,"42":0,"43":0.013341,"44":0,"45":0,"46":0,"47":0,"48":0,"49":0,"50":0,"51":0,"52":0.057811,"53":0.004447},"safari":{"3.1":0,"3.2":0,"4":0,"5":0,"5.1":0,"6":0,"6.1":0,"7":0.004447,"7.1":0,"8":0.04447,"9":0.008894,"9.1":0.066705,"10":0.008894,"10.1":0.538087,"11":0.075599,"11.1":0.231244,"0":null},"ios_saf":{"3.2":0.000613439915459,"4.0-4.1":0,"4.2-4.3":0.00122687983092,"5.0-5.1":0.00981503864734,"6.0-6.1":0.00613439915459,"7.0-7.1":0.0257644764493,"8":0.00613439915459,"8.1-8.4":0.0435542339976,"9.0-9.2":0.0343526352657,"9.3":0.212250210749,"10.0-10.2":0.196914212862,"10.3":0.450264897947,"11.0-11.2":1.33975277536,"11.3":3.76836140066},"android":{"2.1":0,"2.2":0,"2.3":0,"3":0,"4":0,"4.1":0.278246992928,"4.2-4.3":0.637932130127,"4.4":2.40921176803,"4.4.3-4.4.4":1.47267310891,"66":null},"op_mob":{"10":null,"11":null,"11.1":null,"11.5":null,"12":null,"12.1":null,"0":null},"ie":{"5.5":0,"6":0,"7":0,"8":0.414124712062,"9":0.0318557470817,"10":0.0227541050584,"11":0.700826435798},"edge":{"12":0.035576,"13":0.240138,"14":0.244585,"15":0.053364,"16":0.395783,"17":0.057811,"18":null},"samsung":{"4":0.631893103448,"5":0.0421262068966,"6.2":0.516046034483},"bb":{"7":0.0122166,"10":0.0488664},"ie_mob":{"10":0.00971775,"11":0.02915325},"and_uc":{"0":1.282743},"op_mini":{"0":0.483664391753},"and_chr":{"0":66.264948},"baidu":{"0":null},"and_ff":{"0":0.211014},"and_qq":{"1.2":null}},"total":98.6271627366}