{"id":"WS","name":"Samoa","month":"2018-05","access_date":"2018-06-04","data":{"chrome":{"4":0,"5":0,"6":0,"7":0,"8":0,"9":0,"10":0,"11":0.002734,"12":0,"13":0,"14":0,"15":0,"16":0,"17":0,"18":0,"19":0,"20":0,"21":0,"22":0,"23":0,"24":0.002734,"25":0,"26":0,"27":0.002734,"28":0,"29":0,"30":0,"31":0,"32":0,"33":0,"34":0,"35":0,"36":0,"37":0,"38":0,"39":0,"40":0.002734,"41":0,"42":0,"43":0,"44":0,"45":0,"46":0.002734,"47":0.008202,"48":0,"49":0.087488,"50":0,"51":0,"52":0.005468,"53":0,"54":0,"55":0.12303,"56":0.008202,"57":0,"58":0.016404,"59":0.005468,"60":0.01367,"61":0.442908,"62":0.010936,"63":0.057414,"64":0.01367,"65":0.267932,"66":3.641688,"67":0.038276,"68":0.002734,"69":0},"firefox":{"2":0,"3":0,"3.5":0,"3.6":0,"4":0,"5":0,"6":0,"7":0,"8":0,"9":0,"10":0.002734,"11":0,"12":0,"13":0,"14":0,"15":0,"16":0,"17":0,"18":0,"19":0.038276,"20":0,"21":0,"22":0,"23":0,"24":0,"25":0,"26":0,"27":0,"28":0,"29":0,"30":0.002734,"31":0,"32":0,"33":0,"34":0,"35":0,"36":0,"37":0,"38":0,"39":0,"40":0,"41":0,"42":0,"43":0.02734,"44":0,"45":0.002734,"46":0,"47":0.01367,"48":0.002734,"49":0.002734,"50":0.002734,"51":0.002734,"52":0.01367,"53":0.008202,"54":0.016404,"55":0.010936,"56":0.06835,"57":0.021872,"58":0.005468,"59":0.453844,"60":0.38276,"61":0.005468,"62":0},"opera":{"9":0,"9.5-9.6":0,"10.0-10.1":0,"10.5":0,"10.6":0,"11":0,"11.1":0,"11.5":0,"11.6":0,"12":0,"12.1":0.005468,"15":0,"16":0,"17":0,"18":0,"19":0,"20":0,"21":0,"22":0.002734,"23":0,"24":0,"25":0,"26":0,"27":0,"28":0,"29":0,"30":0,"31":0,"32":0,"33":0.008202,"34":0,"35":0,"36":0,"37":0.046478,"38":0,"39":0,"40":0,"41":0,"42":0,"43":0,"44":0,"45":0.002734,"46":0,"47":0,"48":0,"49":0,"50":0,"51":0,"52":0.032808,"53":0.01367},"safari":{"3.1":0,"3.2":0,"4":0,"5":0,"5.1":0.04101,"6":0.002734,"6.1":0,"7":0,"7.1":0,"8":0,"9":0.002734,"9.1":0.010936,"10":0.008202,"10.1":0.046478,"11":0.010936,"11.1":0.079286,"0":null},"ios_saf":{"3.2":0.000617027777778,"4.0-4.1":0,"4.2-4.3":0.00123405555556,"5.0-5.1":0.00987244444444,"6.0-6.1":0.00617027777778,"7.0-7.1":0.0259151666667,"8":0.00617027777778,"8.1-8.4":0.0438089722222,"9.0-9.2":0.0345535555556,"9.3":0.213491611111,"10.0-10.2":0.198065916667,"10.3":0.452898388889,"11.0-11.2":1.34758866667,"11.3":3.79040163889},"android":{"2.1":0,"2.2":0,"2.3":0,"3":0,"4":0,"4.1":0.120213855728,"4.2-4.3":0.275612254597,"4.4":1.04087606789,"4.4.3-4.4.4":0.636253821782,"66":null},"op_mob":{"10":null,"11":null,"11.1":null,"11.5":null,"12":null,"12.1":null,"0":null},"ie":{"5.5":0,"6":0,"7":0,"8":0.0431364444444,"9":0.00924352380952,"10":0.00616234920635,"11":0.32968568254},"edge":{"12":0.024606,"13":0.030074,"14":0.065616,"15":0.049212,"16":0.21872,"17":0.016404,"18":null},"samsung":{"4":1.72075976471,"5":0.1772904,"6.2":1.51218282353},"bb":{"7":0.0014532,"10":0.0058128},"ie_mob":{"10":0,"11":0.03633},"and_uc":{"0":27.044052},"op_mini":{"0":7.96585812371},"and_chr":{"0":35.307158},"baidu":{"0":null},"and_ff":{"0":0.029064},"and_qq":{"1.2":null}},"total":88.9535331119}