{"id":"YE","name":"Yemen","month":"2018-05","access_date":"2018-06-04","data":{"chrome":{"4":0,"5":0,"6":0,"7":0,"8":0,"9":0,"10":0,"11":0.005616,"12":0,"13":0,"14":0,"15":0.003744,"16":0,"17":0.001872,"18":0,"19":0,"20":0,"21":0,"22":0,"23":0.003744,"24":0.001872,"25":0.003744,"26":0.001872,"27":0,"28":0.001872,"29":0.001872,"30":0.001872,"31":0.011232,"32":0.003744,"33":0.013104,"34":0.003744,"35":0.001872,"36":0.001872,"37":0.001872,"38":0.001872,"39":0.00936,"40":0.007488,"41":0.001872,"42":0.001872,"43":0.024336,"44":0.00936,"45":0.00936,"46":0.003744,"47":0.007488,"48":0.005616,"49":0.076752,"50":0.003744,"51":0.005616,"52":0.003744,"53":0.003744,"54":0.003744,"55":0.011232,"56":0.013104,"57":0.007488,"58":0.011232,"59":0.020592,"60":0.01872,"61":0.02808,"62":0.02808,"63":0.052416,"64":0.054288,"65":0.136656,"66":1.673568,"67":0.013104,"68":0.001872,"69":0},"firefox":{"2":0,"3":0.001872,"3.5":0,"3.6":0.001872,"4":0,"5":0.001872,"6":0.005616,"7":0,"8":0.001872,"9":0,"10":0.001872,"11":0,"12":0.001872,"13":0.001872,"14":0,"15":0.001872,"16":0.001872,"17":0,"18":0.001872,"19":0,"20":0.001872,"21":0.001872,"22":0.001872,"23":0.001872,"24":0.001872,"25":0,"26":0.003744,"27":0.001872,"28":0,"29":0.001872,"30":0.001872,"31":0.001872,"32":0.001872,"33":0.001872,"34":0.001872,"35":0.003744,"36":0.003744,"37":0.001872,"38":0.001872,"39":0,"40":0.003744,"41":0.001872,"42":0.003744,"43":0.016848,"44":0.003744,"45":0.007488,"46":0.001872,"47":0.031824,"48":0.013104,"49":0.016848,"50":0.00936,"51":0.005616,"52":0.044928,"53":0.003744,"54":0.014976,"55":0.005616,"56":0.013104,"57":0.01872,"58":0.016848,"59":0.258336,"60":0.14976,"61":0.003744,"62":0},"opera":{"9":0,"9.5-9.6":0,"10.0-10.1":0,"10.5":0,"10.6":0,"11":0,"11.1":0,"11.5":0,"11.6":0,"12":0,"12.1":0.014976,"15":0,"16":0,"17":0,"18":0,"19":0.001872,"20":0,"21":0,"22":0,"23":0,"24":0,"25":0,"26":0,"27":0,"28":0,"29":0.013104,"30":0.003744,"31":0,"32":0.001872,"33":0.003744,"34":0.001872,"35":0,"36":0,"37":0.005616,"38":0,"39":0,"40":0,"41":0,"42":0,"43":0.001872,"44":0,"45":0.001872,"46":0.001872,"47":0,"48":0,"49":0,"50":0,"51":0,"52":0.005616,"53":0.001872},"safari":{"3.1":0,"3.2":0,"4":0,"5":0,"5.1":0.001872,"6":0,"6.1":0,"7":0.001872,"7.1":0,"8":0.001872,"9":0,"9.1":0.003744,"10":0.001872,"10.1":0.005616,"11":0.003744,"11.1":0.00936,"0":null},"ios_saf":{"3.2":0.000223811594203,"4.0-4.1":0,"4.2-4.3":0.000447623188406,"5.0-5.1":0.00358098550725,"6.0-6.1":0.00223811594203,"7.0-7.1":0.00940008695652,"8":0.00223811594203,"8.1-8.4":0.0158906231884,"9.0-9.2":0.0125334492754,"9.3":0.0774388115942,"10.0-10.2":0.0718435217391,"10.3":0.164277710145,"11.0-11.2":0.488804521739,"11.3":1.37487462319},"android":{"2.1":0,"2.2":0,"2.3":0,"3":0,"4":0,"4.1":1.4916168826,"4.2-4.3":3.41980456011,"4.4":12.9152193494,"4.4.3-4.4.4":7.89465520792,"66":null},"op_mob":{"10":null,"11":null,"11.1":null,"11.5":null,"12":null,"12.1":null,"0":null},"ie":{"5.5":0,"6":0,"7":0,"8":0.0221173333333,"9":0.00402133333333,"10":0.00402133333333,"11":0.024128},"edge":{"12":0.003744,"13":0.00936,"14":0.003744,"15":0.003744,"16":0.016848,"17":0.001872,"18":null},"samsung":{"4":1.92387452366,"5":0.203584605678,"6.2":1.05863994953},"bb":{"7":0.0016256,"10":0.0065024},"ie_mob":{"10":0,"11":0.048768},"and_uc":{"0":3.925824},"op_mini":{"0":1.89298606186},"and_chr":{"0":57.400464},"baidu":{"0":null},"and_ff":{"0":0.276352},"and_qq":{"1.2":null}},"total":97.8904451407}