{"id":"YT","name":"Mayotte","month":"2018-05","access_date":"2018-06-04","data":{"chrome":{"4":0,"5":0,"6":0,"7":0,"8":0,"9":0,"10":0,"11":0,"12":0,"13":0,"14":0,"15":0,"16":0,"17":0,"18":0,"19":0,"20":0,"21":0,"22":0,"23":0,"24":0,"25":0,"26":0.005367,"27":0,"28":0,"29":0,"30":0,"31":0,"32":0,"33":0,"34":0,"35":0,"36":0.005367,"37":0,"38":0.005367,"39":0.005367,"40":0,"41":0,"42":0.005367,"43":0.021468,"44":0,"45":0,"46":0,"47":0.021468,"48":0,"49":0.273717,"50":0.010734,"51":0,"52":0.010734,"53":0,"54":0.005367,"55":0,"56":0.005367,"57":0.021468,"58":0.091239,"59":0.005367,"60":0.075138,"61":0.037569,"62":0.005367,"63":0.042936,"64":0.05367,"65":0.735279,"66":13.127682,"67":0.16101,"68":0.005367,"69":0},"firefox":{"2":0,"3":0.010734,"3.5":0,"3.6":0,"4":0,"5":0,"6":0,"7":0,"8":0,"9":0,"10":0,"11":0,"12":0,"13":0,"14":0,"15":0,"16":0,"17":0,"18":0,"19":0,"20":0,"21":0,"22":0.005367,"23":0,"24":0,"25":0,"26":0,"27":0,"28":0,"29":0,"30":0,"31":0.005367,"32":0,"33":0,"34":0.005367,"35":0,"36":0,"37":0,"38":0.005367,"39":0,"40":0,"41":0,"42":0,"43":0.026835,"44":0.005367,"45":0.005367,"46":0,"47":0.010734,"48":0.059037,"49":0.005367,"50":0,"51":0,"52":0.209313,"53":0.010734,"54":0.010734,"55":0.010734,"56":0.042936,"57":0.091239,"58":0.021468,"59":2.189736,"60":3.767634,"61":0.005367,"62":0},"opera":{"9":0,"9.5-9.6":0,"10.0-10.1":0.005367,"10.5":0,"10.6":0,"11":0,"11.1":0,"11.5":0,"11.6":0,"12":0,"12.1":0,"15":0,"16":0,"17":0,"18":0,"19":0,"20":0,"21":0,"22":0,"23":0,"24":0,"25":0,"26":0,"27":0,"28":0,"29":0,"30":0,"31":0.005367,"32":0,"33":0,"34":0.005367,"35":0,"36":0,"37":0,"38":0,"39":0,"40":0.005367,"41":0,"42":0,"43":0,"44":0,"45":0,"46":0.005367,"47":0,"48":0,"49":0,"50":0.005367,"51":0,"52":0.810417,"53":0.144909},"safari":{"3.1":0,"3.2":0,"4":0,"5":0,"5.1":0,"6":0,"6.1":0,"7":0,"7.1":0,"8":0,"9":0.016101,"9.1":0.021468,"10":0.005367,"10.1":0.220047,"11":0.203946,"11.1":0.611838,"0":null},"ios_saf":{"3.2":0.00112402697262,"4.0-4.1":0,"4.2-4.3":0.00224805394525,"5.0-5.1":0.017984431562,"6.0-6.1":0.0112402697262,"7.0-7.1":0.0472091328502,"8":0.0112402697262,"8.1-8.4":0.0798059150564,"9.0-9.2":0.062945510467,"9.3":0.388913332528,"10.0-10.2":0.360812658213,"10.3":0.825035797907,"11.0-11.2":2.45487490821,"11.3":6.90489769283},"android":{"2.1":0,"2.2":0,"2.3":0,"3":0,"4":0,"4.1":0.0499019872702,"4.2-4.3":0.114409434229,"4.4":0.432078182461,"4.4.3-4.4.4":0.26411539604,"66":null},"op_mob":{"10":null,"11":null,"11.1":null,"11.5":null,"12":null,"12.1":null,"0":null},"ie":{"5.5":0,"6":0,"7":0,"8":0.005367,"9":0.005367,"10":0.064404,"11":1.068033},"edge":{"12":0.085872,"13":0.042936,"14":0.246882,"15":0.166377,"16":1.760376,"17":0.241515,"18":null},"samsung":{"4":0.39350164881,"5":0.25888266369,"6.2":2.47491826488},"bb":{"7":0.0009266,"10":0.0037064},"ie_mob":{"10":0,"11":0.055596},"and_uc":{"0":2.50182},"op_mini":{"0":0.447394958763},"and_chr":{"0":50.199305},"baidu":{"0":null},"and_ff":{"0":0.268714},"and_qq":{"1.2":null}},"total":95.6296125361}