{"id":"ZA","name":"South Africa","month":"2018-05","access_date":"2018-06-04","data":{"chrome":{"4":0,"5":0,"6":0,"7":0,"8":0,"9":0,"10":0,"11":0.01272,"12":0,"13":0,"14":0,"15":0,"16":0,"17":0,"18":0.00318,"19":0,"20":0,"21":0,"22":0,"23":0.00636,"24":0,"25":0,"26":0.00318,"27":0,"28":0.00318,"29":0.00636,"30":0.00318,"31":0.00318,"32":0.00318,"33":0.00318,"34":0.00318,"35":0.00318,"36":0.00636,"37":0.00318,"38":0.00636,"39":0.00318,"40":0.02226,"41":0.00318,"42":0,"43":0.00318,"44":0.00318,"45":0.00318,"46":0.01908,"47":0.00318,"48":0.00318,"49":0.1272,"50":0.00954,"51":0.00636,"52":0.00636,"53":0.00318,"54":0.00636,"55":0.05406,"56":0.0159,"57":0.00954,"58":0.02544,"59":0.01272,"60":0.0318,"61":0.01908,"62":0.0318,"63":0.06042,"64":0.05724,"65":0.33072,"66":5.02122,"67":0.0477,"68":0.01272,"69":0},"firefox":{"2":0,"3":0,"3.5":0,"3.6":0,"4":0,"5":0,"6":0,"7":0,"8":0,"9":0,"10":0,"11":0,"12":0,"13":0,"14":0,"15":0,"16":0,"17":0,"18":0,"19":0.00636,"20":0.00318,"21":0,"22":0,"23":0,"24":0,"25":0,"26":0,"27":0,"28":0,"29":0.00318,"30":0,"31":0.00318,"32":0,"33":0,"34":0.00318,"35":0,"36":0.00318,"37":0,"38":0.00318,"39":0.00318,"40":0.00318,"41":0.00318,"42":0,"43":0.00636,"44":0.00318,"45":0.00636,"46":0,"47":0.00954,"48":0.02226,"49":0.00318,"50":0.00636,"51":0.00318,"52":0.07314,"53":0.00636,"54":0.00318,"55":0.00318,"56":0.00954,"57":0.00954,"58":0.02226,"59":0.40386,"60":0.34026,"61":0.02862,"62":0},"opera":{"9":0,"9.5-9.6":0,"10.0-10.1":0,"10.5":0,"10.6":0,"11":0,"11.1":0,"11.5":0,"11.6":0.00318,"12":0,"12.1":0.0159,"15":0,"16":0,"17":0,"18":0.00318,"19":0.00318,"20":0.00318,"21":0.00318,"22":0.00636,"23":0.00318,"24":0,"25":0,"26":0,"27":0,"28":0.00954,"29":0.00318,"30":0.00636,"31":0,"32":0.0159,"33":0.02226,"34":0.00318,"35":0.00954,"36":0.00318,"37":0.00954,"38":0,"39":0,"40":0,"41":0,"42":0.00318,"43":0.00636,"44":0,"45":0.00636,"46":0.00954,"47":0,"48":0.00318,"49":0.00318,"50":0.00318,"51":0.00318,"52":0.11766,"53":0.0318},"safari":{"3.1":0,"3.2":0,"4":0,"5":0.00318,"5.1":0.00318,"6":0,"6.1":0.00318,"7":0.00318,"7.1":0.00636,"8":0.00954,"9":0.00636,"9.1":0.02544,"10":0.0159,"10.1":0.0477,"11":0.08268,"11.1":0.22896,"0":null},"ios_saf":{"3.2":0.000976731078905,"4.0-4.1":0,"4.2-4.3":0.00195346215781,"5.0-5.1":0.0156276972625,"6.0-6.1":0.00976731078905,"7.0-7.1":0.041022705314,"8":0.00976731078905,"8.1-8.4":0.0693479066023,"9.0-9.2":0.0546969404187,"9.3":0.337948953301,"10.0-10.2":0.313530676329,"10.3":0.716920611916,"11.0-11.2":2.13318067633,"11.3":6.00005901771},"android":{"2.1":0,"2.2":0,"2.3":0,"3":0,"4":0,"4.1":0.10754874116,"4.2-4.3":0.246575162659,"4.4":0.931214710042,"4.4.3-4.4.4":0.569221386139,"66":null},"op_mob":{"10":null,"11":null,"11.1":null,"11.5":null,"12":null,"12.1":null,"0":null},"ie":{"5.5":0,"6":0,"7":0.00636,"8":0.04134,"9":0.04134,"10":0.03816,"11":1.06848},"edge":{"12":0.01908,"13":0.06678,"14":0.0636,"15":0.0795,"16":0.3339,"17":0.0636,"18":null},"samsung":{"4":3.93728842491,"5":0.671715873016,"6.2":3.17256573871},"bb":{"7":0.132308,"10":0.529232},"ie_mob":{"10":0.0915828571429,"11":0.549497142857},"and_uc":{"0":2.728},"op_mini":{"0":11.6221237113},"and_chr":{"0":45.81702},"baidu":{"0":null},"and_ff":{"0":0.19096},"and_qq":{"1.2":null}},"total":90.589353748}