{"id":"ZM","name":"Zambia","month":"2018-05","access_date":"2018-06-04","data":{"chrome":{"4":0,"5":0,"6":0,"7":0,"8":0,"9":0,"10":0,"11":0.004176,"12":0,"13":0,"14":0,"15":0,"16":0,"17":0,"18":0,"19":0,"20":0,"21":0.002088,"22":0,"23":0,"24":0,"25":0,"26":0.006264,"27":0,"28":0.01044,"29":0.058464,"30":0.045936,"31":0.018792,"32":0.01044,"33":0.002088,"34":0,"35":0,"36":0.058464,"37":0.085608,"38":0.029232,"39":0,"40":0.018792,"41":0,"42":0,"43":0.014616,"44":0,"45":0,"46":0.004176,"47":0.002088,"48":0.002088,"49":0.018792,"50":0.006264,"51":0.004176,"52":0,"53":0,"54":0.002088,"55":0.02088,"56":0.002088,"57":0.002088,"58":0.029232,"59":0.004176,"60":0.02088,"61":0.004176,"62":0.006264,"63":0.022968,"64":0.014616,"65":0.1044,"66":1.4094,"67":0.016704,"68":0.006264,"69":0},"firefox":{"2":0,"3":0,"3.5":0,"3.6":0.002088,"4":0,"5":0,"6":0,"7":0,"8":0,"9":0.006264,"10":0.002088,"11":0,"12":0,"13":0,"14":0.002088,"15":0,"16":0,"17":0,"18":0,"19":0,"20":0.002088,"21":0.002088,"22":0,"23":0.002088,"24":0,"25":0,"26":0,"27":0,"28":0,"29":0.02088,"30":0.004176,"31":0.01044,"32":0.002088,"33":0.002088,"34":0.037584,"35":0.002088,"36":0,"37":0.002088,"38":0.002088,"39":0.002088,"40":0.002088,"41":0.002088,"42":0.002088,"43":0.008352,"44":0.004176,"45":0.006264,"46":0.006264,"47":0.012528,"48":0.006264,"49":0.004176,"50":0.002088,"51":0.002088,"52":0.022968,"53":0.002088,"54":0.004176,"55":0.004176,"56":0.006264,"57":0.008352,"58":0.008352,"59":0.340344,"60":0.24012,"61":0.02088,"62":0},"opera":{"9":0,"9.5-9.6":0,"10.0-10.1":0,"10.5":0,"10.6":0,"11":0.002088,"11.1":0,"11.5":0.002088,"11.6":0.002088,"12":0.002088,"12.1":0.12528,"15":0.002088,"16":0.004176,"17":0.004176,"18":0.006264,"19":0.012528,"20":0.0522,"21":0.008352,"22":0.014616,"23":0.025056,"24":0.002088,"25":0,"26":0.004176,"27":0,"28":0.01044,"29":0.01044,"30":0.014616,"31":0.002088,"32":0.03132,"33":0.045936,"34":0.004176,"35":0.004176,"36":0.004176,"37":0.006264,"38":0,"39":0,"40":0.002088,"41":0,"42":0.018792,"43":0.006264,"44":0.002088,"45":0.008352,"46":0.014616,"47":0,"48":0.002088,"49":0.004176,"50":0.006264,"51":0.014616,"52":0.215064,"53":0.06264},"safari":{"3.1":0,"3.2":0,"4":0,"5":0,"5.1":0,"6":0,"6.1":0.002088,"7":0,"7.1":0.002088,"8":0,"9":0,"9.1":0.01044,"10":0.006264,"10.1":0.01044,"11":0.029232,"11.1":0.056376,"0":null},"ios_saf":{"3.2":0.000180661835749,"4.0-4.1":0,"4.2-4.3":0.000361323671498,"5.0-5.1":0.00289058937198,"6.0-6.1":0.00180661835749,"7.0-7.1":0.00758779710145,"8":0.00180661835749,"8.1-8.4":0.0128269903382,"9.0-9.2":0.0101170628019,"9.3":0.0625089951691,"10.0-10.2":0.0579924492754,"10.3":0.13260578744,"11.0-11.2":0.394565449275,"11.3":1.109805657},"android":{"2.1":0,"2.2":0,"2.3":0,"3":0,"4":0,"4.1":0.186630608204,"4.2-4.3":0.427884809052,"4.4":1.61594794908,"4.4.3-4.4.4":0.987776633663,"66":null},"op_mob":{"10":null,"11":null,"11.1":null,"11.5":null,"12":null,"12.1":null,"0":null},"ie":{"5.5":0,"6":0,"7":0,"8":0.037584,"9":0.006264,"10":0.04176,"11":0.129456},"edge":{"12":0.027144,"13":0.029232,"14":0.033408,"15":0.027144,"16":0.106488,"17":0.016704,"18":null},"samsung":{"4":1.12403739326,"5":0.154684044944,"6.2":0.525925752809},"bb":{"7":0.071208,"10":0.284832},"ie_mob":{"10":0.175074042553,"11":1.36776595745},"and_uc":{"0":18.324192},"op_mini":{"0":31.1383013471},"and_chr":{"0":23.475896},"baidu":{"0":null},"and_ff":{"0":0.15824},"and_qq":{"1.2":null}},"total":86.0353885381}